RestaurantID,RestaurantName,City,Cuisine,RestaurantType,Rating,AverageCost,TotalOrders,CompletedOrders,CancelledOrders,CancellationRate,TotalRevenue,AverageOrderValue,AverageDeliveryTime,AverageCustomerRating,LateDeliveryRate,RestaurantPopularity,RevenueRankCity,PerformanceScore,PerformanceCategory
1,Curry Cafe,Vadodara,Healthy Food,Delivery Only,3.4,328.0,17,12,4,0.2353,6325.9,372.1117647058823,44.3125,3.5454545454545454,0.2353,51.2,23,0.4543,Poor
2,Curry Treats,Surat,Burgers,Delivery Only,,525.0,18,11,4,0.2222,7060.45,392.2472222222222,37.0,3.3333333333333335,0.0556,60.2,18,0.5533,Good
3,Blue Kitchen,Nashik,Healthy Food,Cloud Kitchen,4.3,171.0,16,12,3,0.1875,6229.75,389.359375,40.13333333333333,3.3333333333333335,0.125,41.9,24,0.5869,Good
4,The Grill,Nashik,Biryani,Dine-in & Delivery,3.3,258.0,20,10,5,0.25,8402.85,420.14250000000004,38.21052631578947,3.857142857142857,0.15,77.2,7,0.5108,Average
5,Golden Diner,Pune,Chinese,Dine-in,3.3,529.0,15,9,6,0.4,5791.95,386.13,38.93333333333333,3.4444444444444446,0.0667,32.4,37,0.3895,Poor
6,Green Corner,Nagpur,South Indian,Dine-in,3.6,500.0,9,3,3,0.3333,4000.5499999999997,444.50555555555553,33.666666666666664,4.4,0.1111,1.7,35,0.3629,Poor
7,Golden Grill,Bhubaneswar,Mughlai,Dine-in,3.5,381.0,11,6,2,0.1818,3463.0,314.8181818181818,36.5,4.0,0.0,5.9,49,0.3661,Poor
8,Green Diner,Mumbai,Desserts,Delivery Only,4.4,218.0,20,11,6,0.3,9420.2,471.01000000000005,34.3,2.923076923076923,0.1,77.2,3,0.6947,Top
9,Royal Cafe,Bhopal,Chinese,Cloud Kitchen,3.6,533.0,15,10,4,0.2667,5464.2,364.28,35.93333333333333,3.7,0.1333,32.4,35,0.4448,Poor
10,Green Grill,Bhubaneswar,Desserts,Delivery Only,3.7,487.0,15,9,4,0.2667,6755.85,450.39000000000004,39.333333333333336,3.5714285714285716,0.2,32.4,24,0.4957,Average
11,Urban Point,Jaipur,Bakery,Dine-in,3.9,148.0,23,15,8,0.3478,8323.8,361.9043478260869,37.30434782608695,3.1666666666666665,0.087,91.9,5,0.5983,Good
12,Spicy Kitchen,Mumbai,Seafood,Cloud Kitchen,4.6,430.0,14,10,3,0.2143,5853.0,418.07142857142856,40.57142857142857,3.6,0.2857,23.3,32,0.6065,Top
13,Blue Hub,Indore,South Indian,Dine-in & Delivery,4.7,517.0,19,11,4,0.2105,8011.95,421.6815789473684,41.1578947368421,2.857142857142857,0.2105,69.2,5,0.708,Top
14,Golden Treats,Visakhapatnam,Mexican,Dine-in & Delivery,4.6,654.0,16,11,3,0.1875,6223.650000000001,388.97812500000003,33.6875,4.4,0.0,41.9,29,0.6312,Top
15,Golden Grill,Surat,Mexican,Dine-in,4.5,405.0,19,12,4,0.2105,7114.15,374.428947368421,44.611111111111114,3.3333333333333335,0.1579,69.2,17,0.6533,Top
16,Green Corner,Bhopal,Fast Food,Delivery Only,4.8,,19,11,3,0.1579,7307.45,384.60263157894735,35.36842105263158,3.5833333333333335,0.0,69.2,14,0.7111,Top
17,Grand Point,Lucknow,Fast Food,Dine-in,4.1,622.0,21,14,6,0.2857,7268.25,346.10714285714283,36.38095238095238,3.5384615384615383,0.0952,83.6,20,0.5974,Good
18,Tasty Cafe,Kochi,Street Food,QSR,5.0,668.0,20,13,3,0.15,7588.55,379.4275,35.05,3.6666666666666665,0.1,77.2,17,0.7549,Top
19,Green Cafe,Ahmedabad,Mughlai,QSR,3.6,503.0,19,14,4,0.2105,7504.0,394.94736842105266,35.89473684210526,3.75,0.2105,69.2,20,0.5309,Average
20,Golden Point,Guwahati,Desserts,Delivery Only,3.2,743.0,12,10,2,0.1667,5270.55,439.21250000000003,35.166666666666664,4.5,0.1667,10.3,37,0.3796,Poor
21,Tasty Treats,Bhopal,Mexican,Dine-in & Delivery,2.3,415.0,19,13,4,0.2105,8253.85,434.41315789473686,33.833333333333336,3.8333333333333335,0.0526,69.2,7,0.3592,Poor
22,Blue Bites,Jaipur,Thai,Delivery Only,5.0,,22,13,7,0.3182,9517.45,432.61136363636365,40.61904761904762,3.2,0.0909,88.7,2,0.7939,Top
23,Royal House,Delhi,Desserts,Dine-in,4.1,211.0,16,13,2,0.125,5875.85,367.240625,42.0625,4.571428571428571,0.25,41.9,36,0.5568,Good
24,Urban House,Bhopal,Seafood,Dine-in & Delivery,4.6,267.0,14,6,5,0.3571,4742.4,338.74285714285713,30.714285714285715,3.25,0.0714,23.3,44,0.554,Good
25,Green Bites,Surat,Street Food,Cloud Kitchen,3.4,715.0,17,11,6,0.3529,7041.6,414.2117647058824,39.294117647058826,3.3636363636363638,0.1765,51.2,19,0.4566,Poor
26,Curry Bites,Bhopal,Mughlai,QSR,3.4,157.0,21,14,3,0.1429,7629.8,363.32380952380953,33.45,3.6875,0.0952,83.6,12,0.5253,Average
27,Urban Diner,Surat,Burgers,Cloud Kitchen,3.4,487.0,15,10,0,0.0,6549.45,436.63,42.733333333333334,3.25,0.2,32.4,30,0.4855,Average
28,Golden Grill,Nashik,Mexican,Cloud Kitchen,3.6,813.0,17,10,4,0.2353,6725.25,395.6029411764706,33.470588235294116,3.6666666666666665,0.1176,51.2,17,0.4951,Average
29,Curry Grill,Bhopal,Fast Food,Dine-in & Delivery,3.9,201.0,24,19,3,0.125,9626.25,401.09375,34.041666666666664,3.111111111111111,0.0417,94.5,3,0.6733,Top
30,Golden Grill,Delhi,Bakery,Dine-in & Delivery,3.0,630.0,23,14,7,0.3043,10953.75,476.25,40.43478260869565,3.4,0.1304,91.9,1,0.545,Good
31,Blue Corner,Ludhiana,Sushi,Dine-in,4.1,571.0,14,9,2,0.1429,6190.4,442.1714285714285,36.357142857142854,2.8181818181818183,0.1429,23.3,26,0.5525,Good
32,Urban Bites,Chennai,Pizza,Cloud Kitchen,3.7,480.0,23,15,7,0.3043,9678.8,420.8173913043478,35.34782608695652,3.2666666666666666,0.087,91.9,3,0.6131,Top
33,Urban Diner,Pune,Desserts,Dine-in,4.5,451.0,22,15,4,0.1818,10129.65,460.43863636363636,39.95454545454545,3.6470588235294117,0.1364,88.7,1,0.7574,Top
34,Golden Corner,Ahmedabad,South Indian,Delivery Only,3.3,594.0,15,7,7,0.4667,6239.85,415.99,34.6,3.8333333333333335,0.0,32.4,34,0.392,Poor
35,Curry Cafe,Nagpur,Italian,Delivery Only,3.7,643.0,15,11,3,0.2,6180.0,412.0,34.06666666666667,3.6,0.1333,32.4,22,0.4896,Average
36,Green Corner,Patna,Healthy Food,Dine-in,3.9,622.0,25,18,5,0.2,10212.65,408.506,35.32,3.6470588235294117,0.04,96.6,5,0.6836,Top
37,Urban Cafe,Vadodara,Thai,Dine-in & Delivery,4.2,709.0,22,18,3,0.1364,9985.0,453.8636363636364,37.40909090909091,3.8666666666666667,0.1364,88.7,1,0.7157,Top
38,Green Grill,Ahmedabad,Biryani,Dine-in,4.4,189.0,20,14,4,0.2,7942.900000000001,397.14500000000004,38.63157894736842,3.4285714285714284,0.15,77.2,16,0.6684,Top
39,Curry Hub,Ahmedabad,Seafood,Dine-in,3.0,,13,11,2,0.1538,5468.25,420.63461538461536,38.07692307692308,3.875,0.0769,16.2,42,0.3626,Poor
40,The Point,Pune,Desserts,Delivery Only,4.2,304.0,15,10,4,0.2667,5482.65,365.51,35.4,3.111111111111111,0.1333,32.4,40,0.5342,Average
41,The Bites,Guwahati,Healthy Food,Delivery Only,4.1,530.0,17,11,4,0.2353,6524.35,383.7852941176471,38.88235294117647,3.6666666666666665,0.1176,51.2,26,0.5635,Good
42,Royal Point,Chandigarh,Fast Food,QSR,3.9,323.0,18,12,4,0.2222,6206.3,344.7944444444445,36.529411764705884,3.909090909090909,0.0556,60.2,32,0.5321,Average
43,Curry Hub,Chandigarh,Seafood,Delivery Only,3.4,945.0,12,9,2,0.1667,4203.55,350.29583333333335,39.54545454545455,2.375,0.1667,10.3,48,0.3794,Poor
44,Royal Grill,Chandigarh,Bakery,QSR,2.8,202.0,35,21,9,0.2571,12778.9,365.1114285714286,34.05714285714286,3.590909090909091,0.1714,100.0,1,0.6355,Top
45,Spicy Cafe,Hyderabad,South Indian,Dine-in,5.0,243.0,19,13,3,0.1579,7724.3,429.1277777777778,37.611111111111114,3.1818181818181817,0.1053,69.2,7,0.7523,Top
46,Green Corner,Pune,Biryani,Cloud Kitchen,3.6,586.0,18,10,5,0.2778,6332.95,351.8305555555555,40.72222222222222,4.2,0.2222,60.2,29,0.4829,Average
47,Spicy Diner,Coimbatore,Healthy Food,QSR,,538.0,19,13,4,0.2105,7282.5,383.2894736842105,35.63157894736842,4.0,0.0526,69.2,22,0.5664,Good
48,Curry Grill,Coimbatore,Desserts,Dine-in,4.6,258.0,20,15,4,0.2,7849.0,392.45,38.05263157894737,3.5714285714285716,0.15,77.2,16,0.6954,Top
49,Blue Kitchen,Mumbai,Bakery,Dine-in & Delivery,4.0,439.0,10,7,0,0.0,4075.75,407.575,34.77777777777778,4.3,0.1,3.2,48,0.4794,Average
50,Spicy House,Surat,Italian,Cloud Kitchen,3.5,470.0,14,8,6,0.4286,5246.25,374.73214285714283,36.92857142857143,3.75,0.1429,23.3,46,0.3944,Poor
51,The Point,Nashik,Mexican,Dine-in,4.2,566.0,19,13,3,0.1579,6485.8,341.3578947368421,30.94736842105263,3.769230769230769,0.0,69.2,19,0.5992,Good
52,Urban Point,Bhopal,Pizza,QSR,4.4,441.0,15,7,6,0.4,6259.25,417.28333333333336,34.86666666666667,2.625,0.0,32.4,28,0.5655,Good
53,Urban Hub,Delhi,Desserts,Delivery Only,3.4,173.0,7,5,0,0.0,2461.75,351.67857142857144,45.857142857142854,3.142857142857143,0.2857,0.3,58,0.3299,Poor
54,Golden Cafe,Surat,South Indian,Cloud Kitchen,3.7,179.0,12,8,4,0.3333,4737.7,394.80833333333334,37.083333333333336,2.8333333333333335,0.25,10.3,50,0.4138,Poor
55,Tasty Point,Nashik,Italian,Delivery Only,3.5,213.0,21,13,5,0.2381,6427.45,306.06904761904764,31.904761904761905,3.533333333333333,0.0,83.6,22,0.4922,Average
56,Green Corner,Raipur,Burgers,Dine-in & Delivery,3.6,806.0,17,9,6,0.3529,6086.6,358.0352941176471,30.41176470588235,3.6,0.0,51.2,31,0.4596,Poor
57,Green Bites,Bengaluru,North Indian,Delivery Only,3.8,764.0,19,13,6,0.3158,7871.65,414.2973684210526,36.68421052631579,3.769230769230769,0.0526,69.2,11,0.555,Good
58,Royal Cafe,Ludhiana,Mexican,Cloud Kitchen,4.1,325.0,15,8,7,0.4667,4615.25,307.68333333333334,37.733333333333334,3.5,0.0,32.4,40,0.4651,Poor
59,The Bites,Bhopal,Italian,Delivery Only,3.8,119.0,23,13,8,0.3478,10504.05,456.69782608695647,35.17391304347826,3.1538461538461537,0.087,91.9,2,0.6444,Top
60,Blue Treats,Guwahati,Fast Food,Delivery Only,3.7,187.0,21,14,2,0.0952,7023.8,334.4666666666667,35.04761904761905,3.0,0.0476,83.6,20,0.5599,Good
61,Urban Cafe,Delhi,,QSR,4.2,363.0,21,13,7,0.3333,9129.15,434.72142857142853,36.38095238095238,3.25,0.0952,83.6,4,0.6571,Top
62,Green Diner,Visakhapatnam,Continental,Dine-in & Delivery,3.7,366.0,20,13,5,0.25,8154.349999999999,407.7175,35.94736842105263,3.076923076923077,0.15,77.2,10,0.5631,Good
63,Blue Treats,Coimbatore,Street Food,Dine-in,4.3,272.0,18,7,5,0.2778,5870.099999999999,326.1166666666666,35.5,3.4,0.0,60.2,36,0.5737,Good
64,Urban Treats,Guwahati,BBQ,QSR,3.4,518.0,18,9,8,0.4444,7581.65,421.2027777777778,37.94444444444444,4.0,0.1111,60.2,17,0.4632,Poor
65,Royal Cafe,Mumbai,BBQ,Dine-in & Delivery,4.4,516.0,18,12,3,0.1667,7445.2,413.6222222222222,40.0625,3.2142857142857144,0.1111,60.2,17,0.6492,Top
66,Curry Diner,Pune,BBQ,QSR,5.0,263.0,15,11,2,0.1333,5429.25,361.95,42.214285714285715,3.3846153846153846,0.2,32.4,41,0.6712,Top
67,Tasty Bites,Chandigarh,Chinese,Delivery Only,2.8,547.0,21,18,2,0.0952,7271.25,346.25,37.19047619047619,3.6875,0.2381,83.6,15,0.4335,Poor
68,Curry Diner,Kochi,Mughlai,Cloud Kitchen,3.8,544.0,12,9,1,0.0833,4159.45,346.62083333333334,35.36363636363637,3.6,0.1667,10.3,50,0.4499,Poor
69,Spicy Kitchen,Vadodara,Fast Food,Delivery Only,4.3,144.0,14,9,2,0.1429,5876.0,419.7142857142857,39.642857142857146,3.1,0.0714,23.3,28,0.5734,Good
70,Curry Hub,Ludhiana,Chinese,Cloud Kitchen,3.8,567.0,12,9,2,0.1667,5204.6,433.7166666666667,36.666666666666664,3.1,0.0833,10.3,38,0.4666,Poor
71,Tasty Hub,Lucknow,Fast Food,Delivery Only,4.0,414.0,22,15,3,0.1364,7445.5,338.4318181818182,38.04761904761905,4.105263157894737,0.1364,88.7,18,0.6151,Top
72,Grand Treats,Hyderabad,South Indian,Cloud Kitchen,4.3,649.0,16,10,3,0.1875,5504.1,344.00625,40.0625,3.4545454545454546,0.0625,41.9,30,0.5666,Good
73,The Corner,Kochi,Healthy Food,Dine-in & Delivery,2.9,765.0,23,15,6,0.2609,8985.55,390.6760869565217,40.22727272727273,3.357142857142857,0.087,91.9,7,0.4817,Average
74,Golden Hub,Bengaluru,Biryani,Dine-in & Delivery,3.3,569.0,20,9,7,0.35,7913.05,395.65250000000003,29.263157894736842,4.181818181818182,0.05,77.2,10,0.4821,Average
75,Urban Diner,Guwahati,Italian,QSR,3.7,700.0,25,16,6,0.24,10173.05,406.92199999999997,40.84,3.533333333333333,0.12,96.6,2,0.6469,Top
76,Blue Diner,Patna,Italian,QSR,4.3,567.0,18,12,6,0.3333,7919.05,439.94722222222225,44.22222222222222,3.727272727272727,0.3333,60.2,16,0.6226,Top
77,Tasty House,Pune,Healthy Food,Dine-in,4.0,342.0,17,10,7,0.4118,6133.5,360.79411764705884,36.5,3.2222222222222223,0.1765,51.2,31,0.5113,Average
78,Blue Treats,Pune,Biryani,Dine-in,3.4,173.0,14,10,1,0.0714,5157.1,368.36428571428576,29.53846153846154,3.1666666666666665,0.0,23.3,44,0.4307,Poor
79,Blue Point,Bhubaneswar,Burgers,QSR,3.6,632.0,10,7,1,0.1,4280.25,428.025,27.5,3.8333333333333335,0.0,3.2,46,0.4108,Poor
80,Royal Treats,Mumbai,Healthy Food,Dine-in,3.4,691.0,13,9,3,0.2308,5434.05,418.00384615384615,40.53846153846154,2.857142857142857,0.0769,16.2,34,0.4093,Poor
81,Royal Corner,Indore,Chinese,QSR,3.4,,11,7,1,0.0909,4711.85,428.35,29.0,3.1,0.0909,5.9,30,0.3998,Poor
82,Urban Corner,Raipur,Thai,Dine-in,4.1,655.0,16,13,2,0.125,6810.8,425.675,36.4375,4.076923076923077,0.125,41.9,24,0.5829,Good
83,Urban Cafe,Vadodara,Desserts,QSR,3.7,546.0,22,15,5,0.2273,9135.05,415.2295454545454,43.714285714285715,3.4375,0.2727,88.7,5,0.6043,Top
84,Green House,Indore,Mughlai,QSR,4.0,400.0,18,14,3,0.1667,8858.2,492.12222222222226,33.588235294117645,3.0,0.0,60.2,3,0.6294,Top
85,The House,Mumbai,North Indian,Delivery Only,3.4,538.0,15,9,5,0.3333,6202.5,413.5,32.8,3.6666666666666665,0.0,32.4,29,0.4258,Poor
86,Spicy Grill,Delhi,North Indian,Cloud Kitchen,3.9,386.0,13,10,2,0.1538,3967.0,305.15384615384613,38.61538461538461,2.5,0.1538,16.2,56,0.454,Poor
87,The Treats,Raipur,Fast Food,QSR,4.0,564.0,12,9,1,0.0833,3769.9,314.15833333333336,36.75,3.6666666666666665,0.0833,10.3,50,0.4687,Average
88,Royal Kitchen,Patna,Desserts,QSR,3.1,340.0,14,7,3,0.2143,5834.75,416.76785714285717,36.38461538461539,3.2,0.0714,23.3,39,0.3837,Poor
89,The Diner,Delhi,South Indian,Delivery Only,3.4,270.0,20,11,5,0.25,7630.0,381.5,36.333333333333336,3.1333333333333333,0.1,77.2,16,0.504,Average
90,Blue Kitchen,Visakhapatnam,BBQ,Dine-in & Delivery,3.5,669.0,19,14,3,0.1579,7584.35,399.1763157894737,33.63157894736842,3.8,0.0,69.2,15,0.5262,Average
91,The House,Bengaluru,Fast Food,QSR,4.1,230.0,16,11,3,0.1875,6141.55,383.846875,35.4375,3.9,0.0625,41.9,34,0.5548,Good
92,Tasty Diner,Chandigarh,Sushi,QSR,4.0,535.0,18,13,3,0.1667,7165.55,398.0861111111111,38.1764705882353,4.2,0.0556,60.2,17,0.5821,Good
93,Blue Treats,Delhi,Street Food,Cloud Kitchen,3.7,192.0,12,8,4,0.3333,4517.05,376.42083333333335,34.833333333333336,3.7142857142857144,0.0833,10.3,52,0.4076,Poor
94,Royal Diner,Chandigarh,Bakery,Cloud Kitchen,3.4,132.0,15,11,2,0.1333,5439.0,362.6,38.86666666666667,3.7,0.2,32.4,41,0.4344,Poor
95,Curry Hub,Bhopal,Pizza,QSR,5.0,104.0,17,11,3,0.1765,7757.25,456.30882352941177,41.0,4.5,0.1765,51.2,11,0.7401,Top
96,Grand Cafe,Kochi,South Indian,Dine-in & Delivery,3.3,445.0,15,9,6,0.4,6376.45,425.09666666666664,41.42857142857143,3.7142857142857144,0.0667,32.4,25,0.4058,Poor
97,Curry Hub,Patna,Continental,Dine-in & Delivery,3.0,218.0,10,8,2,0.2,4111.85,411.18500000000006,36.0,3.875,0.1,3.2,49,0.3022,Poor
98,Blue Grill,Delhi,Chinese,Delivery Only,4.0,490.0,18,10,6,0.3333,7015.6,389.7555555555556,35.27777777777778,4.181818181818182,0.1111,60.2,22,0.5529,Good
99,Golden Grill,Nashik,Sushi,Cloud Kitchen,4.1,593.0,18,10,7,0.3889,6442.2,357.9,38.27777777777778,3.2222222222222223,0.1111,60.2,21,0.5434,Good
100,Grand Treats,Kolkata,Mughlai,Dine-in,3.9,312.0,19,14,3,0.1579,8147.35,428.8078947368421,38.526315789473685,3.8125,0.1053,69.2,13,0.6012,Good
101,Curry Treats,Lucknow,Sushi,Delivery Only,4.1,728.0,15,7,7,0.4667,6709.7,447.31333333333333,30.5,3.4285714285714284,0.0,32.4,27,0.5236,Average
102,The Point,Bhubaneswar,Mughlai,Dine-in & Delivery,4.2,277.0,21,14,6,0.2857,8040.25,382.8690476190476,33.76190476190476,3.7857142857142856,0.0,83.6,13,0.6338,Top
103,Grand Treats,Patna,BBQ,Cloud Kitchen,4.2,561.0,13,8,4,0.3077,4724.15,363.3961538461538,36.76923076923077,3.0,0.0769,16.2,47,0.4965,Average
104,Royal Cafe,Kolkata,Seafood,QSR,,403.0,21,18,2,0.0952,6394.45,304.497619047619,32.19047619047619,3.4705882352941178,0.0476,83.6,33,0.5692,Good
105,Royal Grill,Delhi,,QSR,,682.0,16,8,6,0.375,7124.7,445.29375,32.86666666666667,2.75,0.0,41.9,19,0.5218,Average
106,Tasty Corner,Nashik,Italian,Dine-in & Delivery,3.6,158.0,19,11,4,0.2105,8078.05,425.16052631578947,36.63157894736842,4.0,0.0,69.2,9,0.5469,Good
107,Golden Kitchen,Vadodara,Seafood,Dine-in & Delivery,4.2,400.0,7,6,1,0.1429,2041.25,291.60714285714283,46.333333333333336,2.6666666666666665,0.2857,0.3,40,0.4152,Poor
108,Spicy Hub,Jaipur,Chinese,Cloud Kitchen,4.0,488.0,12,8,4,0.3333,4755.8,396.31666666666666,31.166666666666668,3.857142857142857,0.0833,10.3,39,0.4587,Poor
109,Urban Point,Kolkata,South Indian,QSR,4.0,367.0,19,11,7,0.3684,7267.55,382.5026315789474,30.72222222222222,3.6666666666666665,0.0526,69.2,26,0.5599,Good
110,Royal Point,Ludhiana,Biryani,Dine-in,4.4,280.0,16,12,2,0.125,5605.1,350.31875,39.0625,3.6153846153846154,0.0,41.9,32,0.5937,Good
111,Spicy Grill,Chennai,Desserts,Dine-in,4.0,528.0,13,9,3,0.2308,5708.3,439.1,40.38461538461539,4.1,0.3077,16.2,35,0.5059,Average
112,The Grill,Kolkata,Pizza,QSR,3.8,608.0,20,14,3,0.15,7645.75,382.2875,34.7,3.6,0.1,77.2,21,0.5787,Good
113,Grand House,Ahmedabad,Biryani,Dine-in,3.7,909.0,19,8,10,0.5263,7048.1,370.9526315789474,27.31578947368421,3.125,0.0,69.2,22,0.4856,Average
114,Green Bites,Pune,BBQ,Delivery Only,4.0,697.0,16,10,5,0.3125,6353.85,397.115625,38.9375,2.8,0.1875,41.9,28,0.5272,Average
115,Curry Diner,Kochi,Continental,Delivery Only,4.3,734.0,21,17,4,0.1905,8172.55,389.1690476190476,41.42857142857143,3.3076923076923075,0.2857,83.6,12,0.6666,Top
116,Curry Corner,Vadodara,Street Food,Dine-in,3.9,675.0,16,8,6,0.375,7171.5,448.21875,36.375,3.625,0.0,41.9,12,0.5258,Average
117,Spicy Point,Jaipur,Mughlai,Delivery Only,4.6,507.0,10,6,3,0.3,3547.0,354.7,33.0,3.0,0.0,3.2,42,0.5085,Average
118,Blue Kitchen,Coimbatore,Healthy Food,Cloud Kitchen,,815.0,18,13,3,0.1667,6678.25,371.0138888888889,36.666666666666664,3.272727272727273,0.0556,60.2,29,0.5509,Good
119,Urban Kitchen,Kolkata,Fast Food,Delivery Only,3.9,465.0,8,7,0,0.0,2909.75,363.71875,37.375,3.2857142857142856,0.125,0.8,51,0.4216,Poor
120,Grand Treats,Lucknow,South Indian,Dine-in,4.0,293.0,21,12,6,0.2857,7833.8,373.03809523809525,33.55,3.857142857142857,0.0952,83.6,12,0.5984,Good
121,Grand Kitchen,Bengaluru,BBQ,QSR,4.1,519.0,19,13,5,0.2632,8010.5,421.60526315789474,38.31578947368421,3.5,0.1053,69.2,9,0.6112,Top
122,Spicy House,Vadodara,Fast Food,Dine-in,3.9,436.0,14,6,7,0.5,4976.05,355.4321428571429,36.714285714285715,3.25,0.0,23.3,33,0.4354,Poor
123,Grand Diner,Ludhiana,Desserts,Dine-in,3.8,373.0,17,7,9,0.5294,6907.95,406.34999999999997,35.529411764705884,3.5,0.0588,51.2,20,0.4857,Average
124,Golden Kitchen,Surat,Desserts,Cloud Kitchen,4.3,508.0,21,12,6,0.2857,8185.5,389.7857142857143,29.714285714285715,3.0714285714285716,0.0476,83.6,9,0.6527,Top
125,Grand Bites,Visakhapatnam,Mexican,Dine-in & Delivery,4.4,345.0,12,10,1,0.0833,5285.25,440.4375,39.63636363636363,3.111111111111111,0.0833,10.3,39,0.5703,Good
126,Green Bites,Bhubaneswar,Bakery,QSR,4.5,628.0,14,11,2,0.1429,5915.1,422.50714285714287,36.84615384615385,3.25,0.1429,23.3,33,0.6041,Top
127,The Treats,Bengaluru,Fast Food,Dine-in & Delivery,3.8,316.0,18,13,3,0.1667,8284.7,460.2611111111112,36.94444444444444,3.3333333333333335,0.0,60.2,7,0.5837,Good
128,Tasty Hub,Lucknow,Mughlai,Delivery Only,4.2,132.0,23,14,5,0.2174,8274.4,359.7565217391304,36.65217391304348,3.533333333333333,0.1304,91.9,8,0.661,Top
129,Spicy House,Pune,Mexican,Cloud Kitchen,3.7,505.0,16,10,5,0.3125,5695.75,355.984375,36.875,3.8181818181818183,0.1875,41.9,38,0.4644,Poor
130,Blue Hub,Surat,Desserts,Delivery Only,3.8,235.0,14,9,2,0.1429,5616.8,401.2,33.642857142857146,3.5555555555555554,0.0714,23.3,41,0.4921,Average
131,Curry Cafe,Chennai,Fast Food,Dine-in,3.9,250.0,19,9,8,0.4211,7338.85,386.2552631578948,39.666666666666664,3.888888888888889,0.0526,69.2,14,0.5391,Good
132,The Corner,Bhopal,Bakery,Dine-in & Delivery,4.0,371.0,12,10,1,0.0833,5059.95,421.66249999999997,40.166666666666664,3.7,0.3333,10.3,42,0.5047,Average
133,Curry Cafe,Ahmedabad,Chinese,QSR,3.8,285.0,18,12,2,0.1111,6548.25,363.7916666666667,39.833333333333336,3.6666666666666665,0.1667,60.2,25,0.5435,Good
134,Curry Corner,Ludhiana,South Indian,Dine-in & Delivery,4.3,420.0,17,10,4,0.2353,5949.8,349.98823529411766,36.588235294117645,3.4444444444444446,0.0588,51.2,28,0.5771,Good
135,Golden Hub,Bengaluru,Thai,Dine-in & Delivery,3.5,425.0,25,21,1,0.04,9077.15,363.086,36.130434782608695,4.142857142857143,0.16,96.6,5,0.6166,Top
136,The Corner,Patna,Street Food,Delivery Only,4.8,516.0,19,14,3,0.1579,7475.5,393.44736842105266,33.421052631578945,3.923076923076923,0.1053,69.2,20,0.7158,Top
137,Grand Diner,Ahmedabad,Mughlai,Delivery Only,4.4,127.0,16,14,2,0.125,5877.75,367.359375,42.625,3.3333333333333335,0.25,41.9,38,0.6013,Top
138,Green Hub,Hyderabad,Thai,Dine-in,3.8,250.0,16,10,3,0.1875,6805.65,425.353125,40.13333333333333,3.0,0.125,41.9,18,0.5289,Average
139,Urban Grill,Mumbai,South Indian,QSR,3.6,296.0,15,9,4,0.2667,6411.6,427.44,30.666666666666668,4.0,0.0667,32.4,25,0.4712,Average
140,Curry Kitchen,Visakhapatnam,Seafood,QSR,4.5,593.0,13,10,1,0.0769,5070.55,390.0423076923077,32.92307692307692,4.4,0.1538,16.2,41,0.5852,Good
141,Blue Kitchen,Raipur,Continental,Dine-in,,357.0,14,9,2,0.1429,5892.05,420.8607142857143,42.357142857142854,3.0,0.1429,23.3,33,0.5118,Average
142,Blue House,Bhopal,Healthy Food,Delivery Only,4.1,628.0,15,13,2,0.1333,5454.5,363.6333333333333,34.357142857142854,3.0833333333333335,0.1333,32.4,36,0.5386,Good
143,The Cafe,Raipur,BBQ,Dine-in,4.4,577.0,19,14,3,0.1579,5568.1,293.0578947368421,37.588235294117645,3.9285714285714284,0.1579,69.2,35,0.6032,Top
144,Royal Point,Jaipur,Bakery,Dine-in,4.8,535.0,21,12,7,0.3333,7925.75,377.4166666666667,35.476190476190474,3.25,0.1429,83.6,9,0.7124,Top
145,Blue Grill,Mumbai,Italian,Dine-in,3.7,287.0,12,9,3,0.25,4923.55,410.29583333333335,37.27272727272727,3.2857142857142856,0.25,10.3,39,0.4315,Poor
146,Golden Bites,Jaipur,North Indian,QSR,3.4,208.0,21,17,1,0.0476,7213.5,343.5,34.76190476190476,3.95,0.1429,83.6,15,0.5279,Average
147,Blue Treats,Bhopal,Street Food,Cloud Kitchen,4.2,768.0,17,15,1,0.0588,6345.7,373.27647058823527,36.75,3.357142857142857,0.1176,51.2,27,0.5998,Good
148,Tasty Grill,Hyderabad,Burgers,Dine-in,4.0,815.0,13,8,4,0.3077,6324.95,486.5346153846154,38.15384615384615,3.1666666666666665,0.0769,16.2,23,0.5116,Average
149,Blue Kitchen,Pune,Fast Food,Cloud Kitchen,3.9,571.0,19,11,5,0.2632,7480.95,393.7342105263158,42.72222222222222,3.1666666666666665,0.2632,69.2,14,0.5668,Good
150,Green Point,Pune,North Indian,Dine-in & Delivery,3.1,612.0,14,9,3,0.2143,4843.35,345.9535714285715,41.285714285714285,3.7777777777777777,0.1429,23.3,46,0.356,Poor
151,Royal Bites,Chennai,Italian,Cloud Kitchen,3.6,616.0,14,10,3,0.2143,5392.65,385.1892857142857,39.5,3.2222222222222223,0.2143,23.3,38,0.4455,Poor
152,Green Treats,Pune,Healthy Food,Dine-in,4.5,510.0,16,12,4,0.25,6184.8,386.55,31.875,3.4,0.0,41.9,30,0.6059,Top
153,Urban House,Kolkata,Continental,QSR,4.1,473.0,15,12,2,0.1333,6206.05,413.7366666666667,40.333333333333336,3.6923076923076925,0.3333,32.4,38,0.5596,Good
154,Urban Diner,Ludhiana,Sushi,Cloud Kitchen,4.2,824.0,17,9,6,0.3529,6440.1,378.8294117647059,40.0625,3.1,0.1176,51.2,22,0.5583,Good
155,Urban House,Raipur,Italian,Cloud Kitchen,3.9,482.0,20,16,3,0.15,6749.8,337.49,38.7,3.4375,0.25,77.2,25,0.5685,Good
156,Curry Diner,Bhopal,Street Food,Cloud Kitchen,,534.0,14,8,2,0.1429,5350.5,382.17857142857144,36.0,3.0,0.1429,23.3,38,0.4967,Average
157,Spicy Corner,Patna,Pizza,Delivery Only,3.5,410.0,12,8,2,0.1667,5161.45,430.12083333333334,36.583333333333336,3.625,0.1667,10.3,45,0.421,Poor
158,Blue Grill,Raipur,Thai,Dine-in,4.1,126.0,14,7,6,0.4286,5317.25,379.80357142857144,34.642857142857146,4.333333333333333,0.1429,23.3,38,0.4853,Average
159,The Point,Surat,Thai,Delivery Only,4.1,500.0,13,9,3,0.2308,4610.8,354.6769230769231,34.23076923076923,2.5555555555555554,0.0,16.2,52,0.49,Average
160,Royal House,Vadodara,Desserts,QSR,4.3,322.0,18,10,4,0.2222,6942.45,385.69166666666666,38.705882352941174,3.230769230769231,0.0556,60.2,15,0.612,Top
161,Royal Treats,Kolkata,North Indian,Dine-in,4.5,510.0,22,13,6,0.2727,9388.6,426.75454545454545,37.27272727272727,4.181818181818182,0.1364,88.7,3,0.7231,Top
162,Royal Cafe,Chandigarh,Pizza,Dine-in,,176.0,12,9,3,0.25,4805.1,400.425,32.0,3.888888888888889,0.0,10.3,46,0.4551,Poor
163,Golden Kitchen,Kochi,BBQ,Delivery Only,3.6,624.0,14,10,4,0.2857,4988.4,356.3142857142857,39.214285714285715,2.8,0.2143,23.3,39,0.4235,Poor
164,Urban Point,Kolkata,Seafood,Dine-in & Delivery,4.1,100.0,17,6,10,0.5882,6551.85,385.4029411764706,33.75,3.6666666666666665,0.0588,51.2,31,0.5114,Average
165,Royal Hub,Vadodara,Mexican,Dine-in & Delivery,3.7,475.0,17,10,4,0.2353,6678.85,392.8735294117647,39.11764705882353,3.4444444444444446,0.1765,51.2,17,0.5086,Average
166,Golden Corner,Ludhiana,Mexican,Cloud Kitchen,4.9,707.0,26,18,8,0.3077,10297.65,396.0634615384615,32.15384615384615,3.6470588235294117,0.0385,98.0,3,0.8232,Top
167,Grand House,Mumbai,Italian,Delivery Only,3.8,486.0,12,10,2,0.1667,4366.5,363.875,40.083333333333336,4.222222222222222,0.25,10.3,43,0.4432,Poor
168,Green Kitchen,Vadodara,BBQ,Cloud Kitchen,3.2,100.0,8,6,2,0.25,2893.95,361.74375,44.125,4.0,0.25,0.8,39,0.28,Poor
169,The Corner,Raipur,South Indian,QSR,3.7,650.0,24,12,9,0.375,9562.25,398.4270833333333,40.416666666666664,4.076923076923077,0.0417,94.5,3,0.6044,Top
170,Grand Point,Coimbatore,Continental,Delivery Only,4.0,300.0,17,14,1,0.0588,6728.2,395.77647058823527,40.0,3.466666666666667,0.2353,51.2,28,0.5809,Good
171,Green Hub,Ahmedabad,Burgers,Cloud Kitchen,4.4,808.0,19,9,6,0.3158,8156.05,429.2657894736842,33.78947368421053,2.6666666666666665,0.0,69.2,14,0.6518,Top
172,Green Diner,Nashik,Burgers,Dine-in,3.2,439.0,15,13,1,0.0667,5386.1,359.0733333333334,32.266666666666666,3.5384615384615383,0.0667,32.4,32,0.4133,Poor
173,Grand Cafe,Raipur,Continental,QSR,3.6,458.0,19,15,1,0.0526,7079.45,372.60263157894735,32.94736842105263,4.4,0.0,69.2,21,0.5427,Good
174,Urban Cafe,Visakhapatnam,Sushi,Dine-in & Delivery,,1008.0,20,13,5,0.25,7937.7,396.885,37.68421052631579,3.2,0.15,77.2,14,0.584,Good
175,Tasty Bites,Kochi,Burgers,Dine-in,3.8,510.0,24,18,4,0.1667,9468.8,394.5333333333333,39.0,3.8125,0.1667,94.5,5,0.6478,Top
176,The Corner,Visakhapatnam,Healthy Food,QSR,4.0,199.0,13,8,0,0.0,5155.2,396.55384615384617,37.27272727272727,3.076923076923077,0.0769,16.2,40,0.5251,Average
177,Royal Hub,Bengaluru,North Indian,Cloud Kitchen,4.0,155.0,12,7,3,0.25,4622.7,385.22499999999997,31.666666666666668,3.125,0.0833,10.3,45,0.4675,Poor
178,Blue Kitchen,Vadodara,South Indian,Dine-in,4.8,630.0,20,14,5,0.25,8548.75,427.4375,35.6,3.4166666666666665,0.05,77.2,8,0.7371,Top
179,The Point,Bhubaneswar,Desserts,Dine-in & Delivery,3.6,416.0,19,11,8,0.4211,6447.45,339.33947368421053,35.05263157894737,3.0,0.0526,69.2,28,0.4698,Average
180,Golden Cafe,Guwahati,Mughlai,Delivery Only,4.4,504.0,15,9,6,0.4,6727.8,448.52000000000004,34.5,3.5,0.0667,32.4,24,0.5786,Good
181,Royal Corner,Guwahati,South Indian,Dine-in,3.1,483.0,18,12,2,0.1111,6519.7,362.2055555555555,39.388888888888886,3.4615384615384617,0.1111,60.2,27,0.439,Poor
182,Urban Treats,Hyderabad,Fast Food,Dine-in & Delivery,4.4,100.0,16,12,3,0.1875,5435.15,339.696875,39.625,3.6923076923076925,0.125,41.9,31,0.5795,Good
183,Grand Treats,Delhi,Healthy Food,Dine-in & Delivery,4.0,282.0,15,11,4,0.2667,5300.15,353.3433333333333,47.23076923076923,2.857142857142857,0.2,32.4,44,0.4994,Average
184,Urban Treats,Kolkata,Thai,QSR,4.5,359.0,15,10,4,0.2667,4989.95,332.6633333333333,41.214285714285715,3.1818181818181817,0.2,32.4,46,0.5649,Good
185,Curry Cafe,Ludhiana,Sushi,QSR,3.6,615.0,21,13,5,0.2381,8029.8,382.37142857142857,37.142857142857146,4.166666666666667,0.0952,83.6,12,0.5518,Good
186,The Kitchen,Delhi,Italian,Cloud Kitchen,3.5,466.0,14,10,2,0.1429,4118.25,294.1607142857143,51.142857142857146,3.6666666666666665,0.4286,23.3,54,0.4058,Poor
187,Curry House,Guwahati,Healthy Food,Cloud Kitchen,4.0,411.0,17,10,4,0.2353,6147.85,361.6382352941177,35.76470588235294,3.8333333333333335,0.0588,51.2,32,0.5382,Good
188,Curry Hub,Patna,South Indian,Dine-in,3.2,275.0,15,7,5,0.3333,5862.2,390.81333333333333,33.266666666666666,3.375,0.0,32.4,37,0.3866,Poor
189,The Diner,Hyderabad,Bakery,Cloud Kitchen,3.8,100.0,24,16,6,0.25,8542.7,355.9458333333334,36.916666666666664,3.8823529411764706,0.0833,94.5,4,0.6095,Top
190,Urban Hub,Guwahati,Street Food,Delivery Only,3.9,397.0,17,10,5,0.2941,7022.849999999999,413.1088235294117,37.46666666666667,3.5454545454545454,0.0,51.2,21,0.539,Good
191,Curry Treats,Vadodara,Mughlai,Dine-in & Delivery,4.2,579.0,21,14,6,0.2857,8416.05,400.7642857142857,34.857142857142854,3.5714285714285716,0.0952,83.6,9,0.6443,Top
192,Blue Bites,Coimbatore,Burgers,Dine-in & Delivery,3.3,346.0,22,17,3,0.1364,7245.2,329.3272727272727,41.285714285714285,3.1875,0.1818,88.7,23,0.5058,Average
193,Spicy Kitchen,Bhopal,Seafood,Cloud Kitchen,3.4,344.0,13,10,1,0.0769,5067.35,389.79615384615386,48.38461538461539,3.7,0.3077,16.2,41,0.4222,Poor
194,Tasty Diner,Pune,Italian,Cloud Kitchen,3.8,673.0,17,14,1,0.0588,7635.4,449.1411764705882,33.875,3.909090909090909,0.0,51.2,10,0.5766,Good
195,Urban Bites,Jaipur,BBQ,Dine-in & Delivery,3.6,627.0,23,20,3,0.1304,7911.75,343.9891304347826,42.95238095238095,3.2941176470588234,0.2174,91.9,10,0.575,Good
196,Spicy Kitchen,Chennai,Street Food,Cloud Kitchen,4.0,727.0,14,8,5,0.3571,4993.75,356.69642857142856,37.214285714285715,3.0,0.0714,23.3,41,0.4722,Average
197,Golden Diner,Lucknow,Chinese,Delivery Only,3.7,287.0,16,12,1,0.0625,6455.95,403.496875,36.3125,3.2857142857142856,0.125,41.9,32,0.5231,Average
198,Grand Bites,Ludhiana,BBQ,Delivery Only,4.0,128.0,20,13,3,0.15,8388.6,419.43,35.36842105263158,3.769230769230769,0.1,77.2,9,0.6291,Top
199,Spicy Treats,Coimbatore,Sushi,Dine-in,4.0,563.0,12,6,2,0.1667,4820.0,401.6666666666667,33.09090909090909,4.111111111111111,0.0833,10.3,43,0.4855,Average
200,Golden Bites,Chennai,Healthy Food,Dine-in & Delivery,4.4,531.0,17,8,6,0.3529,5809.95,341.76176470588234,35.470588235294116,3.5,0.0588,51.2,34,0.5704,Good
201,Green Bites,Hyderabad,Desserts,Dine-in & Delivery,3.8,838.0,13,7,3,0.2308,4908.7,377.59230769230766,34.23076923076923,3.8333333333333335,0.0,16.2,40,0.4539,Poor
202,Green Hub,Kochi,Desserts,Dine-in,3.9,238.0,21,14,4,0.1905,8068.75,384.2261904761905,35.42857142857143,4.125,0.1429,83.6,13,0.6045,Top
203,The Grill,Chandigarh,Desserts,Dine-in,3.9,181.0,17,12,4,0.2353,6629.2,389.9529411764706,35.0,4.384615384615385,0.1176,51.2,25,0.5368,Good
204,Golden Bites,Indore,Healthy Food,Dine-in & Delivery,3.3,498.0,21,14,4,0.1905,7924.6,377.3619047619048,43.57142857142857,3.142857142857143,0.1905,83.6,7,0.5115,Average
205,Urban House,Chandigarh,Mughlai,Delivery Only,3.2,326.0,17,15,2,0.1176,6639.6,390.56470588235294,37.5625,3.4166666666666665,0.1765,51.2,24,0.4511,Poor
206,Blue Bites,Jaipur,Burgers,Dine-in & Delivery,3.3,478.0,21,14,6,0.2857,9190.95,437.66428571428577,32.65,3.6923076923076925,0.0476,83.6,4,0.5326,Average
207,Grand Cafe,Mumbai,Biryani,Delivery Only,3.5,556.0,20,11,5,0.25,7125.75,356.2875,33.36842105263158,3.857142857142857,0.05,77.2,18,0.5047,Average
208,The Diner,Visakhapatnam,Mexican,Dine-in,4.1,189.0,20,12,4,0.2,6098.25,304.9125,36.0,3.625,0.1,77.2,32,0.5724,Good
209,Green Kitchen,Bhubaneswar,Continental,QSR,4.4,415.0,18,12,3,0.1667,7081.45,393.4138888888889,39.833333333333336,3.8461538461538463,0.1111,60.2,20,0.639,Top
210,Blue Corner,Patna,Bakery,Cloud Kitchen,3.3,524.0,12,5,4,0.3333,5335.85,444.6541666666667,33.36363636363637,3.7142857142857144,0.0,10.3,43,0.3712,Poor
211,Royal Hub,Visakhapatnam,Continental,Cloud Kitchen,4.8,410.0,13,10,1,0.0769,5023.15,386.3961538461538,32.07692307692308,3.5454545454545454,0.0769,16.2,43,0.6284,Top
212,Grand Hub,Hyderabad,Seafood,QSR,3.1,634.0,15,10,3,0.2,5033.9,335.5933333333333,36.285714285714285,3.0833333333333335,0.1333,32.4,35,0.3687,Poor
213,Green Hub,Chennai,Burgers,QSR,4.7,233.0,19,9,4,0.2105,6612.25,348.0131578947368,40.73684210526316,2.4166666666666665,0.1579,69.2,23,0.6689,Top
214,Urban Kitchen,Indore,Street Food,Dine-in,3.5,457.0,11,9,1,0.0909,4419.0,401.72727272727275,39.90909090909091,3.7,0.1818,5.9,34,0.4064,Poor
215,Urban Kitchen,Pune,Mexican,QSR,2.9,866.0,21,14,6,0.2857,8368.35,398.49285714285713,41.80952380952381,4.363636363636363,0.1905,83.6,6,0.4504,Poor
216,Green Kitchen,Indore,Street Food,QSR,3.9,458.0,15,10,3,0.2,5580.75,372.05,41.46666666666667,3.6363636363636362,0.2,32.4,24,0.5025,Average
217,The Treats,Bhubaneswar,Pizza,Delivery Only,4.1,398.0,20,12,8,0.4,7419.05,370.9525,34.5,3.7777777777777777,0.05,77.2,18,0.5793,Good
218,Green Grill,Guwahati,Bakery,Cloud Kitchen,3.6,261.0,20,12,4,0.2,8189.849999999999,409.49249999999995,39.421052631578945,2.923076923076923,0.15,77.2,11,0.5568,Good
219,The Bites,Chandigarh,Seafood,Cloud Kitchen,3.3,531.0,16,12,4,0.25,6097.1,381.06875,32.625,3.6363636363636362,0.0,41.9,33,0.4257,Poor
220,Golden Bites,Raipur,North Indian,Cloud Kitchen,4.6,639.0,14,11,2,0.1429,5536.6,395.4714285714286,39.142857142857146,3.5833333333333335,0.1429,23.3,36,0.6083,Top
221,Curry House,Guwahati,Seafood,Cloud Kitchen,3.8,411.0,14,9,3,0.2143,4804.4,343.1714285714285,33.57142857142857,2.875,0.0,23.3,40,0.4587,Poor
222,Golden Grill,Patna,Sushi,Dine-in & Delivery,4.7,290.0,24,16,5,0.2083,9390.25,391.2604166666667,39.34782608695652,3.5,0.2083,94.5,7,0.7727,Top
223,Green Diner,Surat,North Indian,Cloud Kitchen,3.1,500.0,20,13,4,0.2,8255.5,412.775,33.5,3.1818181818181817,0.1,77.2,8,0.4846,Average
224,Royal Diner,Mumbai,Bakery,Dine-in,4.3,100.0,20,11,7,0.35,6288.35,314.4175,30.8,3.0,0.0,77.2,26,0.5849,Good
225,Urban House,Ludhiana,Bakery,Delivery Only,4.1,224.0,15,7,5,0.3333,6039.3,402.62,39.57142857142857,3.875,0.2,32.4,27,0.5249,Average
226,Golden House,Chandigarh,Burgers,Dine-in,3.2,392.0,19,10,6,0.3158,6568.3,345.7,35.26315789473684,4.3076923076923075,0.0526,69.2,28,0.4297,Poor
227,Green Point,Nagpur,Bakery,Dine-in,3.3,100.0,10,7,1,0.1,3811.45,381.145,37.4,4.0,0.0,3.2,36,0.3533,Poor
228,Curry Kitchen,Nagpur,Mughlai,Delivery Only,4.0,441.0,15,7,5,0.3333,5685.45,379.03,43.666666666666664,4.0,0.2667,32.4,25,0.5002,Average
229,Green Cafe,Delhi,Healthy Food,Cloud Kitchen,3.0,168.0,17,11,5,0.2941,5875.55,345.6205882352941,31.58823529411765,2.7142857142857144,0.0,51.2,37,0.3736,Poor
230,The Diner,Chennai,North Indian,Cloud Kitchen,4.1,555.0,18,12,2,0.1111,6168.35,342.68611111111113,39.111111111111114,3.8666666666666667,0.1667,60.2,30,0.5774,Good
231,The Diner,Mumbai,Desserts,Delivery Only,2.6,197.0,17,15,2,0.1176,6542.8,384.8705882352941,35.1764705882353,3.7142857142857144,0.0588,51.2,24,0.3595,Poor
232,Curry Treats,Kolkata,Healthy Food,Delivery Only,3.9,534.0,22,16,5,0.2273,8106.8,368.4909090909091,38.72727272727273,3.642857142857143,0.1364,88.7,15,0.6052,Top
233,Grand Hub,Bhubaneswar,Thai,Dine-in,4.1,570.0,19,12,4,0.2105,7977.9,419.8894736842105,37.27777777777778,3.4285714285714284,0.1053,69.2,14,0.6182,Top
234,Blue Corner,Patna,Seafood,Dine-in & Delivery,3.5,485.0,16,11,1,0.0625,6216.5,388.53125,38.875,4.266666666666667,0.125,41.9,33,0.4868,Average
235,Curry Hub,Bhubaneswar,Mughlai,Dine-in & Delivery,3.7,337.0,15,13,1,0.0667,6095.45,406.36333333333334,35.4,4.0,0.1333,32.4,31,0.5072,Average
236,Curry Treats,Visakhapatnam,,QSR,3.1,509.0,18,15,2,0.1111,8366.9,464.8277777777778,34.1764705882353,3.125,0.0556,60.2,7,0.4907,Average
237,Blue Point,Jaipur,Pizza,QSR,3.1,215.0,17,7,4,0.2353,6927.9,407.5235294117647,35.1764705882353,3.5833333333333335,0.0,51.2,19,0.4266,Poor
238,Blue Bites,Indore,Seafood,Dine-in,4.2,416.0,17,13,3,0.1765,6481.75,381.27941176470586,33.75,3.5384615384615383,0.1176,51.2,17,0.586,Good
239,Green Corner,Nashik,Thai,Dine-in,4.4,382.0,13,6,5,0.3846,4527.1,348.2384615384616,39.0,3.8333333333333335,0.0769,16.2,39,0.5091,Average
240,Royal Kitchen,Pune,Healthy Food,QSR,3.6,679.0,13,11,0,0.0,5406.35,415.87307692307695,35.15384615384615,3.6,0.1538,16.2,42,0.4728,Average
241,The Diner,Raipur,Fast Food,Cloud Kitchen,3.7,506.0,18,11,4,0.2222,5629.6,312.7555555555556,39.0,3.9285714285714284,0.0556,60.2,34,0.4864,Average
242,Golden Cafe,Nagpur,South Indian,Dine-in,3.8,474.0,23,19,2,0.087,8800.9,382.6478260869565,40.56521739130435,3.388888888888889,0.1739,91.9,4,0.636,Top
243,Tasty Grill,Vadodara,Seafood,Cloud Kitchen,3.8,625.0,23,16,4,0.1739,8330.3,362.1869565217391,41.0,3.8125,0.2609,91.9,10,0.6098,Top
244,Blue Bites,Patna,Mexican,Delivery Only,3.9,383.0,22,13,6,0.2727,7954.75,361.57954545454544,36.72727272727273,3.923076923076923,0.1364,88.7,14,0.5941,Good
245,Curry House,Lucknow,Fast Food,Delivery Only,4.0,140.0,15,10,3,0.2,6024.95,401.6633333333333,31.0,3.8,0.0,32.4,36,0.5297,Average
246,Tasty Treats,Bhopal,Sushi,Cloud Kitchen,4.4,148.0,17,11,3,0.1765,6457.7,379.86470588235295,37.35294117647059,3.1666666666666665,0.1765,51.2,25,0.6149,Top
247,Grand House,Nashik,South Indian,QSR,3.6,359.0,16,13,2,0.125,6099.9,381.24375,42.4375,3.6666666666666665,0.25,41.9,26,0.489,Average
248,Grand Corner,Lucknow,North Indian,Dine-in & Delivery,4.0,774.0,15,11,2,0.1333,4865.25,324.35,42.4,4.4,0.3333,32.4,45,0.5073,Average
249,Tasty Grill,Pune,Mughlai,Cloud Kitchen,4.4,155.0,9,4,3,0.3333,3032.2,336.9111111111111,32.888888888888886,4.333333333333333,0.1111,1.7,54,0.4543,Poor
250,Tasty Treats,Kochi,South Indian,Cloud Kitchen,3.5,170.0,14,11,2,0.1429,4279.95,305.7107142857143,34.714285714285715,3.090909090909091,0.1429,23.3,48,0.4103,Poor
251,Green Hub,Mumbai,Chinese,Cloud Kitchen,3.3,331.0,11,8,2,0.1818,4836.65,439.69545454545454,38.09090909090909,3.2222222222222223,0.0909,5.9,41,0.3748,Poor
252,The Bites,Kolkata,South Indian,Cloud Kitchen,4.6,400.0,19,12,5,0.2632,8587.6,451.9789473684211,37.0,3.25,0.0,69.2,8,0.7014,Top
253,Urban Bites,Jaipur,Mexican,QSR,,495.0,15,8,5,0.3333,5988.7,399.24666666666667,42.53333333333333,3.6666666666666665,0.0667,32.4,24,0.4911,Average
254,Curry Grill,Pune,Healthy Food,QSR,3.4,435.0,15,7,4,0.2667,5577.2,371.81333333333333,37.266666666666666,3.7,0.0667,32.4,39,0.4183,Poor
255,Tasty Corner,Kochi,BBQ,Dine-in & Delivery,4.0,941.0,25,18,3,0.12,10711.65,428.466,37.875,3.736842105263158,0.08,96.6,2,0.7244,Top
256,The Hub,Kochi,Sushi,Cloud Kitchen,4.4,779.0,24,19,3,0.125,8984.5,374.3541666666667,37.583333333333336,3.65,0.0417,94.5,8,0.7295,Top
257,Grand Hub,Raipur,South Indian,Dine-in & Delivery,3.9,555.0,24,13,7,0.2917,9032.85,376.36875000000003,35.75,3.25,0.0833,94.5,5,0.6317,Top
258,Blue Hub,Bhopal,Biryani,Dine-in & Delivery,4.0,100.0,14,9,2,0.1429,5180.849999999999,370.06071428571425,40.785714285714285,4.2727272727272725,0.0714,23.3,40,0.5095,Average
259,Green Treats,Nagpur,Healthy Food,Delivery Only,2.7,225.0,15,10,3,0.2,4743.3,316.22,41.4,3.5454545454545454,0.0667,32.4,33,0.3013,Poor
260,Grand Grill,Nagpur,Bakery,QSR,4.5,370.0,17,11,2,0.1176,7564.45,444.9676470588235,36.1764705882353,3.230769230769231,0.0588,51.2,9,0.6695,Top
261,Urban Kitchen,Kochi,Mughlai,Cloud Kitchen,4.3,710.0,11,6,3,0.2727,3873.15,352.1045454545455,45.5,4.6,0.1818,5.9,52,0.4824,Average
262,Golden Diner,Delhi,Biryani,Dine-in,3.3,745.0,12,7,4,0.3333,4603.849999999999,383.65416666666664,29.5,3.7142857142857144,0.0,10.3,48,0.3508,Poor
263,Royal Treats,Raipur,Burgers,Dine-in & Delivery,3.3,408.0,17,13,4,0.2353,8161.75,480.1029411764706,37.6875,3.5,0.1765,51.2,11,0.4908,Average
264,Blue Corner,Lucknow,Continental,Cloud Kitchen,3.4,497.0,14,10,2,0.1429,6529.8,466.4142857142857,39.57142857142857,3.5555555555555554,0.2143,23.3,31,0.4583,Poor
265,Grand Cafe,Raipur,South Indian,Cloud Kitchen,3.8,609.0,13,6,4,0.3077,5009.9,385.37692307692305,29.916666666666668,3.0,0.0,16.2,43,0.4452,Poor
266,The Grill,Vadodara,Mughlai,QSR,4.4,766.0,15,9,3,0.2,6401.4,426.76,39.86666666666667,3.9,0.0667,32.4,21,0.5995,Good
267,Green Cafe,Nashik,Desserts,Delivery Only,4.3,612.0,12,10,1,0.0833,4532.55,377.71250000000003,34.0,3.7,0.0,10.3,38,0.5344,Average
268,The House,Surat,Sushi,Cloud Kitchen,3.7,414.0,20,12,4,0.2,8374.05,418.7025,34.6,3.3333333333333335,0.1,77.2,7,0.5768,Good
269,Curry Kitchen,Kochi,Pizza,QSR,4.1,201.0,24,17,5,0.2083,8996.95,374.8729166666667,37.083333333333336,3.5294117647058822,0.0417,94.5,6,0.6729,Top
270,Golden Kitchen,Chennai,North Indian,Dine-in & Delivery,4.5,423.0,15,8,4,0.2667,5657.8,377.18666666666667,29.933333333333334,3.625,0.0,32.4,36,0.5835,Good
271,Royal Cafe,Raipur,Fast Food,Delivery Only,4.0,146.0,14,10,3,0.2143,5142.65,367.33214285714286,36.857142857142854,3.2222222222222223,0.1429,23.3,41,0.4977,Average
272,Royal Diner,Jaipur,Street Food,Dine-in & Delivery,3.7,622.0,14,8,4,0.2857,5602.9,400.20714285714286,34.61538461538461,3.2857142857142856,0.0,23.3,31,0.4554,Poor
273,Green Treats,Surat,Biryani,Dine-in,4.1,615.0,15,6,6,0.4,5891.1,392.74,34.86666666666667,4.375,0.0,32.4,37,0.5108,Average
274,The Point,Bengaluru,Mexican,Delivery Only,3.7,475.0,15,7,6,0.4,6362.05,424.13666666666666,40.266666666666666,3.8333333333333335,0.0667,32.4,31,0.4647,Poor
275,Blue Point,Ludhiana,Desserts,Dine-in,3.8,582.0,20,11,5,0.25,8486.1,424.305,33.1,3.25,0.05,77.2,8,0.5872,Good
276,Tasty Cafe,Ludhiana,South Indian,Delivery Only,4.0,373.0,17,12,2,0.1176,6995.7,411.51176470588234,40.1764705882353,3.3333333333333335,0.2353,51.2,18,0.5795,Good
277,Royal Kitchen,Ahmedabad,BBQ,Cloud Kitchen,,484.0,16,9,5,0.3125,4853.15,303.321875,33.875,2.9,0.125,41.9,46,0.4677,Poor
278,Urban House,Bhubaneswar,Fast Food,Cloud Kitchen,3.1,587.0,19,10,4,0.2105,7707.35,405.65000000000003,41.31578947368421,3.5714285714285716,0.1053,69.2,15,0.4625,Poor
279,Spicy House,Indore,Thai,Delivery Only,4.3,100.0,13,5,4,0.3077,4333.1,333.31538461538463,32.84615384615385,3.875,0.0769,16.2,35,0.5004,Average
280,The Grill,Bhubaneswar,North Indian,Cloud Kitchen,4.0,504.0,12,4,7,0.5833,5278.65,439.8875,37.083333333333336,3.0,0.0,10.3,40,0.4358,Poor
281,Golden Diner,Surat,Sushi,Cloud Kitchen,4.1,203.0,16,11,2,0.125,5951.8,371.9875,39.6875,3.0,0.1875,41.9,35,0.5589,Good
282,Curry Cafe,Kolkata,Italian,Cloud Kitchen,4.1,198.0,19,15,2,0.1053,7000.55,368.45,33.473684210526315,3.9285714285714284,0.1053,69.2,29,0.6067,Top
283,Spicy Grill,Indore,Bakery,Dine-in,4.2,536.0,17,10,5,0.2941,7052.9,414.8764705882353,32.705882352941174,4.0,0.1176,51.2,10,0.5843,Good
284,Blue Bites,Ahmedabad,Mexican,Delivery Only,3.7,534.0,13,10,2,0.1538,4675.25,359.63461538461536,37.07692307692308,4.666666666666667,0.1538,16.2,47,0.4441,Poor
285,Tasty Bites,Surat,Street Food,Cloud Kitchen,3.4,,19,10,5,0.2632,6592.7,346.9842105263158,35.388888888888886,3.2,0.1579,69.2,28,0.4679,Poor
286,Tasty Hub,Patna,Biryani,QSR,4.5,674.0,11,8,3,0.2727,5387.65,489.7863636363636,35.2,3.25,0.0,5.9,41,0.5544,Good
287,Spicy Grill,Bhubaneswar,Chinese,QSR,3.4,326.0,17,14,3,0.1765,6379.6,375.27058823529416,40.88235294117647,3.6,0.2353,51.2,29,0.4646,Poor
288,Golden Corner,Kolkata,Mughlai,Delivery Only,3.6,462.0,26,15,8,0.3077,10532.6,405.1,41.69230769230769,3.125,0.1923,98.0,1,0.6371,Top
289,Tasty Bites,Jaipur,North Indian,Dine-in,3.8,708.0,20,14,6,0.3,7228.05,361.40250000000003,36.05263157894737,3.4615384615384617,0.15,77.2,14,0.5446,Good
290,Golden Corner,Guwahati,Healthy Food,Dine-in,4.7,810.0,17,11,5,0.2941,6755.7,397.3941176470588,38.0,4.090909090909091,0.1765,51.2,23,0.6501,Top
291,Royal Bites,Hyderabad,Mexican,Dine-in & Delivery,5.0,134.0,15,9,4,0.2667,6446.05,429.7366666666667,34.266666666666666,3.6666666666666665,0.0667,32.4,21,0.6796,Top
292,Blue Treats,Surat,BBQ,Delivery Only,3.8,311.0,19,12,5,0.2632,7358.2,387.2736842105263,34.611111111111114,3.090909090909091,0.0526,69.2,15,0.5485,Good
293,Spicy Corner,Coimbatore,Italian,Cloud Kitchen,3.5,731.0,20,13,5,0.25,7697.5,384.875,37.5,2.8461538461538463,0.1,77.2,19,0.5207,Average
294,The Diner,Nagpur,Street Food,Dine-in,4.1,132.0,18,13,5,0.2778,6532.05,362.89166666666665,37.0,3.8,0.1111,60.2,19,0.5625,Good
295,Golden Cafe,Coimbatore,Thai,QSR,5.0,100.0,15,12,2,0.1333,5609.9,373.9933333333333,33.333333333333336,3.1666666666666665,0.0667,32.4,37,0.6763,Top
296,Golden Treats,Nashik,Pizza,Cloud Kitchen,3.7,467.0,26,18,6,0.2308,12118.5,466.09615384615387,33.16,3.7058823529411766,0.0,98.0,1,0.7078,Top
297,Grand Grill,Nashik,Chinese,QSR,3.3,560.0,20,12,6,0.3,8419.9,420.995,34.0,3.3333333333333335,0.1,77.2,6,0.5038,Average
298,Tasty Diner,Bengaluru,Fast Food,QSR,3.6,614.0,18,8,6,0.3333,5658.7,314.3722222222222,37.77777777777778,3.909090909090909,0.0556,60.2,36,0.4557,Poor
299,Green House,Delhi,Pizza,Dine-in,4.1,100.0,16,8,4,0.25,6843.55,427.721875,37.8,3.3636363636363638,0.0625,41.9,26,0.5651,Good
300,Curry Kitchen,Ahmedabad,South Indian,Dine-in,3.1,619.0,11,8,2,0.1818,5384.35,489.48636363636365,39.90909090909091,3.888888888888889,0.1818,5.9,43,0.3605,Poor
301,Urban Diner,Ahmedabad,Seafood,Cloud Kitchen,4.1,244.0,8,3,4,0.5,3407.2,425.9,35.625,4.0,0.0,0.8,51,0.3902,Poor
302,Grand Kitchen,Nashik,Healthy Food,QSR,3.6,432.0,14,11,1,0.0714,6669.45,476.3892857142857,30.714285714285715,3.25,0.0,23.3,18,0.5026,Average
303,Royal Corner,Ludhiana,Fast Food,Dine-in & Delivery,2.9,904.0,17,9,6,0.3529,7403.9,435.5235294117647,34.529411764705884,2.9,0.0588,51.2,17,0.3927,Poor
304,Golden Grill,Coimbatore,Sushi,Dine-in & Delivery,3.4,456.0,26,23,1,0.0385,9935.6,382.13846153846157,37.2,3.789473684210526,0.1538,98.0,3,0.6312,Top
305,Curry Kitchen,Chennai,South Indian,Dine-in,4.7,413.0,18,12,6,0.3333,6474.7,359.7055555555555,34.888888888888886,4.416666666666667,0.0,60.2,24,0.6415,Top
306,Blue House,Bhopal,North Indian,Cloud Kitchen,4.1,258.0,14,9,1,0.0714,5717.5,408.39285714285717,34.642857142857146,3.8181818181818183,0.0,23.3,32,0.55,Good
307,Tasty Cafe,Chandigarh,Continental,Dine-in & Delivery,3.6,264.0,12,6,2,0.1667,5976.0,498.0,37.666666666666664,3.6666666666666665,0.1667,10.3,35,0.4586,Poor
308,Blue Hub,Guwahati,Desserts,Cloud Kitchen,4.5,316.0,26,17,7,0.2692,9934.35,382.0903846153846,39.46153846153846,3.6875,0.1154,98.0,3,0.7595,Top
309,Grand Kitchen,Surat,Continental,QSR,3.5,277.0,11,7,3,0.2727,4255.45,386.85909090909087,41.81818181818182,2.875,0.0909,5.9,53,0.3746,Poor
310,The Corner,Pune,Chinese,Dine-in & Delivery,4.1,566.0,13,8,3,0.2308,5044.45,388.0346153846154,32.53846153846154,3.2,0.0,16.2,45,0.5022,Average
311,Grand Corner,Nagpur,Continental,Delivery Only,2.9,463.0,22,15,2,0.0909,9034.45,410.6568181818182,39.36363636363637,3.0,0.1364,88.7,3,0.5034,Average
312,Blue Bites,Bhubaneswar,Mexican,QSR,4.1,731.0,18,13,5,0.2778,7225.35,401.40833333333336,36.111111111111114,4.0,0.1111,60.2,19,0.5819,Good
313,Green Point,Nashik,Burgers,Delivery Only,3.3,225.0,14,12,1,0.0714,5235.3,373.95,39.61538461538461,2.5,0.2857,23.3,36,0.4181,Poor
314,Curry Point,Jaipur,Street Food,QSR,4.2,437.0,17,11,3,0.1765,7675.65,451.50882352941176,37.875,3.7142857142857144,0.1765,51.2,12,0.6193,Top
315,Curry Diner,Bengaluru,Pizza,Dine-in & Delivery,4.6,670.0,15,10,4,0.2667,6710.1,447.34000000000003,37.266666666666666,3.4444444444444446,0.1333,32.4,26,0.6277,Top
316,Golden Hub,Bhubaneswar,North Indian,Dine-in,4.0,436.0,19,13,4,0.2105,7487.05,394.05526315789473,38.89473684210526,4.076923076923077,0.1053,69.2,16,0.5897,Good
317,Curry House,Surat,Continental,Dine-in,3.8,444.0,19,18,1,0.0526,7877.45,414.60263157894735,41.31578947368421,4.2,0.1579,69.2,11,0.5946,Good
318,The House,Chandigarh,Biryani,Cloud Kitchen,3.9,734.0,22,14,3,0.1364,8302.05,377.36590909090904,37.4,3.4375,0.1364,88.7,4,0.6243,Top
319,Blue House,Mumbai,,QSR,2.9,366.0,17,14,3,0.1765,7952.6,467.8,42.11764705882353,3.4545454545454546,0.2353,51.2,10,0.4345,Poor
320,Green Bites,Nagpur,Chinese,Delivery Only,4.0,329.0,14,11,2,0.1429,5654.95,403.925,36.642857142857146,3.3,0.0714,23.3,26,0.5228,Average
321,Curry Hub,Chennai,Fast Food,Delivery Only,3.8,361.0,15,9,4,0.2667,6423.55,428.2366666666667,36.86666666666667,3.75,0.1333,32.4,26,0.5012,Average
322,Royal House,Vadodara,Seafood,QSR,4.6,365.0,15,9,5,0.3333,6505.5,433.7,31.066666666666666,3.5,0.0,32.4,20,0.612,Top
323,Urban Diner,Raipur,Italian,Cloud Kitchen,3.5,606.0,12,10,0,0.0,5060.150000000001,421.67916666666673,34.36363636363637,4.555555555555555,0.1667,10.3,42,0.4432,Poor
324,Green Point,Jaipur,Pizza,Dine-in & Delivery,3.6,416.0,27,19,2,0.0741,10867.45,402.4981481481482,36.0,3.1904761904761907,0.1481,99.0,1,0.6867,Top
325,Curry Treats,Kolkata,Desserts,Dine-in & Delivery,3.3,368.0,22,17,1,0.0455,8243.25,374.6931818181818,37.86363636363637,4.0,0.0909,88.7,10,0.5474,Good
326,Spicy Kitchen,Bhopal,Street Food,Dine-in,3.9,197.0,20,12,6,0.3,6571.4,328.57,36.35,4.444444444444445,0.05,77.2,23,0.541,Good
327,Urban Point,Visakhapatnam,Italian,Cloud Kitchen,3.8,552.0,19,15,2,0.1053,8003.8,421.2526315789474,34.611111111111114,3.4375,0.1053,69.2,12,0.5903,Good
328,Green Treats,Kochi,Italian,Delivery Only,2.9,319.0,17,12,4,0.2353,5585.3,328.5470588235294,38.0,3.7,0.1765,51.2,30,0.3595,Poor
329,Green Kitchen,Lucknow,Continental,QSR,5.0,409.0,18,13,3,0.1667,6920.85,384.4916666666667,36.388888888888886,3.9166666666666665,0.0,60.2,24,0.7234,Top
330,Grand Corner,Hyderabad,Biryani,Delivery Only,4.5,444.0,14,9,3,0.2143,5405.85,386.13214285714287,38.214285714285715,3.25,0.0,23.3,33,0.5792,Good
331,Royal Treats,Indore,Thai,Cloud Kitchen,3.7,636.0,12,6,3,0.25,4501.900000000001,375.15833333333336,35.583333333333336,3.3333333333333335,0.25,10.3,33,0.4197,Poor
332,Tasty Corner,Mumbai,Desserts,Cloud Kitchen,4.5,271.0,20,16,3,0.15,7705.75,385.2875,37.0,3.357142857142857,0.1,77.2,13,0.6841,Top
333,Blue House,Mumbai,Fast Food,Dine-in & Delivery,3.4,176.0,15,12,2,0.1333,6895.95,459.72999999999996,35.4,3.5454545454545454,0.2,32.4,20,0.4752,Average
334,Royal Corner,Guwahati,Healthy Food,Dine-in,3.5,677.0,16,11,2,0.125,6187.6,386.725,38.3125,3.5,0.125,41.9,31,0.4766,Average
335,Urban Hub,Nagpur,South Indian,Dine-in & Delivery,3.9,686.0,23,17,4,0.1739,10162.75,441.85869565217394,35.43478260869565,3.4210526315789473,0.087,91.9,2,0.6758,Top
336,Urban Bites,Ludhiana,Italian,Dine-in & Delivery,3.4,249.0,12,8,4,0.3333,3999.05,333.25416666666666,42.916666666666664,3.875,0.4167,10.3,45,0.3487,Poor
337,Golden Corner,Hyderabad,Street Food,Dine-in & Delivery,3.7,509.0,18,11,6,0.3333,7898.6,438.81111111111113,31.352941176470587,3.9166666666666665,0.0,60.2,6,0.5331,Average
338,Blue Hub,Delhi,Mughlai,Delivery Only,3.8,589.0,21,10,8,0.381,6935.8,330.2761904761905,35.65,3.8,0.0952,83.6,24,0.5294,Average
339,Golden House,Hyderabad,Sushi,Delivery Only,4.1,547.0,17,7,5,0.2941,7291.0,428.88235294117646,29.375,3.888888888888889,0.0588,51.2,12,0.5761,Good
340,Green Diner,Chandigarh,Desserts,Dine-in,4.2,669.0,17,12,4,0.2353,7318.2,430.4823529411765,32.23529411764706,3.0833333333333335,0.0588,51.2,14,0.6005,Good
341,Curry House,Ahmedabad,Street Food,Cloud Kitchen,2.7,447.0,11,9,1,0.0909,4383.6,398.50909090909096,38.36363636363637,3.0,0.0909,5.9,48,0.2869,Poor
342,Urban House,Chandigarh,Thai,Dine-in & Delivery,4.3,954.0,16,11,2,0.125,6303.849999999999,393.99062499999997,41.4375,4.2727272727272725,0.125,41.9,30,0.5984,Good
343,The Grill,Ludhiana,North Indian,Delivery Only,3.8,100.0,24,18,5,0.2083,10034.5,418.1041666666667,35.375,3.533333333333333,0.0833,94.5,4,0.6574,Top
344,The Cafe,Kolkata,Pizza,Delivery Only,4.6,206.0,13,6,1,0.0769,4980.85,383.1423076923077,37.0,4.3,0.0,16.2,47,0.5975,Good
345,Golden Corner,Pune,Street Food,Cloud Kitchen,4.1,557.0,18,13,4,0.2222,6055.75,336.43055555555554,35.705882352941174,3.7142857142857144,0.1111,60.2,32,0.5576,Good
346,Green Kitchen,Nashik,Pizza,QSR,4.0,100.0,23,13,8,0.3478,10334.2,449.3130434782609,37.95454545454545,3.8461538461538463,0.087,91.9,3,0.6693,Top
347,Golden Bites,Guwahati,Mughlai,QSR,3.7,136.0,19,12,6,0.3158,7637.2,401.9578947368421,40.10526315789474,3.888888888888889,0.0526,69.2,16,0.5336,Average
348,Urban Grill,Kochi,Italian,Cloud Kitchen,4.1,272.0,13,9,4,0.3077,4892.4,376.3384615384615,34.666666666666664,3.5,0.0,16.2,42,0.4864,Average
349,The Kitchen,Raipur,Mughlai,Dine-in,2.8,592.0,12,8,2,0.1667,4802.1,400.175,42.54545454545455,3.2,0.25,10.3,45,0.3072,Poor
350,Green Treats,Lucknow,Pizza,Dine-in & Delivery,3.3,476.0,15,8,5,0.3333,8138.35,542.5566666666667,41.86666666666667,3.2222222222222223,0.0667,32.4,11,0.4651,Poor
351,Curry Diner,Hyderabad,Pizza,Delivery Only,3.5,623.0,14,9,2,0.1429,4760.95,340.0678571428571,38.42857142857143,2.7777777777777777,0.0714,23.3,43,0.4237,Poor
352,Blue Hub,Hyderabad,Desserts,Cloud Kitchen,4.3,497.0,16,14,1,0.0625,6883.65,430.228125,38.93333333333333,3.7,0.125,41.9,17,0.6239,Top
353,Golden Diner,Patna,Desserts,Dine-in & Delivery,3.8,361.0,21,14,4,0.1905,7971.8,379.6095238095238,36.76190476190476,3.3846153846153846,0.0476,83.6,13,0.5869,Good
354,Spicy Grill,Surat,Italian,QSR,3.3,332.0,27,24,2,0.0741,10953.550000000001,405.6870370370371,40.96296296296296,4.136363636363637,0.2222,99.0,1,0.6447,Top
355,The Kitchen,Nagpur,Continental,Delivery Only,,840.0,16,10,1,0.0625,7186.75,449.171875,31.8125,3.0714285714285716,0.0,41.9,13,0.5704,Good
356,Grand Grill,Hyderabad,Sushi,Cloud Kitchen,4.2,593.0,22,16,5,0.2273,8664.9,393.85909090909087,43.40909090909091,3.9411764705882355,0.2273,88.7,3,0.6652,Top
357,Tasty House,Coimbatore,Pizza,Delivery Only,3.8,555.0,9,3,6,0.6667,3531.9,392.43333333333334,39.0,3.5,0.0,1.7,47,0.3294,Poor
358,Urban Point,Indore,Desserts,QSR,2.8,305.0,18,16,0,0.0,6889.35,382.7416666666667,37.23529411764706,3.4285714285714284,0.1111,60.2,12,0.4216,Poor
359,Blue Treats,Delhi,Mexican,QSR,4.3,594.0,21,14,4,0.1905,7985.25,380.25,34.04761904761905,4.076923076923077,0.0952,83.6,15,0.6614,Top
360,Spicy Grill,Jaipur,Mughlai,Delivery Only,3.6,188.0,16,12,3,0.1875,5960.5,372.53125,36.75,3.8181818181818183,0.1875,41.9,25,0.4757,Average
361,Grand Bites,Kochi,Biryani,Dine-in,3.9,363.0,12,7,4,0.3333,4964.6,413.7166666666667,36.0,4.25,0.0833,10.3,40,0.4498,Poor
362,Royal House,Patna,Seafood,Dine-in,4.4,590.0,20,17,2,0.1,8569.8,428.48999999999995,39.65,3.0,0.25,77.2,10,0.7009,Top
363,Blue Hub,Jaipur,Seafood,Delivery Only,4.7,672.0,12,9,3,0.25,4837.25,403.1041666666667,34.25,3.5555555555555554,0.0833,10.3,37,0.5772,Good
364,Grand Grill,Delhi,Continental,Delivery Only,3.8,519.0,19,10,5,0.2632,7097.400000000001,373.5473684210527,41.8421052631579,3.727272727272727,0.2105,69.2,20,0.5412,Good
365,Tasty Corner,Patna,Burgers,Delivery Only,4.9,369.0,15,8,6,0.4,5871.55,391.43666666666667,36.93333333333333,3.5714285714285716,0.1333,32.4,36,0.6288,Top
366,Urban Point,Raipur,,QSR,4.0,449.0,17,11,3,0.1765,7313.45,430.2029411764706,37.5625,4.2,0.1765,51.2,17,0.5796,Good
367,Green Hub,Patna,Sushi,Dine-in & Delivery,3.9,275.0,19,7,6,0.3158,7420.85,390.571052631579,38.8421052631579,3.727272727272727,0.0,69.2,21,0.5572,Good
368,Golden Corner,Ahmedabad,Street Food,Dine-in & Delivery,4.6,266.0,17,11,4,0.2353,6261.099999999999,368.29999999999995,39.05882352941177,3.727272727272727,0.0588,51.2,32,0.6302,Top
369,Urban Corner,Pune,Biryani,Cloud Kitchen,4.8,777.0,10,5,4,0.4,4206.3,420.63,33.5,3.1666666666666665,0.1,3.2,51,0.5415,Good
370,Spicy Cafe,Chandigarh,Biryani,Cloud Kitchen,4.0,451.0,20,16,3,0.15,7387.45,369.3725,33.36842105263158,3.5625,0.05,77.2,13,0.6011,Good
371,Urban Treats,Kolkata,South Indian,Dine-in,3.5,464.0,19,9,7,0.3684,7377.35,388.2815789473684,32.421052631578945,2.4545454545454546,0.0526,69.2,25,0.4888,Average
372,Curry Kitchen,Coimbatore,Street Food,Cloud Kitchen,4.4,313.0,18,14,2,0.1111,5433.85,301.8805555555556,36.666666666666664,3.4615384615384617,0.0556,60.2,38,0.6013,Top
373,Urban Hub,Bhopal,Seafood,Cloud Kitchen,4.6,655.0,13,7,3,0.2308,4322.2,332.4769230769231,34.92307692307692,3.875,0.0769,16.2,49,0.5561,Good
374,The House,Bhopal,Continental,Dine-in & Delivery,3.8,609.0,17,11,4,0.2353,6233.75,366.69117647058823,34.23529411764706,3.0,0.1176,51.2,29,0.511,Average
375,Curry Hub,Bengaluru,BBQ,QSR,3.4,429.0,20,16,3,0.15,7775.55,388.77750000000003,35.8235294117647,3.6923076923076925,0.15,77.2,12,0.5231,Average
376,Golden House,Nashik,Chinese,QSR,5.0,688.0,17,11,3,0.1765,7126.1,419.1823529411765,32.23529411764706,3.0,0.0,51.2,16,0.7225,Top
377,Curry Kitchen,Kolkata,Desserts,Dine-in,4.1,463.0,18,16,0,0.0,6245.1,346.95000000000005,39.27777777777778,3.6875,0.2222,60.2,36,0.5962,Good
378,The House,Nashik,Thai,Cloud Kitchen,3.9,444.0,13,9,2,0.1538,3891.35,299.3346153846154,31.53846153846154,3.4545454545454546,0.0,16.2,42,0.4519,Poor
379,Curry Kitchen,Visakhapatnam,North Indian,QSR,3.5,580.0,15,8,6,0.4,6145.6,409.7066666666667,34.285714285714285,4.0,0.1333,32.4,30,0.429,Poor
380,Spicy Corner,Kolkata,Biryani,QSR,4.4,399.0,22,19,2,0.0909,8268.05,375.82045454545454,32.27272727272727,4.0,0.0,88.7,9,0.7042,Top
381,Green Cafe,Bengaluru,Fast Food,Dine-in,4.1,304.0,15,8,6,0.4,7154.7,476.97999999999996,31.733333333333334,3.6666666666666665,0.0,32.4,18,0.5461,Good
382,Tasty Hub,Kochi,Sushi,QSR,3.9,280.0,16,13,1,0.0625,5035.6,314.725,40.75,4.083333333333333,0.25,41.9,38,0.513,Average
383,Golden Hub,Raipur,Bakery,QSR,3.8,473.0,13,9,3,0.2308,4770.6,366.9692307692308,39.61538461538461,4.222222222222222,0.1538,16.2,46,0.4501,Poor
384,Blue Bites,Bhubaneswar,North Indian,Cloud Kitchen,4.2,327.0,18,10,7,0.3889,6487.6,360.4222222222222,42.64705882352941,4.0,0.1667,60.2,27,0.5594,Good
385,Grand Cafe,Kochi,Mexican,Dine-in,4.1,258.0,12,10,1,0.0833,4784.7,398.72499999999997,44.27272727272727,4.125,0.3333,10.3,43,0.5119,Average
386,Spicy Corner,Bhopal,BBQ,Delivery Only,4.1,892.0,11,9,2,0.1818,4811.85,437.44090909090914,45.54545454545455,4.857142857142857,0.2727,5.9,43,0.4927,Average
387,Curry House,Mumbai,Sushi,Cloud Kitchen,,183.0,10,8,2,0.2,4077.55,407.755,39.7,3.142857142857143,0.2,3.2,47,0.4319,Poor
388,Grand Bites,Patna,Sushi,Cloud Kitchen,,507.0,22,16,4,0.1818,8703.05,395.5931818181818,35.63636363636363,3.235294117647059,0.0909,88.7,8,0.6259,Top
389,Spicy Point,Pune,BBQ,Dine-in,4.1,704.0,14,10,3,0.2143,4695.65,335.4035714285714,36.714285714285715,3.0,0.0,23.3,48,0.5001,Average
390,The Grill,Kochi,Mughlai,Dine-in & Delivery,3.5,313.0,13,4,4,0.3077,4549.8,349.9846153846154,34.666666666666664,3.875,0.1538,16.2,44,0.3879,Poor
391,Green Kitchen,Delhi,,Cloud Kitchen,4.2,657.0,24,17,7,0.2917,8891.55,370.48125,35.666666666666664,3.9285714285714284,0.0833,94.5,6,0.6722,Top
392,Blue House,Surat,Italian,Cloud Kitchen,4.0,435.0,19,13,4,0.2105,7332.85,385.93947368421055,36.1578947368421,3.769230769230769,0.0526,69.2,16,0.5854,Good
393,Blue Diner,Coimbatore,South Indian,Dine-in & Delivery,4.1,596.0,12,8,3,0.25,4649.1,387.425,32.166666666666664,3.8,0.0,10.3,44,0.4831,Average
394,Royal Point,Guwahati,Sushi,Dine-in & Delivery,3.2,251.0,19,16,2,0.1053,5770.15,303.6921052631579,29.68421052631579,3.6,0.1053,69.2,35,0.439,Poor
395,Royal Grill,Bhubaneswar,Pizza,QSR,3.9,588.0,20,14,3,0.15,7466.9,373.34499999999997,39.9,3.3125,0.15,77.2,17,0.5885,Good
396,Spicy Treats,Mumbai,Healthy Food,Cloud Kitchen,5.0,427.0,18,13,3,0.1667,6899.2,383.2888888888889,34.666666666666664,3.6153846153846154,0.1111,60.2,19,0.7228,Top
397,Royal Treats,Patna,Mughlai,Cloud Kitchen,4.0,316.0,16,7,6,0.375,6657.75,416.109375,35.9375,4.285714285714286,0.0625,41.9,28,0.5263,Average
398,Blue House,Ahmedabad,North Indian,Dine-in & Delivery,4.2,230.0,15,7,5,0.3333,5583.95,372.2633333333333,31.266666666666666,3.888888888888889,0.0667,32.4,40,0.527,Average
399,Golden Point,Guwahati,Burgers,Cloud Kitchen,3.9,259.0,16,10,3,0.1875,7482.8,467.675,40.1875,3.8,0.1875,41.9,18,0.5627,Good
400,Urban Grill,Coimbatore,Continental,QSR,2.8,988.0,21,16,4,0.1905,8503.3,404.9190476190476,37.26315789473684,3.066666666666667,0.0952,83.6,11,0.4536,Poor
401,Grand Bites,Lucknow,BBQ,Dine-in,4.3,611.0,17,8,4,0.2353,5734.6,337.3294117647059,33.4375,3.6666666666666665,0.0588,51.2,40,0.5711,Good
402,Curry Treats,Bhubaneswar,Continental,Cloud Kitchen,4.4,735.0,16,11,1,0.0625,6712.0,419.5,38.8,3.3846153846153846,0.125,41.9,25,0.634,Top
403,The Hub,Raipur,Desserts,Dine-in,4.0,623.0,20,17,2,0.1,7734.35,386.71750000000003,35.8421052631579,3.7857142857142856,0.05,77.2,15,0.6183,Top
404,Curry Grill,Ahmedabad,Desserts,QSR,3.6,415.0,21,12,5,0.2381,8036.45,382.68809523809523,31.476190476190474,2.933333333333333,0.0952,83.6,15,0.552,Good
405,Royal Corner,Pune,South Indian,Delivery Only,3.1,490.0,19,12,7,0.3684,6895.95,362.94473684210527,33.0,3.8333333333333335,0.0526,69.2,22,0.4161,Poor
406,Curry Grill,Coimbatore,Seafood,Dine-in,3.6,423.0,17,9,5,0.2941,6123.3,360.1941176470588,39.05882352941177,4.25,0.0588,51.2,35,0.4694,Average
407,Grand Cafe,Jaipur,Pizza,QSR,4.3,510.0,15,11,2,0.1333,5900.2,393.34666666666664,34.733333333333334,3.727272727272727,0.1333,32.4,27,0.5807,Good
408,Blue Point,Chennai,Burgers,Cloud Kitchen,4.4,331.0,16,14,2,0.125,7699.35,481.209375,33.875,3.2857142857142856,0.0625,41.9,11,0.6522,Top
409,Urban Diner,Bhopal,Bakery,QSR,4.1,322.0,20,12,6,0.3,6890.45,344.5225,38.55,3.1,0.05,77.2,18,0.5796,Good
410,The Treats,Bengaluru,BBQ,Delivery Only,3.8,388.0,21,14,4,0.1905,8351.65,397.697619047619,36.65,3.4285714285714284,0.1429,83.6,6,0.5975,Good
411,Blue Point,Lucknow,Continental,QSR,3.4,367.0,20,19,1,0.05,8163.9,408.195,38.1578947368421,3.6875,0.15,77.2,10,0.5489,Good
412,Golden Cafe,Hyderabad,Chinese,Dine-in & Delivery,4.2,266.0,13,10,3,0.2308,5710.2,439.24615384615385,34.92307692307692,3.3333333333333335,0.0769,16.2,28,0.5356,Good
413,Royal Point,Indore,Healthy Food,QSR,3.6,698.0,14,10,2,0.1429,4220.9,301.49285714285713,40.57142857142857,2.2222222222222223,0.0714,23.3,37,0.4234,Poor
414,Curry Cafe,Kolkata,Italian,Dine-in & Delivery,4.6,616.0,18,11,5,0.2778,7159.5,397.75,35.1764705882353,4.3,0.1111,60.2,27,0.6541,Top
415,Tasty House,Bhopal,Healthy Food,Cloud Kitchen,4.8,722.0,14,12,2,0.1429,4447.4,317.6714285714285,37.5,4.090909090909091,0.1429,23.3,46,0.6075,Top
416,Green Bites,Kolkata,Continental,Dine-in,3.9,847.0,19,15,3,0.1579,6744.35,354.96578947368425,36.44444444444444,4.333333333333333,0.0526,69.2,30,0.562,Good
417,Grand Bites,Ludhiana,Mexican,Delivery Only,4.7,435.0,19,13,6,0.3158,6648.1,349.90000000000003,39.78947368421053,3.3,0.1579,69.2,21,0.6541,Top
418,Tasty Treats,Raipur,Desserts,Delivery Only,4.0,317.0,21,11,9,0.4286,8753.25,416.82142857142856,41.55,3.25,0.1905,83.6,7,0.6027,Top
419,Curry Treats,Delhi,Italian,Cloud Kitchen,3.9,139.0,16,8,5,0.3125,6635.45,414.715625,36.1875,3.272727272727273,0.0625,41.9,30,0.5202,Average
420,The Grill,Ludhiana,Burgers,Dine-in,3.6,608.0,20,16,0,0.0,8264.7,413.235,38.25,3.5555555555555554,0.1,77.2,11,0.5889,Good
421,Royal Cafe,Raipur,Chinese,Delivery Only,3.4,387.0,13,6,3,0.2308,6315.25,485.78846153846155,32.92307692307692,3.6,0.0,16.2,30,0.434,Poor
422,The Bites,Delhi,Pizza,Dine-in & Delivery,4.2,392.0,19,5,9,0.4737,6801.75,357.9868421052632,32.31578947368421,3.25,0.0526,69.2,28,0.5607,Good
423,Grand Corner,Surat,BBQ,Dine-in,4.5,689.0,16,10,5,0.3125,5926.15,370.384375,37.5625,3.4444444444444446,0.125,41.9,36,0.5893,Good
424,Royal Grill,Ahmedabad,Street Food,Dine-in,3.6,,18,11,5,0.2778,7878.4,437.68888888888887,35.94444444444444,3.5454545454545454,0.0556,60.2,18,0.5261,Average
425,Blue House,Visakhapatnam,Healthy Food,Delivery Only,3.9,316.0,22,16,3,0.1364,8496.3,386.19545454545454,41.81818181818182,4.277777777777778,0.1818,88.7,6,0.6297,Top
426,Grand Bites,Pune,Sushi,Dine-in & Delivery,,367.0,14,8,4,0.2857,4563.05,325.9321428571429,34.42857142857143,3.875,0.0714,23.3,49,0.4533,Poor
427,Curry Corner,Raipur,Seafood,Dine-in & Delivery,4.4,150.0,16,8,7,0.4375,5499.75,343.734375,32.266666666666666,4.142857142857143,0.0,41.9,37,0.5438,Good
428,Spicy Diner,Coimbatore,Continental,Dine-in,3.5,232.0,18,13,3,0.1667,6198.0,344.3333333333333,37.0625,4.083333333333333,0.0,60.2,34,0.481,Average
429,Green Bites,Surat,Mexican,QSR,3.3,346.0,15,10,4,0.2667,5281.3,352.0866666666667,33.0,2.7777777777777777,0.1333,32.4,44,0.3952,Poor
430,Urban House,Bengaluru,Italian,QSR,4.1,756.0,15,11,3,0.2,4995.35,333.02333333333337,37.0,3.6666666666666665,0.0,32.4,40,0.5158,Average
431,Spicy Cafe,Delhi,Seafood,QSR,3.8,466.0,16,9,6,0.375,6311.2,394.45,31.533333333333335,3.888888888888889,0.0,41.9,31,0.487,Average
432,Blue Diner,Jaipur,Italian,Cloud Kitchen,4.1,304.0,13,6,3,0.2308,4821.05,370.85,30.0,3.3333333333333335,0.0,16.2,38,0.4959,Average
433,Urban Grill,Delhi,Sushi,Cloud Kitchen,3.9,867.0,14,11,3,0.2143,5588.6,399.1857142857143,37.142857142857146,3.2857142857142856,0.1429,23.3,42,0.4954,Average
434,Grand Point,Patna,Mexican,Dine-in & Delivery,4.1,867.0,10,6,4,0.4,3562.6,356.26,32.8,2.6,0.0,3.2,50,0.4199,Poor
435,Curry Kitchen,Visakhapatnam,Fast Food,QSR,3.9,325.0,16,11,4,0.25,6138.45,383.653125,36.8125,2.909090909090909,0.0,41.9,31,0.5157,Average
436,Spicy Kitchen,Indore,Pizza,Dine-in,4.4,702.0,25,19,3,0.12,9804.85,392.194,41.125,3.0555555555555554,0.16,96.6,1,0.7583,Top
437,Grand Cafe,Kochi,Biryani,Dine-in,3.7,,26,17,5,0.1923,10651.35,409.6673076923077,35.57692307692308,3.263157894736842,0.0385,98.0,3,0.6726,Top
438,Grand Grill,Nagpur,Pizza,Delivery Only,3.9,173.0,17,10,5,0.2941,6050.2,355.8941176470588,35.411764705882355,3.7,0.0,51.2,23,0.5118,Average
439,Blue Diner,Delhi,North Indian,Delivery Only,3.2,408.0,13,10,2,0.1538,5683.95,437.2269230769231,42.07692307692308,4.181818181818182,0.1538,16.2,41,0.3982,Poor
440,Spicy Kitchen,Pune,Fast Food,Delivery Only,4.5,620.0,19,14,5,0.2632,7101.6,373.7684210526316,36.63157894736842,3.5,0.1579,69.2,19,0.6451,Top
441,The Treats,Nagpur,South Indian,Dine-in & Delivery,3.4,225.0,13,8,4,0.3077,5346.15,411.2423076923077,38.92307692307692,3.857142857142857,0.2308,16.2,30,0.3954,Poor
442,Grand Treats,Lucknow,Bakery,Dine-in,3.5,258.0,18,9,5,0.2778,7467.1,414.8388888888889,34.294117647058826,4.0,0.0556,60.2,17,0.4998,Average
443,Blue Treats,Surat,Chinese,Delivery Only,3.5,100.0,19,13,3,0.1579,6828.75,359.4078947368421,39.77777777777778,3.857142857142857,0.1579,69.2,25,0.5051,Average
444,Curry Grill,Hyderabad,Seafood,Delivery Only,2.7,100.0,15,11,3,0.2,6409.0,427.26666666666665,36.2,4.363636363636363,0.1333,32.4,22,0.3478,Poor
445,Urban Diner,Patna,Fast Food,Dine-in,3.1,683.0,19,14,2,0.1053,7219.65,379.9815789473684,35.833333333333336,3.375,0.1053,69.2,23,0.4646,Poor
446,Tasty Diner,Kolkata,Healthy Food,Cloud Kitchen,5.0,853.0,15,10,3,0.2,4925.2,328.34666666666664,34.93333333333333,3.4,0.0,32.4,48,0.6471,Top
447,Royal Bites,Bengaluru,Fast Food,Cloud Kitchen,4.0,294.0,15,11,2,0.1333,6818.25,454.55,39.2,3.8,0.2,32.4,23,0.5619,Good
448,Urban Point,Surat,North Indian,Dine-in & Delivery,3.7,478.0,20,18,2,0.1,8562.95,428.14750000000004,37.21052631578947,3.6666666666666665,0.2,77.2,6,0.597,Good
449,Urban Treats,Bhubaneswar,Thai,Dine-in & Delivery,4.9,251.0,14,7,3,0.2143,5027.7,359.12142857142857,29.571428571428573,3.272727272727273,0.0,23.3,43,0.6279,Top
450,Urban Kitchen,Raipur,Street Food,Cloud Kitchen,3.9,469.0,11,7,3,0.2727,4866.45,442.4045454545454,35.27272727272727,3.8,0.1818,5.9,44,0.4509,Poor
451,Blue Cafe,Pune,Mexican,QSR,3.9,100.0,26,16,7,0.2692,9303.9,357.84230769230766,35.76,3.875,0.1154,98.0,2,0.653,Top
452,Tasty Hub,Chandigarh,Italian,Dine-in,3.8,179.0,18,13,3,0.1667,6586.3,365.90555555555557,35.0625,3.6153846153846154,0.1667,60.2,27,0.5363,Good
453,Royal Kitchen,Vadodara,Italian,Dine-in & Delivery,5.0,564.0,26,20,5,0.1923,9485.45,364.82500000000005,32.88461538461539,3.857142857142857,0.0385,98.0,3,0.8326,Top
454,Golden Treats,Visakhapatnam,Chinese,Dine-in,4.5,273.0,16,11,2,0.125,7056.5,441.03125,36.9375,4.083333333333333,0.0625,41.9,20,0.649,Top
455,Grand Kitchen,Ahmedabad,Mexican,Dine-in,3.7,858.0,21,13,7,0.3333,8885.6,423.12380952380954,36.666666666666664,3.1538461538461537,0.0476,83.6,9,0.5762,Good
456,Tasty Hub,Visakhapatnam,BBQ,Cloud Kitchen,4.4,534.0,12,10,1,0.0833,5797.6,483.1333333333334,37.27272727272727,3.7,0.1667,10.3,36,0.5846,Good
457,Urban Treats,Vadodara,Seafood,Dine-in,4.6,842.0,13,11,1,0.0769,4312.55,331.7346153846154,38.30769230769231,3.625,0.0769,16.2,36,0.5789,Good
458,Urban Kitchen,Mumbai,BBQ,Dine-in & Delivery,4.7,659.0,24,15,7,0.2917,9723.0,405.125,36.791666666666664,3.466666666666667,0.0833,94.5,2,0.7695,Top
459,Blue Kitchen,Bhopal,Fast Food,Delivery Only,4.5,384.0,21,13,3,0.1429,8671.0,412.9047619047619,36.65,3.0625,0.0952,83.6,4,0.7173,Top
460,Grand Kitchen,Raipur,Seafood,Delivery Only,,586.0,21,14,6,0.2857,8860.8,421.9428571428571,39.9,3.1666666666666665,0.1429,83.6,6,0.6096,Top
461,Curry Corner,Guwahati,Street Food,Cloud Kitchen,4.1,550.0,16,10,5,0.3125,6551.25,409.453125,37.266666666666666,2.6666666666666665,0.1875,41.9,25,0.5475,Good
462,Urban Point,Pune,Biryani,Delivery Only,3.8,100.0,15,10,4,0.2667,6007.8,400.52000000000004,36.2,4.0,0.1333,32.4,33,0.4896,Average
463,Grand Bites,Bengaluru,BBQ,Delivery Only,4.2,471.0,19,13,4,0.2105,7629.3,401.5421052631579,35.333333333333336,3.4615384615384617,0.0526,69.2,14,0.6233,Top
464,Blue Point,Raipur,Seafood,Delivery Only,4.0,890.0,22,12,5,0.2273,7257.1,329.8681818181818,34.5,3.5384615384615383,0.0455,88.7,18,0.5962,Good
465,Royal Cafe,Jaipur,Bakery,Dine-in & Delivery,4.1,289.0,16,12,3,0.1875,6372.8,398.3,36.3125,3.9,0.0,41.9,22,0.5613,Good
466,Golden Bites,Kochi,North Indian,Dine-in,4.2,467.0,19,15,4,0.2105,7997.6,420.9263157894737,43.78947368421053,4.0,0.2105,69.2,14,0.6336,Top
467,The Cafe,Bengaluru,North Indian,Delivery Only,4.5,330.0,16,9,2,0.125,7286.05,455.378125,33.375,3.0833333333333335,0.0,41.9,16,0.6554,Top
468,The Treats,Visakhapatnam,Thai,QSR,3.5,342.0,18,10,6,0.3333,7038.25,391.0138888888889,39.35294117647059,3.5,0.1111,60.2,21,0.4795,Average
469,Royal Treats,Nashik,Fast Food,Cloud Kitchen,3.0,362.0,14,9,4,0.2857,5528.75,394.9107142857143,39.357142857142854,3.3333333333333335,0.2143,23.3,30,0.3497,Poor
470,Spicy Bites,Patna,Pizza,Cloud Kitchen,4.7,304.0,14,9,2,0.1429,5843.45,417.3892857142857,43.642857142857146,3.5833333333333335,0.2143,23.3,38,0.6317,Top
471,Grand Cafe,Jaipur,South Indian,Delivery Only,3.2,344.0,21,10,8,0.381,9404.75,447.8452380952381,35.142857142857146,3.8461538461538463,0.0476,83.6,3,0.5095,Average
472,Royal Point,Bhubaneswar,Desserts,Dine-in,4.0,300.0,25,13,8,0.32,10027.35,401.094,34.76,3.7058823529411766,0.12,96.6,1,0.6753,Top
473,Blue Bites,Patna,Seafood,Cloud Kitchen,3.9,500.0,23,17,5,0.2174,10316.75,448.55434782608694,35.59090909090909,3.75,0.0435,91.9,3,0.6736,Top
474,Urban Treats,Bengaluru,Mexican,Dine-in & Delivery,,432.0,19,9,6,0.3158,6692.3,352.2263157894737,29.842105263157894,3.0833333333333335,0.0,69.2,27,0.5341,Average
475,Green Bites,Visakhapatnam,Biryani,Dine-in & Delivery,4.8,485.0,14,10,4,0.2857,6080.9,434.34999999999997,37.214285714285715,3.3,0.0714,23.3,33,0.6318,Top
476,Blue Treats,Ludhiana,Fast Food,Dine-in & Delivery,3.5,600.0,19,9,5,0.2632,7851.1,413.21578947368425,34.666666666666664,4.0,0.1579,69.2,14,0.5179,Average
477,Green Corner,Pune,Fast Food,Dine-in,3.9,464.0,18,12,5,0.2778,7610.1,422.78333333333336,38.55555555555556,3.909090909090909,0.2222,60.2,12,0.563,Good
478,Green Cafe,Pune,Seafood,Delivery Only,4.4,718.0,19,10,7,0.3684,7425.599999999999,390.82105263157894,34.26315789473684,2.6666666666666665,0.0,69.2,15,0.6235,Top
479,Urban Cafe,Mumbai,BBQ,Cloud Kitchen,3.3,796.0,23,17,4,0.1739,8829.5,383.89130434782606,36.130434782608695,3.6875,0.0435,91.9,4,0.5497,Good
480,Grand House,Chennai,Mughlai,Delivery Only,3.9,438.0,14,7,5,0.3571,6030.45,430.74642857142857,37.38461538461539,3.0,0.0714,23.3,31,0.4863,Average
481,Golden Point,Kolkata,Sushi,Cloud Kitchen,3.4,599.0,17,13,3,0.1765,7553.1,444.3,36.8235294117647,4.222222222222222,0.0,51.2,23,0.4974,Average
482,Urban Treats,Visakhapatnam,Mughlai,Delivery Only,3.2,557.0,22,14,5,0.2273,7953.35,361.51590909090913,37.0,3.4615384615384617,0.0455,88.7,13,0.4972,Average
483,Urban Bites,Lucknow,Burgers,Cloud Kitchen,4.7,387.0,13,6,2,0.1538,5672.75,436.36538461538464,42.416666666666664,4.444444444444445,0.0769,16.2,42,0.6202,Top
484,Green Kitchen,Bengaluru,Mughlai,QSR,4.4,466.0,21,17,1,0.0476,9177.9,437.04285714285714,32.57142857142857,3.2941176470588234,0.0476,83.6,4,0.7309,Top
485,Grand Kitchen,Bhubaneswar,North Indian,Dine-in & Delivery,3.2,473.0,11,8,2,0.1818,4731.7,430.1545454545454,38.4,4.125,0.0909,5.9,44,0.3571,Poor
486,Blue Diner,Kolkata,Mughlai,Dine-in & Delivery,3.8,629.0,19,13,3,0.1579,7877.15,414.58684210526314,42.68421052631579,3.8,0.2632,69.2,18,0.5788,Good
487,Urban House,Chandigarh,Seafood,Dine-in & Delivery,3.7,549.0,19,16,1,0.0526,7448.3,392.0157894736842,39.89473684210526,3.6666666666666665,0.2632,69.2,12,0.5678,Good
488,Golden Hub,Kolkata,Italian,Dine-in,3.4,535.0,18,12,4,0.2222,6350.55,352.80833333333334,35.333333333333336,3.076923076923077,0.0556,60.2,35,0.4621,Poor
489,Urban Hub,Ludhiana,Mughlai,Cloud Kitchen,3.9,424.0,27,14,9,0.3333,11240.5,416.31481481481484,37.74074074074074,3.5,0.1481,99.0,1,0.7027,Top
490,Green Corner,Guwahati,Sushi,QSR,3.9,391.0,25,23,2,0.08,9776.85,391.074,34.88,3.35,0.16,96.6,4,0.6894,Top
491,Urban Kitchen,Raipur,Desserts,Cloud Kitchen,4.0,410.0,19,10,9,0.4737,7212.8,379.62105263157895,33.36842105263158,2.857142857142857,0.0526,69.2,19,0.5425,Good
492,Grand Cafe,Chennai,Continental,Cloud Kitchen,3.4,190.0,15,7,6,0.4,6460.2,430.68,35.266666666666666,4.125,0.0,32.4,25,0.423,Poor
493,Spicy Bites,Bengaluru,Pizza,Delivery Only,3.7,386.0,26,16,8,0.3077,10169.55,391.1365384615384,37.96,4.0625,0.0769,98.0,3,0.6418,Top
494,Green Corner,Mumbai,Pizza,Dine-in & Delivery,2.4,453.0,10,8,2,0.2,4329.65,432.965,35.4,2.5,0.1,3.2,45,0.2194,Poor
495,Royal House,Coimbatore,Chinese,Dine-in,5.0,587.0,11,9,0,0.0,3870.9,351.90000000000003,44.0,3.1818181818181817,0.3636,5.9,45,0.627,Top
496,Green Treats,Guwahati,Burgers,Dine-in & Delivery,3.8,286.0,13,10,3,0.2308,4742.3,364.7923076923077,48.07692307692308,4.111111111111111,0.3846,16.2,41,0.4493,Poor
497,Urban Diner,Coimbatore,Biryani,QSR,3.1,627.0,21,15,3,0.1429,8527.05,406.04999999999995,34.904761904761905,3.357142857142857,0.1429,83.6,10,0.5059,Average
498,Spicy Cafe,Nagpur,Burgers,QSR,4.1,203.0,12,8,4,0.3333,4212.45,351.03749999999997,30.583333333333332,3.1666666666666665,0.0833,10.3,34,0.4584,Poor
499,Blue Treats,Bhopal,Street Food,Cloud Kitchen,4.4,617.0,17,10,4,0.2353,6526.0,383.88235294117646,38.75,3.75,0.0588,51.2,24,0.608,Top
500,Spicy Corner,Bhubaneswar,Mughlai,QSR,3.6,391.0,16,10,5,0.3125,5897.65,368.603125,37.5625,2.909090909090909,0.125,41.9,34,0.4552,Poor
501,Golden Treats,Raipur,BBQ,Delivery Only,4.0,560.0,18,12,2,0.1111,6649.0,369.3888888888889,34.111111111111114,3.1538461538461537,0.0556,60.2,28,0.576,Good
502,Blue Diner,Ludhiana,Seafood,Dine-in & Delivery,3.4,563.0,13,7,5,0.3846,5393.8,414.90769230769234,35.666666666666664,4.0,0.0769,16.2,35,0.3851,Poor
503,Spicy Point,Bhubaneswar,North Indian,QSR,3.9,672.0,17,9,4,0.2353,6975.85,410.34411764705885,35.25,3.6666666666666665,0.0,51.2,21,0.5465,Good
504,Golden House,Raipur,Desserts,Delivery Only,4.3,461.0,11,5,4,0.3636,3941.1,358.28181818181815,35.8,3.6666666666666665,0.0,5.9,48,0.4707,Average
505,Blue Hub,Bengaluru,Healthy Food,Dine-in & Delivery,4.4,148.0,15,3,7,0.4667,5310.65,354.0433333333333,37.13333333333333,3.5714285714285716,0.0667,32.4,39,0.529,Average
506,The Treats,Chennai,Burgers,Dine-in,3.7,255.0,18,12,5,0.2778,8113.85,450.76944444444445,37.5,3.25,0.0556,60.2,7,0.5475,Good
507,Spicy Diner,Surat,South Indian,Delivery Only,3.6,336.0,19,15,1,0.0526,7007.65,368.8236842105263,32.73684210526316,3.6875,0.0526,69.2,20,0.5407,Good
508,Grand Corner,Mumbai,Fast Food,Delivery Only,3.3,640.0,19,16,2,0.1053,6677.8,351.46315789473687,39.26315789473684,3.5714285714285716,0.1053,69.2,23,0.4791,Average
509,Tasty Cafe,Guwahati,Mughlai,Dine-in,4.3,328.0,13,6,4,0.3077,5220.6,401.5846153846154,29.75,3.888888888888889,0.1538,16.2,38,0.5252,Average
510,The Kitchen,Coimbatore,Fast Food,QSR,2.7,348.0,21,14,4,0.1905,9049.7,430.9380952380953,34.38095238095238,3.5,0.0476,83.6,5,0.4541,Poor
511,Urban Grill,Jaipur,Pizza,Delivery Only,3.9,721.0,12,10,1,0.0833,4386.75,365.5625,40.833333333333336,3.5555555555555554,0.0,10.3,41,0.4711,Average
512,Royal Corner,Ahmedabad,Desserts,Dine-in,3.6,645.0,15,11,1,0.0667,6399.4,426.62666666666667,37.0,4.083333333333333,0.2,32.4,29,0.5009,Average
513,The Point,Chandigarh,Street Food,Dine-in & Delivery,3.6,563.0,12,8,4,0.3333,4859.6,404.9666666666667,37.25,3.625,0.0,10.3,45,0.4024,Poor
514,Green Point,Chennai,Healthy Food,QSR,4.3,565.0,15,9,4,0.2667,5406.3,360.42,35.46666666666667,3.75,0.1333,32.4,37,0.5469,Good
515,Spicy Point,Indore,Fast Food,Cloud Kitchen,3.4,377.0,18,13,1,0.0556,6799.8,377.76666666666665,39.333333333333336,3.076923076923077,0.0556,60.2,13,0.4996,Average
516,Royal Grill,Raipur,Seafood,Dine-in,4.2,133.0,16,11,3,0.1875,6745.8,421.6125,36.25,3.8333333333333335,0.0625,41.9,26,0.5865,Good
517,Green Corner,Hyderabad,Fast Food,QSR,4.3,207.0,7,3,2,0.2857,3110.35,444.3357142857143,41.714285714285715,3.6666666666666665,0.0,0.3,48,0.4385,Poor
518,Blue Diner,Surat,Pizza,QSR,3.2,343.0,15,12,2,0.1333,6593.8,439.5866666666667,31.866666666666667,3.9166666666666665,0.0,32.4,27,0.4371,Poor
519,Grand Cafe,Chennai,Mexican,Delivery Only,3.6,486.0,17,16,1,0.0588,6868.3,404.0176470588235,39.5625,3.2142857142857144,0.2941,51.2,22,0.5255,Average
520,Green House,Vadodara,Burgers,QSR,4.0,464.0,13,5,5,0.3846,5051.75,388.59615384615387,37.92307692307692,3.375,0.0769,16.2,32,0.4645,Poor
521,Blue House,Delhi,Street Food,Dine-in,3.4,691.0,16,11,3,0.1875,6198.35,387.396875,45.333333333333336,2.8461538461538463,0.3125,41.9,33,0.4527,Poor
522,The Point,Kochi,Bakery,Delivery Only,3.9,636.0,20,12,5,0.25,7457.3,372.865,33.1,3.0,0.05,77.2,19,0.5733,Good
523,Spicy House,Jaipur,Biryani,Dine-in,2.8,557.0,18,10,3,0.1667,6868.5,381.5833333333333,38.44444444444444,3.5,0.1667,60.2,20,0.396,Poor
524,Green Point,Chennai,Burgers,Dine-in,3.6,601.0,16,11,5,0.3125,7098.2,443.6375,35.625,2.7777777777777777,0.125,41.9,17,0.4887,Average
525,Curry Diner,Bengaluru,South Indian,Dine-in,4.8,216.0,13,10,1,0.0769,4751.5,365.5,38.61538461538461,3.0,0.1538,16.2,44,0.6208,Top
526,Grand Bites,Visakhapatnam,Fast Food,Dine-in & Delivery,4.3,330.0,13,9,3,0.2308,6021.75,463.21153846153845,31.923076923076923,3.5714285714285716,0.1538,16.2,34,0.5591,Good
527,Grand Kitchen,Pune,BBQ,Dine-in,3.0,635.0,19,13,3,0.1579,7859.3,413.64736842105265,36.78947368421053,3.4615384615384617,0.0526,69.2,9,0.4598,Poor
528,Tasty Bites,Nagpur,Street Food,Dine-in & Delivery,4.8,872.0,20,10,5,0.25,7699.2,384.96,40.45,2.9285714285714284,0.15,77.2,6,0.7134,Top
529,Grand House,Ludhiana,Street Food,QSR,4.1,161.0,24,13,7,0.2917,10402.75,433.4479166666667,43.21739130434783,3.4615384615384617,0.1667,94.5,2,0.6996,Top
530,Royal Bites,Pune,Street Food,Cloud Kitchen,3.8,428.0,20,14,4,0.2,7223.9,361.195,40.2,3.642857142857143,0.2,77.2,17,0.5594,Good
531,Royal Grill,Surat,Chinese,Dine-in & Delivery,4.4,445.0,19,13,4,0.2105,6861.3,361.12105263157895,46.44444444444444,3.090909090909091,0.2632,69.2,22,0.6314,Top
532,Royal Hub,Indore,Italian,QSR,2.9,576.0,16,10,4,0.25,6016.85,376.053125,38.0625,3.8181818181818183,0.125,41.9,21,0.3642,Poor
533,Tasty Kitchen,Mumbai,Pizza,Cloud Kitchen,3.9,630.0,15,11,3,0.2,5893.3,392.88666666666666,36.4,3.8,0.0667,32.4,31,0.5112,Average
534,Green Point,Lucknow,Burgers,Dine-in,4.0,587.0,18,12,3,0.1667,6885.45,382.525,37.76470588235294,3.3846153846153846,0.0556,60.2,25,0.5743,Good
535,Curry Cafe,Ahmedabad,South Indian,Dine-in,3.9,506.0,25,19,3,0.12,11502.8,460.11199999999997,34.333333333333336,3.55,0.0,96.6,2,0.7317,Top
536,The Corner,Nagpur,Seafood,QSR,,520.0,12,8,1,0.0833,5124.15,427.0125,42.75,3.2,0.3333,10.3,31,0.489,Average
537,Curry Kitchen,Visakhapatnam,Street Food,Dine-in,3.8,547.0,20,14,2,0.1,9038.5,451.925,42.85,3.6470588235294117,0.3,77.2,3,0.6251,Top
538,Urban House,Kolkata,Chinese,Delivery Only,3.3,729.0,16,8,4,0.25,6416.2,401.0125,36.333333333333336,3.6363636363636362,0.125,41.9,32,0.4346,Poor
539,Green Hub,Nagpur,Continental,QSR,4.0,608.0,21,13,7,0.3333,6919.65,329.50714285714287,37.476190476190474,3.6363636363636362,0.1905,83.6,15,0.5657,Good
540,Grand House,Coimbatore,North Indian,Delivery Only,3.9,570.0,21,12,7,0.3333,7965.599999999999,398.28,34.523809523809526,3.090909090909091,0.0952,83.6,15,0.5801,Good
541,Royal Corner,Raipur,Burgers,Cloud Kitchen,2.8,428.0,15,10,2,0.1333,5277.5,351.8333333333333,38.266666666666666,3.2,0.0667,32.4,40,0.341,Poor
542,The Diner,Lucknow,Thai,QSR,3.5,378.0,28,21,5,0.1786,9796.05,349.8589285714285,33.17857142857143,3.95,0.0714,99.5,1,0.6314,Top
543,Blue Point,Kolkata,Sushi,Delivery Only,4.4,130.0,20,14,5,0.25,9290.6,464.53000000000003,39.94736842105263,3.272727272727273,0.1,77.2,4,0.6986,Top
544,Blue Cafe,Lucknow,Mexican,Cloud Kitchen,4.3,542.0,16,12,3,0.1875,6545.0,409.0625,42.6875,3.375,0.375,41.9,30,0.5957,Good
545,Grand Corner,Chennai,Pizza,Delivery Only,4.5,100.0,21,10,8,0.381,9752.15,464.3880952380952,34.142857142857146,3.923076923076923,0.1429,83.6,2,0.7118,Top
546,The House,Bengaluru,Thai,Delivery Only,4.2,500.0,19,13,5,0.2632,5942.8,312.7789473684211,39.0,3.1538461538461537,0.1579,69.2,35,0.5682,Good
547,Grand Grill,Guwahati,Bakery,QSR,3.9,738.0,23,19,3,0.1304,8403.25,365.35869565217394,37.30434782608695,3.1333333333333333,0.2174,91.9,9,0.6332,Top
548,Spicy Grill,Nashik,Italian,Cloud Kitchen,2.8,475.0,11,10,0,0.0,4489.0,408.09090909090907,35.54545454545455,3.909090909090909,0.0,5.9,40,0.3183,Poor
549,Curry Grill,Visakhapatnam,Mughlai,Dine-in,4.4,124.0,16,9,4,0.25,6758.5,422.40625,36.666666666666664,3.3,0.1875,41.9,25,0.6071,Top
550,Spicy Diner,Chennai,Biryani,Dine-in & Delivery,4.2,515.0,14,9,4,0.2857,5301.25,378.6607142857143,42.42857142857143,3.6666666666666665,0.2143,23.3,39,0.5211,Average
551,Green Bites,Jaipur,Street Food,Cloud Kitchen,2.8,669.0,21,15,5,0.2381,8113.25,386.3452380952381,39.61904761904762,4.0,0.1905,83.6,8,0.4356,Poor
552,Blue Treats,Patna,Desserts,Cloud Kitchen,3.5,765.0,14,8,6,0.4286,5367.8,383.4142857142857,36.42857142857143,3.25,0.1429,23.3,42,0.3978,Poor
553,Royal Treats,Mumbai,Fast Food,Cloud Kitchen,4.2,509.0,12,10,1,0.0833,4552.6,379.3833333333334,41.583333333333336,3.8,0.1667,10.3,42,0.5202,Average
554,Spicy Kitchen,Jaipur,Mughlai,Delivery Only,4.4,628.0,13,9,3,0.2308,4986.45,383.5730769230769,35.5,3.625,0.0769,16.2,36,0.545,Good
555,Spicy Kitchen,Bhopal,Healthy Food,Cloud Kitchen,2.9,109.0,13,9,2,0.1538,4491.35,345.4884615384616,40.30769230769231,3.5555555555555554,0.0769,16.2,45,0.3205,Poor
556,Green Hub,Indore,Pizza,Dine-in & Delivery,3.8,235.0,12,7,4,0.3333,5744.1,478.675,34.583333333333336,2.75,0.0,10.3,23,0.4567,Poor
557,Curry Point,Mumbai,Street Food,Delivery Only,4.7,251.0,20,12,5,0.25,8391.95,419.5975,35.31578947368421,3.3846153846153846,0.05,77.2,7,0.7179,Top
558,Tasty Cafe,Ludhiana,Fast Food,Dine-in & Delivery,3.9,566.0,14,7,5,0.3571,5463.2,390.2285714285714,43.214285714285715,3.4444444444444446,0.2143,23.3,34,0.4705,Average
559,Royal House,Bengaluru,Thai,Dine-in,5.0,679.0,13,11,1,0.0769,5363.65,412.5884615384615,38.25,3.375,0.1538,16.2,38,0.6675,Top
560,Grand Kitchen,Delhi,Seafood,Dine-in,3.6,554.0,15,10,5,0.3333,5993.3,399.55333333333334,35.333333333333336,3.5,0.0,32.4,34,0.4496,Poor
561,Grand Point,Raipur,South Indian,Cloud Kitchen,4.2,574.0,18,13,4,0.2222,5991.65,332.8694444444444,39.94444444444444,3.9166666666666665,0.1667,60.2,32,0.5706,Good
562,Curry Treats,Surat,Burgers,Dine-in & Delivery,3.4,856.0,17,11,4,0.2353,6408.150000000001,376.95000000000005,36.25,3.1666666666666665,0.0588,51.2,31,0.4566,Poor
563,Tasty Cafe,Ahmedabad,,Dine-in,3.3,586.0,23,15,6,0.2609,9333.2,405.7913043478261,35.17391304347826,3.3529411764705883,0.087,91.9,7,0.5507,Good
564,Tasty Bites,Bengaluru,Thai,Cloud Kitchen,3.5,528.0,19,17,2,0.1053,6918.8,364.14736842105265,36.611111111111114,3.066666666666667,0.0526,69.2,21,0.5155,Average
565,Grand Hub,Vadodara,Fast Food,Dine-in,3.8,189.0,16,11,2,0.125,6743.85,421.490625,33.9375,3.4615384615384617,0.0625,41.9,16,0.5366,Good
566,Tasty Treats,Ahmedabad,Fast Food,QSR,2.7,627.0,16,11,3,0.1875,6508.65,406.790625,46.266666666666666,3.3636363636363638,0.25,41.9,27,0.3577,Poor
567,Urban Treats,Ahmedabad,Desserts,Cloud Kitchen,3.6,477.0,11,8,2,0.1818,4029.75,366.34090909090907,40.09090909090909,3.125,0.2727,5.9,49,0.3967,Poor
568,Golden Kitchen,Kolkata,Healthy Food,Dine-in,4.8,574.0,9,4,3,0.3333,3818.0,424.22222222222223,41.55555555555556,3.2,0.0,1.7,50,0.5355,Good
569,Grand Cafe,Kochi,BBQ,Dine-in,2.5,205.0,22,19,2,0.0909,7502.85,341.0386363636364,43.42857142857143,3.6,0.3636,88.7,18,0.4013,Poor
570,Urban Treats,Bengaluru,Fast Food,Dine-in,3.0,283.0,19,16,2,0.1053,6776.85,356.6763157894737,34.578947368421055,3.25,0.0,69.2,24,0.4375,Poor
571,Golden Point,Hyderabad,Italian,Delivery Only,3.8,960.0,19,13,6,0.3158,7714.5,406.0263157894737,38.611111111111114,3.272727272727273,0.2105,69.2,8,0.5506,Good
572,Tasty Cafe,Visakhapatnam,Healthy Food,Delivery Only,4.4,521.0,18,9,5,0.2778,6611.15,367.2861111111111,30.166666666666668,3.727272727272727,0.0,60.2,27,0.6092,Top
573,Curry Point,Ludhiana,North Indian,Dine-in,4.1,545.0,15,12,0,0.0,5630.9,375.3933333333333,37.6,3.3333333333333335,0.2,32.4,31,0.5635,Good
574,Curry Kitchen,Chennai,South Indian,Dine-in,3.0,168.0,19,12,4,0.2105,7287.45,383.55,36.10526315789474,3.7857142857142856,0.0526,69.2,15,0.4359,Poor
575,Blue Cafe,Ahmedabad,Street Food,Dine-in,4.1,450.0,21,14,4,0.1905,8237.2,392.2476190476191,37.05,3.5625,0.0476,83.6,13,0.6388,Top
576,The House,Ludhiana,Healthy Food,Delivery Only,4.1,771.0,21,13,4,0.1905,8610.2,410.00952380952384,35.61904761904762,2.5,0.1429,83.6,7,0.6492,Top
577,Curry Point,Coimbatore,Chinese,Delivery Only,3.6,376.0,13,11,1,0.0769,4821.55,370.88846153846157,40.083333333333336,3.4444444444444446,0.2308,16.2,42,0.4449,Poor
578,Spicy Treats,Hyderabad,South Indian,QSR,4.0,109.0,29,17,7,0.2414,11947.9,411.99655172413793,38.333333333333336,3.3333333333333335,0.069,99.8,1,0.7614,Top
579,Royal House,Coimbatore,Burgers,Dine-in & Delivery,3.2,722.0,19,12,4,0.2105,7051.3,371.12105263157895,38.89473684210526,3.8461538461538463,0.1579,69.2,24,0.459,Poor
580,Curry Point,Coimbatore,Fast Food,Dine-in & Delivery,3.8,351.0,23,16,3,0.1304,8608.6,374.28695652173917,38.81818181818182,4.214285714285714,0.087,91.9,8,0.6241,Top
581,Royal Point,Raipur,Pizza,Cloud Kitchen,4.0,116.0,18,13,4,0.2222,6925.45,384.7472222222222,34.72222222222222,3.25,0.0556,60.2,23,0.5671,Good
582,Royal Cafe,Delhi,BBQ,Dine-in & Delivery,3.7,335.0,13,8,4,0.3077,4566.1,351.2384615384616,36.15384615384615,4.375,0.0769,16.2,49,0.418,Poor
583,Green Treats,Hyderabad,Fast Food,Dine-in & Delivery,4.1,100.0,14,6,6,0.4286,4927.9,351.99285714285713,40.0,4.6,0.0714,23.3,39,0.4744,Average
584,Golden House,Kochi,South Indian,Cloud Kitchen,3.5,357.0,26,17,5,0.1923,11548.55,444.17499999999995,37.11538461538461,3.3529411764705883,0.0769,98.0,1,0.668,Top
585,Tasty Cafe,Ahmedabad,Biryani,Dine-in,3.7,660.0,19,10,8,0.4211,7719.1,406.2684210526316,34.89473684210526,3.7777777777777777,0.1579,69.2,19,0.5201,Average
586,Blue Kitchen,Kochi,Italian,QSR,3.5,1065.0,15,11,3,0.2,5881.1,392.0733333333334,37.93333333333333,3.909090909090909,0.1333,32.4,29,0.4516,Poor
587,Spicy House,Bengaluru,Desserts,Dine-in,4.3,352.0,21,12,8,0.381,6573.65,313.0309523809524,37.95238095238095,2.8461538461538463,0.0952,83.6,29,0.5934,Good
588,Royal Cafe,Bengaluru,Mughlai,Cloud Kitchen,4.2,595.0,19,12,5,0.2632,6987.55,367.7657894736842,39.63157894736842,3.3076923076923075,0.0526,69.2,20,0.5974,Good
589,Green House,Coimbatore,South Indian,Cloud Kitchen,3.7,680.0,15,11,3,0.2,5096.8,339.7866666666667,40.86666666666667,3.909090909090909,0.1333,32.4,41,0.4593,Poor
590,Green Diner,Chennai,Healthy Food,Dine-in,3.4,567.0,17,9,5,0.2941,5285.95,310.93823529411765,28.647058823529413,3.5833333333333335,0.0,51.2,40,0.4164,Poor
591,Grand Point,Kochi,Fast Food,QSR,3.8,507.0,11,4,5,0.4545,4258.95,387.17727272727274,33.90909090909091,3.6,0.0909,5.9,49,0.3919,Poor
592,Golden Point,Surat,BBQ,QSR,4.0,453.0,18,12,6,0.3333,6564.3,364.68333333333334,40.44444444444444,3.2222222222222223,0.1667,60.2,29,0.5403,Good
593,Green Cafe,Chandigarh,Bakery,Dine-in,4.9,332.0,17,11,6,0.3529,6534.25,384.36764705882354,36.35294117647059,2.909090909090909,0.1765,51.2,29,0.6647,Top
594,Grand Grill,Raipur,Street Food,Dine-in,3.5,432.0,11,9,1,0.0909,4472.5,406.59090909090907,39.54545454545455,3.9,0.1818,5.9,47,0.4079,Poor
595,Green Bites,Ludhiana,Fast Food,QSR,4.6,457.0,23,14,6,0.2609,9024.3,392.36086956521734,37.869565217391305,3.5714285714285716,0.087,91.9,6,0.7346,Top
596,The Hub,Lucknow,Mexican,Dine-in & Delivery,3.9,,16,11,2,0.125,6299.0,393.6875,32.0,3.1818181818181817,0.125,41.9,34,0.539,Good
597,Blue Treats,Vadodara,Mughlai,Dine-in & Delivery,3.7,663.0,17,12,2,0.1176,6642.7,390.7470588235294,41.8235294117647,3.5454545454545454,0.1765,51.2,18,0.5252,Average
598,Urban Hub,Indore,Thai,QSR,,500.0,16,12,3,0.1875,5565.55,347.846875,30.625,4.166666666666667,0.0,41.9,25,0.5064,Average
599,Grand Kitchen,Vadodara,Chinese,QSR,3.6,605.0,14,9,3,0.2143,4889.75,349.26785714285717,28.0,3.5555555555555554,0.0,23.3,34,0.4314,Poor
600,Green Treats,Bengaluru,BBQ,Cloud Kitchen,4.5,264.0,17,12,4,0.2353,6346.9,373.3470588235294,37.88235294117647,3.7,0.1176,51.2,32,0.6178,Top
601,Spicy Kitchen,Lucknow,Street Food,QSR,3.4,281.0,15,9,3,0.2,5759.95,383.99666666666667,31.466666666666665,3.3636363636363638,0.0667,32.4,38,0.4334,Poor
602,Golden Cafe,Surat,Mexican,QSR,4.4,257.0,23,14,6,0.2609,10035.5,436.32608695652175,34.04347826086956,3.4285714285714284,0.2174,91.9,3,0.7333,Top
603,Spicy Point,Coimbatore,,Dine-in,3.7,253.0,17,11,5,0.2941,6783.55,399.0323529411765,36.8235294117647,3.1,0.1765,51.2,27,0.5027,Average
604,Blue Kitchen,Lucknow,Italian,QSR,4.7,343.0,18,12,3,0.1667,8596.6,477.5888888888889,36.27777777777778,3.6666666666666665,0.0,60.2,5,0.7258,Top
605,Spicy Bites,Bhopal,Burgers,Cloud Kitchen,4.7,444.0,17,10,1,0.0588,7017.5,412.79411764705884,31.88235294117647,3.533333333333333,0.0,51.2,16,0.6927,Top
606,The Kitchen,Bhubaneswar,Italian,QSR,,609.0,15,9,5,0.3333,5729.25,381.95,37.13333333333333,3.875,0.1333,32.4,36,0.4839,Average
607,Tasty Diner,Jaipur,Fast Food,QSR,3.9,732.0,12,10,1,0.0833,4645.65,387.1375,34.0,3.1,0.0,10.3,40,0.4783,Average
608,Green House,Kolkata,Desserts,Delivery Only,3.8,359.0,21,14,4,0.1905,8830.4,420.49523809523805,34.25,4.357142857142857,0.0952,83.6,5,0.6109,Top
609,Spicy Grill,Patna,Biryani,Dine-in & Delivery,3.7,698.0,16,12,1,0.0625,6255.150000000001,390.94687500000003,38.25,3.1538461538461537,0.125,41.9,32,0.5175,Average
610,Green House,Mumbai,Italian,Cloud Kitchen,4.0,302.0,19,9,7,0.3684,7851.0,413.2105263157895,36.22222222222222,3.6,0.0526,69.2,11,0.5762,Good
611,Curry Kitchen,Ahmedabad,Burgers,Cloud Kitchen,3.2,492.0,22,16,4,0.1818,8690.8,395.0363636363636,39.90909090909091,3.1666666666666665,0.1364,88.7,11,0.5246,Average
612,Royal House,Chandigarh,Burgers,Dine-in,3.4,100.0,11,7,4,0.3636,4678.599999999999,425.32727272727266,29.454545454545453,3.3333333333333335,0.0,5.9,47,0.358,Poor
613,Grand House,Delhi,South Indian,Cloud Kitchen,4.4,203.0,20,16,2,0.1,6953.2,347.65999999999997,44.15,4.0,0.15,77.2,23,0.6558,Top
614,Blue Point,Patna,Desserts,Cloud Kitchen,3.0,422.0,17,14,1,0.0588,7741.8,455.40000000000003,33.470588235294116,3.5384615384615383,0.0588,51.2,19,0.461,Poor
615,Golden Kitchen,Hyderabad,Thai,Dine-in,3.8,275.0,20,16,2,0.1,7341.0,367.05,39.95,3.230769230769231,0.15,77.2,11,0.5777,Good
616,The Cafe,Indore,North Indian,Cloud Kitchen,4.0,390.0,13,5,8,0.6154,5481.2,421.6307692307692,31.23076923076923,2.6666666666666665,0.1538,16.2,27,0.4419,Poor
617,Spicy Corner,Mumbai,Italian,Cloud Kitchen,5.0,411.0,12,7,4,0.3333,4848.8,404.06666666666666,35.0,3.875,0.0,10.3,40,0.6095,Top
618,Green Corner,Kolkata,North Indian,Dine-in & Delivery,3.3,510.0,17,13,1,0.0588,5920.6,348.27058823529416,39.11764705882353,3.7857142857142856,0.0588,51.2,41,0.4546,Poor
619,Royal Grill,Mumbai,Bakery,QSR,4.1,382.0,17,16,1,0.0588,6746.2,396.83529411764704,40.529411764705884,3.4,0.1765,51.2,22,0.5962,Good
620,Blue House,Kolkata,Sushi,Cloud Kitchen,3.1,759.0,25,14,9,0.36,8600.65,344.026,31.8,3.6923076923076925,0.08,96.6,7,0.4961,Average
621,Spicy Bites,Kochi,Desserts,Dine-in & Delivery,3.3,626.0,15,10,5,0.3333,4908.75,327.25,34.733333333333334,3.0,0.0,32.4,41,0.3748,Poor
622,Blue Hub,Chennai,Sushi,Cloud Kitchen,4.5,388.0,10,10,0,0.0,3537.55,353.755,40.5,3.875,0.1,3.2,45,0.5384,Good
623,Blue Treats,Chandigarh,Sushi,QSR,4.3,643.0,16,10,3,0.1875,5063.75,316.484375,36.2,2.9,0.25,41.9,43,0.5543,Good
624,The House,Guwahati,South Indian,QSR,3.4,744.0,13,7,3,0.2308,4546.65,349.7423076923077,38.92307692307692,4.375,0.1538,16.2,43,0.3845,Poor
625,Grand Bites,Ahmedabad,Biryani,QSR,4.1,100.0,16,10,3,0.1875,6345.599999999999,396.59999999999997,38.13333333333333,3.4,0.0625,41.9,30,0.5605,Good
626,Spicy Cafe,Nagpur,North Indian,QSR,4.0,338.0,15,13,2,0.1333,6239.3,415.9533333333333,37.6,4.333333333333333,0.2,32.4,21,0.5457,Good
627,Golden Cafe,Surat,Sushi,Delivery Only,4.1,321.0,14,8,4,0.2857,5407.8,386.2714285714286,36.285714285714285,3.4444444444444446,0.0714,23.3,42,0.5092,Average
628,The House,Ludhiana,North Indian,Dine-in,3.6,242.0,25,14,6,0.24,9305.45,372.218,43.125,3.5,0.16,96.6,5,0.6078,Top
629,Green Grill,Nagpur,Pizza,Dine-in,4.0,554.0,20,10,8,0.4,7625.8,381.29,33.1,4.222222222222222,0.1,77.2,8,0.5703,Good
630,Urban Treats,Patna,Seafood,Delivery Only,3.9,391.0,16,10,1,0.0625,6264.4,391.525,40.5,3.642857142857143,0.125,41.9,31,0.5474,Good
631,Royal House,Hyderabad,Mughlai,Dine-in,3.9,661.0,18,11,7,0.3889,7173.35,398.51944444444445,35.294117647058826,3.272727272727273,0.1111,60.2,14,0.5342,Average
632,The Point,Nagpur,Street Food,Dine-in & Delivery,3.4,182.0,16,6,5,0.3125,7254.05,453.378125,38.25,3.5,0.125,41.9,11,0.4635,Poor
633,Spicy Diner,Delhi,Mexican,Cloud Kitchen,3.3,122.0,17,9,5,0.2941,5832.45,343.08529411764704,35.705882352941174,3.4545454545454546,0.0588,51.2,38,0.4169,Poor
634,Tasty Kitchen,Nagpur,Thai,QSR,3.4,678.0,20,14,5,0.25,8431.15,421.5575,36.1578947368421,4.0,0.1,77.2,5,0.5264,Average
635,Tasty Corner,Jaipur,Pizza,QSR,3.1,399.0,22,15,5,0.2273,7864.75,357.4886363636364,41.27272727272727,3.5,0.2727,88.7,11,0.4799,Average
636,The Grill,Hyderabad,Seafood,Dine-in,4.2,452.0,19,14,2,0.1053,7554.05,397.5815789473684,35.8421052631579,3.642857142857143,0.0526,69.2,9,0.637,Top
637,Urban Diner,Coimbatore,Sushi,Dine-in & Delivery,4.3,333.0,15,9,4,0.2667,6329.8,421.9866666666667,38.785714285714285,3.25,0.0667,32.4,33,0.5727,Good
638,Urban Diner,Patna,Street Food,Cloud Kitchen,,372.0,24,17,2,0.0833,10238.55,426.60625,38.625,3.7,0.0833,94.5,4,0.6939,Top
639,Blue Grill,Bhubaneswar,Seafood,QSR,4.2,996.0,21,12,5,0.2381,8248.15,392.7690476190476,35.523809523809526,3.8,0.0952,83.6,11,0.6468,Top
640,Urban Diner,Vadodara,Thai,Dine-in,3.9,402.0,13,10,1,0.0769,4007.25,308.25,32.76923076923077,3.3333333333333335,0.0769,16.2,37,0.4666,Poor
641,Royal Point,Lucknow,Pizza,Delivery Only,3.4,798.0,15,8,3,0.2,5740.55,382.7033333333333,35.214285714285715,4.555555555555555,0.0667,32.4,39,0.4329,Poor
642,Urban Hub,Visakhapatnam,Healthy Food,Dine-in & Delivery,3.7,326.0,20,13,5,0.25,6927.2,346.36,34.8,3.4545454545454546,0.0,77.2,23,0.5288,Average
643,Urban Diner,Chandigarh,Biryani,QSR,3.8,814.0,14,9,4,0.2857,4942.15,353.01071428571424,29.928571428571427,2.75,0.0,23.3,44,0.4518,Poor
644,Blue Bites,Guwahati,Healthy Food,Delivery Only,3.6,444.0,24,13,9,0.375,9165.45,381.89375,40.17391304347826,3.6363636363636362,0.0833,94.5,6,0.5785,Good
645,Tasty Cafe,Lucknow,Burgers,QSR,2.6,646.0,19,13,4,0.2105,7622.2,401.1684210526316,29.210526315789473,3.7142857142857144,0.0,69.2,15,0.386,Poor
646,Green Kitchen,Kolkata,Street Food,Delivery Only,3.8,632.0,20,15,4,0.2,7747.0,387.35,43.0,3.4285714285714284,0.2,77.2,19,0.574,Good
647,The House,Vadodara,Chinese,QSR,4.2,481.0,24,17,4,0.1667,9829.5,409.5625,36.625,4.125,0.0833,94.5,2,0.7172,Top
648,Grand Point,Pune,Continental,Dine-in,3.7,462.0,8,6,2,0.25,2866.25,358.28125,42.125,3.75,0.125,0.8,55,0.3533,Poor
649,The Point,Hyderabad,Healthy Food,QSR,3.2,494.0,14,7,3,0.2143,6084.5,434.60714285714283,36.785714285714285,3.5555555555555554,0.0714,23.3,25,0.4055,Poor
650,Royal House,Chandigarh,Healthy Food,QSR,4.2,466.0,24,16,5,0.2083,8799.4,366.64166666666665,34.625,3.9411764705882355,0.0417,94.5,3,0.6822,Top
651,Urban House,Visakhapatnam,Bakery,Dine-in & Delivery,3.9,328.0,20,14,2,0.1,6924.65,346.23249999999996,42.21052631578947,2.933333333333333,0.15,77.2,24,0.5809,Good
652,Urban Point,Hyderabad,Chinese,QSR,3.8,230.0,16,11,3,0.1875,6665.75,416.609375,38.25,3.923076923076923,0.125,41.9,19,0.525,Average
653,The Diner,Indore,Thai,Dine-in & Delivery,3.6,862.0,11,5,4,0.3636,4189.6,380.87272727272733,38.0,4.428571428571429,0.0909,5.9,39,0.3739,Poor
654,Spicy House,Pune,Sushi,Delivery Only,3.9,547.0,12,9,3,0.25,4085.3,340.44166666666666,37.75,3.125,0.1667,10.3,53,0.4377,Poor
655,Tasty Kitchen,Patna,Thai,Cloud Kitchen,3.9,463.0,17,9,5,0.2941,6329.55,372.3264705882353,39.06666666666667,3.909090909090909,0.1765,51.2,29,0.5196,Average
656,Royal Cafe,Lucknow,Biryani,QSR,4.0,401.0,16,13,2,0.125,6198.75,387.421875,33.625,3.4,0.0625,41.9,35,0.551,Good
657,Blue House,Kochi,Seafood,Dine-in,,306.0,20,13,6,0.3,6694.25,334.7125,42.5,2.8181818181818183,0.15,77.2,22,0.5417,Good
658,Spicy Cafe,Vadodara,South Indian,Dine-in,3.2,489.0,17,9,5,0.2941,7127.5,419.2647058823529,35.705882352941174,3.125,0.0588,51.2,13,0.4382,Poor
659,Green Kitchen,Hyderabad,Mughlai,Delivery Only,,320.0,13,11,1,0.0769,4697.5,361.34615384615387,37.416666666666664,3.142857142857143,0.1538,16.2,44,0.4832,Average
660,Urban Kitchen,Lucknow,Fast Food,QSR,4.3,584.0,13,6,4,0.3077,5693.4,437.95384615384614,31.692307692307693,3.5,0.0769,16.2,41,0.5384,Good
661,The House,Chennai,Thai,Delivery Only,4.7,822.0,15,8,5,0.3333,5830.3,388.68666666666667,28.0,3.2222222222222223,0.0,32.4,33,0.608,Top
662,Grand Hub,Bhopal,Fast Food,Delivery Only,4.2,,17,12,4,0.2353,8043.450000000001,473.14411764705886,36.76470588235294,3.6666666666666665,0.1765,51.2,9,0.6208,Top
663,Grand House,Ahmedabad,BBQ,Dine-in,3.1,645.0,16,13,2,0.125,7154.3,447.14375,38.75,3.0833333333333335,0.1875,41.9,21,0.4443,Poor
664,Grand Kitchen,Vadodara,Healthy Food,Delivery Only,4.5,398.0,19,11,4,0.2105,8911.25,469.0131578947368,40.94736842105263,4.0,0.1053,69.2,6,0.7035,Top
665,Curry Bites,Indore,BBQ,Cloud Kitchen,4.1,244.0,11,8,2,0.1818,4276.25,388.75,41.0,3.0,0.1818,5.9,36,0.4777,Average
666,Golden Point,Hyderabad,Pizza,Delivery Only,3.6,185.0,17,10,6,0.3529,5792.85,340.75588235294117,33.6875,3.090909090909091,0.0,51.2,27,0.4514,Poor
667,Blue Grill,Pune,Fast Food,Delivery Only,4.0,370.0,18,12,4,0.2222,7550.9,419.4944444444444,36.588235294117645,3.9285714285714284,0.1111,60.2,13,0.5845,Good
668,Royal Kitchen,Indore,Pizza,Dine-in & Delivery,4.5,,18,11,2,0.1111,6477.25,359.84722222222223,36.588235294117645,3.857142857142857,0.1667,60.2,18,0.6453,Top
669,Urban Bites,Lucknow,Italian,Dine-in,4.1,452.0,19,13,3,0.1579,7186.9,378.2578947368421,35.10526315789474,4.333333333333333,0.1053,69.2,22,0.604,Top
670,Green Corner,Chennai,South Indian,Delivery Only,4.7,740.0,17,15,1,0.0588,6413.2,377.2470588235294,39.23529411764706,4.0,0.1765,51.2,27,0.6758,Top
671,Golden Treats,Kochi,Thai,Delivery Only,3.8,509.0,16,12,2,0.125,5101.85,318.865625,36.25,3.5714285714285716,0.0,41.9,37,0.4907,Average
672,Grand Bites,Raipur,Bakery,Dine-in & Delivery,4.6,214.0,20,13,4,0.2,7788.0,389.4,34.95,3.533333333333333,0.1,77.2,14,0.6937,Top
673,Curry Bites,Nagpur,Sushi,QSR,4.1,379.0,11,8,3,0.2727,3399.25,309.02272727272725,28.545454545454547,3.375,0.0,5.9,37,0.4396,Poor
674,The House,Delhi,Italian,Dine-in,4.6,556.0,16,10,3,0.1875,5734.45,358.403125,37.625,3.9166666666666665,0.0625,41.9,39,0.6175,Top
675,Spicy Hub,Chandigarh,Sushi,Dine-in & Delivery,3.0,366.0,10,6,4,0.4,3729.9,372.99,33.8,4.4,0.1,3.2,50,0.2616,Poor
676,The Point,Nashik,Continental,Delivery Only,4.6,628.0,12,9,2,0.1667,5261.05,438.42083333333335,41.27272727272727,3.5555555555555554,0.3333,10.3,34,0.5867,Good
677,Spicy Kitchen,Vadodara,Continental,Dine-in,3.4,254.0,14,11,1,0.0714,6190.7,442.1928571428571,35.0,3.0,0.0714,23.3,24,0.4596,Poor
678,Curry Corner,Pune,Desserts,QSR,3.9,439.0,14,10,3,0.2143,5812.95,415.2107142857143,39.642857142857146,4.0,0.1429,23.3,36,0.5016,Average
679,Royal House,Lucknow,Bakery,Dine-in & Delivery,3.8,369.0,18,13,1,0.0556,7728.35,429.3527777777778,36.666666666666664,4.083333333333333,0.0556,60.2,14,0.5848,Good
680,Green Bites,Bhopal,Street Food,Dine-in & Delivery,3.6,901.0,17,10,7,0.4118,5642.2,331.8941176470588,32.1764705882353,4.0,0.0588,51.2,33,0.4383,Poor
681,Urban Corner,Ahmedabad,North Indian,QSR,3.7,318.0,14,10,4,0.2857,5497.3,392.6642857142857,36.5,4.0,0.0714,23.3,41,0.4525,Poor
682,Golden Corner,Mumbai,Sushi,Dine-in,4.2,429.0,14,11,2,0.1429,5268.8,376.34285714285716,36.857142857142854,3.6,0.0714,23.3,36,0.5416,Good
683,Grand Point,Lucknow,Desserts,Dine-in & Delivery,3.4,399.0,15,9,5,0.3333,5793.3,386.22,35.6,4.333333333333333,0.1333,32.4,37,0.4143,Poor
684,Curry Treats,Kochi,Seafood,QSR,3.9,536.0,15,12,3,0.2,5442.25,362.81666666666666,39.642857142857146,3.7777777777777777,0.1333,32.4,33,0.4986,Average
685,Spicy Point,Ahmedabad,Continental,Dine-in,4.1,246.0,15,6,6,0.4,6253.05,416.87,35.2,3.7142857142857144,0.0,32.4,33,0.5209,Average
686,Golden Point,Ludhiana,North Indian,Delivery Only,4.2,628.0,9,7,2,0.2222,3446.7000000000003,382.9666666666667,44.0,3.142857142857143,0.3333,1.7,46,0.4529,Poor
687,Golden Point,Hyderabad,Seafood,Cloud Kitchen,3.4,294.0,21,17,3,0.1429,8508.35,405.1595238095238,38.19047619047619,3.5,0.1429,83.6,5,0.5498,Good
688,The Bites,Bhubaneswar,Continental,Dine-in & Delivery,3.8,493.0,18,13,3,0.1667,6275.35,348.6305555555556,37.5,2.8666666666666667,0.0556,60.2,30,0.5276,Average
689,Blue Treats,Hyderabad,Fast Food,QSR,4.0,441.0,13,9,2,0.1538,4839.05,372.2346153846154,49.23076923076923,3.5454545454545454,0.4615,16.2,42,0.4932,Average
690,The House,Bengaluru,Sushi,Dine-in & Delivery,3.2,652.0,16,9,7,0.4375,6551.8,409.4875,31.125,4.111111111111111,0.0,41.9,30,0.3955,Poor
691,Tasty Kitchen,Nashik,Fast Food,Delivery Only,3.4,720.0,15,11,3,0.2,5772.0,384.8,33.06666666666667,3.5,0.0667,32.4,27,0.4337,Poor
692,The Hub,Kochi,Italian,Dine-in & Delivery,4.5,227.0,11,6,4,0.3636,4530.8,411.89090909090913,31.545454545454547,3.7142857142857144,0.0909,5.9,45,0.5168,Average
693,Blue Diner,Hyderabad,Desserts,Dine-in & Delivery,4.1,722.0,11,8,3,0.2727,4227.55,384.32272727272726,46.54545454545455,3.6,0.2727,5.9,46,0.4627,Poor
694,Spicy Bites,Kolkata,Healthy Food,Dine-in & Delivery,4.2,110.0,20,14,5,0.25,7612.4,380.62,32.1,3.5454545454545454,0.1,77.2,22,0.622,Top
695,Spicy Bites,Kolkata,Fast Food,Dine-in,3.9,616.0,19,6,5,0.2632,7727.9,406.7315789473684,36.36842105263158,3.5714285714285716,0.0526,69.2,20,0.5737,Good
696,Golden Bites,Visakhapatnam,Desserts,Cloud Kitchen,4.7,422.0,17,14,1,0.0588,6395.6,376.2117647058824,34.94117647058823,4.153846153846154,0.0588,51.2,28,0.6753,Top
697,Green Grill,Patna,Fast Food,Delivery Only,3.1,887.0,21,11,7,0.3333,10562.55,502.9785714285714,33.9,3.7857142857142856,0.0476,83.6,2,0.5342,Average
698,Spicy Point,Kolkata,South Indian,Cloud Kitchen,3.8,738.0,25,16,3,0.12,8715.6,348.624,38.96,3.85,0.08,96.6,6,0.639,Top
699,Grand Point,Bhubaneswar,Chinese,QSR,3.8,559.0,19,16,1,0.0526,8757.0,460.89473684210526,40.73684210526316,3.2857142857142856,0.1579,69.2,8,0.6192,Top
700,Tasty Hub,Ahmedabad,Biryani,Cloud Kitchen,3.6,316.0,15,9,3,0.2,4979.45,331.9633333333333,37.357142857142854,3.2,0.2,32.4,45,0.4412,Poor
701,Grand Corner,Guwahati,Chinese,Delivery Only,4.8,637.0,15,12,2,0.1333,6032.1,402.14000000000004,34.2,3.25,0.1333,32.4,33,0.6584,Top
702,Tasty Corner,Bhubaneswar,Biryani,Dine-in,3.9,636.0,12,8,3,0.25,4606.650000000001,383.88750000000005,34.833333333333336,4.125,0.0,10.3,45,0.4522,Poor
703,Green Cafe,Mumbai,North Indian,Dine-in & Delivery,3.6,450.0,19,9,6,0.3158,5260.7,276.87894736842105,33.578947368421055,3.6923076923076925,0.1053,69.2,37,0.4524,Poor
704,Urban Grill,Ludhiana,BBQ,Delivery Only,4.0,298.0,14,11,1,0.0714,5790.849999999999,413.6321428571428,31.928571428571427,3.1818181818181817,0.0,23.3,30,0.5373,Good
705,The Hub,Ludhiana,Fast Food,Delivery Only,3.5,100.0,13,9,3,0.2308,4146.7,318.9769230769231,36.30769230769231,3.3,0.0769,16.2,44,0.3882,Poor
706,Spicy Corner,Kochi,Mexican,Dine-in,3.4,815.0,13,8,2,0.1538,5498.25,422.9423076923077,33.76923076923077,4.222222222222222,0.0769,16.2,31,0.4227,Poor
707,Curry House,Vadodara,Fast Food,Dine-in,3.0,443.0,19,11,4,0.2105,7054.35,371.2815789473684,37.89473684210526,3.727272727272727,0.1053,69.2,14,0.4294,Poor
708,Spicy Corner,Delhi,Italian,Dine-in & Delivery,4.0,400.0,11,9,1,0.0909,3995.4,363.21818181818185,43.8,3.875,0.0909,5.9,55,0.4687,Average
709,Curry Cafe,Visakhapatnam,BBQ,Dine-in,4.3,394.0,24,17,4,0.1667,8534.7,355.6125,35.166666666666664,3.5294117647058822,0.0,94.5,5,0.6958,Top
710,The Cafe,Ahmedabad,Mexican,Delivery Only,4.4,559.0,13,9,3,0.2308,5365.1,412.70000000000005,41.23076923076923,4.142857142857143,0.2308,16.2,44,0.5556,Good
711,Tasty Cafe,Patna,Chinese,QSR,3.2,682.0,19,12,6,0.3158,7810.4,411.0736842105263,39.73684210526316,2.923076923076923,0.1053,69.2,17,0.4644,Poor
712,Blue Diner,Visakhapatnam,Bakery,Cloud Kitchen,3.7,100.0,22,15,4,0.1818,6755.7,307.0772727272727,33.72727272727273,3.8461538461538463,0.0455,88.7,26,0.5446,Good
713,The Point,Vadodara,Mughlai,Dine-in & Delivery,4.1,392.0,10,5,4,0.4,3504.25,350.425,34.1,4.0,0.0,3.2,38,0.4182,Poor
714,Spicy Bites,Bengaluru,Biryani,Dine-in,4.7,669.0,28,19,6,0.2143,12243.55,437.26964285714286,35.107142857142854,3.3181818181818183,0.1071,99.5,2,0.8722,Top
715,Curry Cafe,Raipur,Continental,Dine-in,3.4,639.0,18,11,4,0.2222,6702.7,372.3722222222222,42.11764705882353,3.8461538461538463,0.1111,60.2,27,0.4719,Average
716,The House,Lucknow,Chinese,Dine-in & Delivery,3.6,118.0,15,12,3,0.2,5029.85,335.3233333333334,33.6,3.4444444444444446,0.0,32.4,44,0.4426,Poor
717,Spicy Treats,Jaipur,Mughlai,Dine-in & Delivery,3.6,184.0,7,6,0,0.0,2745.45,392.20714285714286,38.285714285714285,3.8333333333333335,0.1429,0.3,45,0.3674,Poor
718,The Point,Delhi,Sushi,Dine-in & Delivery,3.9,836.0,21,16,3,0.1429,8724.35,415.4452380952381,33.523809523809526,3.9444444444444446,0.0952,83.6,7,0.6299,Top
719,Grand Point,Mumbai,Biryani,Dine-in,3.9,542.0,15,12,2,0.1333,6211.35,414.09000000000003,39.666666666666664,3.5,0.1333,32.4,28,0.5301,Average
720,Blue House,Kochi,Pizza,Dine-in,3.4,341.0,17,11,5,0.2941,6119.85,359.99117647058824,38.5,3.5,0.1176,51.2,26,0.4397,Poor
721,Urban Point,Delhi,Desserts,Dine-in & Delivery,4.2,436.0,18,10,5,0.2778,8022.45,445.69166666666666,29.11111111111111,4.25,0.0,60.2,12,0.619,Top
722,Royal House,Mumbai,Healthy Food,Cloud Kitchen,3.5,650.0,11,6,2,0.1818,3826.45,347.85909090909087,41.18181818181818,3.6666666666666665,0.0909,5.9,49,0.3762,Poor
723,Royal House,Ludhiana,Chinese,QSR,4.0,861.0,16,12,4,0.25,7480.75,467.546875,35.5,3.6363636363636362,0.0,41.9,16,0.5681,Good
724,Golden Diner,Mumbai,BBQ,Delivery Only,4.2,223.0,24,14,8,0.3333,9758.0,406.5833333333333,36.375,3.3125,0.0833,94.5,1,0.6902,Top
725,Tasty Treats,Lucknow,Thai,QSR,4.0,209.0,12,7,4,0.3333,4852.35,404.3625,30.833333333333332,4.142857142857143,0.0833,10.3,46,0.4614,Poor
726,Curry Point,Ahmedabad,Mexican,QSR,,252.0,21,14,5,0.2381,9091.2,432.91428571428577,37.0,3.4285714285714284,0.0952,83.6,8,0.6231,Top
727,Golden Point,Nashik,North Indian,Delivery Only,4.5,640.0,18,14,4,0.2222,7487.65,415.98055555555555,40.0,3.5833333333333335,0.2778,60.2,13,0.6568,Top
728,Urban Kitchen,Delhi,BBQ,Dine-in,3.6,515.0,18,13,3,0.1667,8396.05,466.4472222222222,33.27777777777778,4.153846153846154,0.1667,60.2,11,0.5572,Good
729,Curry Kitchen,Guwahati,South Indian,Dine-in,4.0,616.0,11,7,3,0.2727,4455.45,405.04090909090905,40.27272727272727,3.8,0.2727,5.9,45,0.4543,Poor
730,The Grill,Coimbatore,Sushi,Dine-in,4.0,316.0,16,10,3,0.1875,5143.0,321.4375,32.1875,3.4615384615384617,0.0,41.9,40,0.5121,Average
731,Curry Treats,Ludhiana,Fast Food,Dine-in,4.2,562.0,19,10,4,0.2105,7651.3,402.7,38.5,4.0,0.1053,69.2,15,0.6239,Top
732,Spicy House,Delhi,BBQ,Delivery Only,3.4,100.0,25,17,6,0.24,8429.7,337.18800000000005,37.72,3.625,0.2,96.6,9,0.5537,Good
733,Golden Grill,Raipur,Thai,QSR,4.2,524.0,20,14,5,0.25,8190.75,409.5375,39.0,3.3636363636363638,0.15,77.2,10,0.6382,Top
734,Grand Point,Ahmedabad,Mexican,Dine-in,4.1,713.0,28,15,7,0.25,11460.0,409.2857142857143,32.2962962962963,3.25,0.0357,99.5,3,0.7561,Top
735,Tasty Kitchen,Vadodara,Sushi,Delivery Only,4.3,708.0,13,10,2,0.1538,5311.4,408.5692307692307,45.69230769230769,4.5,0.2308,16.2,31,0.5508,Good
736,Spicy Diner,Ahmedabad,Mughlai,Delivery Only,4.3,478.0,15,9,5,0.3333,6016.4,401.0933333333333,35.6,3.875,0.1333,32.4,35,0.5539,Good
737,Blue Diner,Nashik,North Indian,Dine-in,3.3,758.0,15,8,3,0.2,5324.95,354.99666666666667,38.714285714285715,3.3636363636363638,0.0,32.4,33,0.4064,Poor
738,Blue Diner,Surat,BBQ,Dine-in & Delivery,3.8,328.0,17,12,4,0.2353,6369.2,374.65882352941173,33.88235294117647,3.8,0.0588,51.2,32,0.5147,Average
739,Green Corner,Vadodara,South Indian,Dine-in,4.2,100.0,20,14,3,0.15,8743.65,437.1825,35.35,3.769230769230769,0.05,77.2,7,0.6687,Top
740,Tasty Treats,Nagpur,South Indian,Dine-in & Delivery,3.5,324.0,19,16,2,0.1053,6315.3,332.3842105263158,36.21052631578947,3.875,0.0526,69.2,20,0.4986,Average
741,Urban Grill,Coimbatore,Desserts,Dine-in,3.6,837.0,22,12,6,0.2727,8024.5,364.75,37.59090909090909,3.2666666666666666,0.0909,88.7,14,0.5516,Good
742,Grand House,Kolkata,Pizza,Dine-in & Delivery,3.9,322.0,19,15,1,0.0526,8221.6,432.71578947368425,33.68421052631579,4.0625,0.0526,69.2,11,0.6191,Top
743,The Treats,Bhubaneswar,South Indian,Dine-in,3.9,620.0,8,5,3,0.375,2324.95,290.61875,36.625,4.0,0.125,0.8,51,0.3491,Poor
744,Spicy Bites,Bengaluru,BBQ,Cloud Kitchen,2.9,472.0,15,12,2,0.1333,5404.75,360.31666666666666,39.285714285714285,4.0,0.2,32.4,37,0.3594,Poor
745,Curry Diner,Nagpur,North Indian,Dine-in,3.7,503.0,13,8,3,0.2308,5379.9,413.8384615384615,42.69230769230769,3.3333333333333335,0.3077,16.2,29,0.4523,Poor
746,Green Grill,Surat,Mughlai,QSR,3.3,414.0,24,15,8,0.3333,9215.7,383.9875,38.833333333333336,3.3333333333333335,0.0833,94.5,4,0.5417,Good
747,Royal Bites,Pune,North Indian,QSR,3.8,195.0,18,12,6,0.3333,7395.95,410.8861111111111,37.294117647058826,3.75,0.1111,60.2,16,0.5339,Average
748,Curry Diner,Surat,Continental,QSR,4.8,532.0,17,14,3,0.1765,7500.25,441.19117647058823,37.8235294117647,3.6,0.0588,51.2,13,0.7033,Top
749,Royal Point,Raipur,Desserts,QSR,4.4,379.0,10,7,2,0.2,5314.1,531.4100000000001,35.9,4.142857142857143,0.1,3.2,39,0.5432,Good
750,Tasty Bites,Coimbatore,Fast Food,Delivery Only,4.0,209.0,21,16,3,0.1429,8719.85,415.2309523809524,45.476190476190474,3.769230769230769,0.2381,83.6,7,0.6446,Top
751,Golden Diner,Bhopal,South Indian,Delivery Only,3.6,270.0,10,6,2,0.2,4241.75,424.175,28.8,3.5,0.1,3.2,50,0.3948,Poor
752,Blue Hub,Vadodara,Continental,QSR,4.0,791.0,15,12,2,0.1333,6157.3,410.4866666666667,41.8,3.3,0.1333,32.4,25,0.5434,Good
753,Grand Point,Lucknow,Fast Food,Delivery Only,4.4,812.0,21,13,4,0.1905,8986.0,427.9047619047619,33.904761904761905,3.9285714285714284,0.1429,83.6,3,0.7042,Top
754,Grand House,Chandigarh,Thai,Dine-in & Delivery,4.3,534.0,14,8,4,0.2857,5487.599999999999,391.97142857142853,40.30769230769231,3.3333333333333335,0.0714,23.3,40,0.5411,Good
755,Spicy Corner,Patna,Continental,Dine-in,3.4,514.0,18,11,4,0.2222,6694.6,371.9222222222222,37.77777777777778,4.583333333333333,0.2222,60.2,27,0.4717,Average
756,Golden Treats,Kochi,Bakery,QSR,3.7,616.0,12,10,2,0.1667,4004.35,333.6958333333333,42.666666666666664,4.125,0.25,10.3,51,0.4183,Poor
757,Spicy Diner,Mumbai,Street Food,Delivery Only,3.2,428.0,18,9,7,0.3889,7623.2,423.5111111111111,40.05882352941177,3.8,0.0556,60.2,15,0.443,Poor
758,Grand Diner,Guwahati,Seafood,QSR,3.9,807.0,19,10,9,0.4737,7737.05,407.21315789473687,36.333333333333336,3.625,0.0526,69.2,14,0.5424,Good
759,Green Diner,Kolkata,Italian,Dine-in,3.4,683.0,14,9,5,0.3571,5107.95,364.8535714285714,39.285714285714285,4.0,0.1429,23.3,45,0.3865,Poor
760,Urban Bites,Chandigarh,Mexican,QSR,4.3,398.0,16,12,4,0.25,6993.95,437.121875,32.625,3.5833333333333335,0.0625,41.9,19,0.5989,Good
761,Tasty House,Ahmedabad,Pizza,Cloud Kitchen,4.1,400.0,14,9,4,0.2857,5986.55,427.6107142857143,37.714285714285715,3.375,0.0714,23.3,37,0.5254,Average
762,The Hub,Surat,Healthy Food,Delivery Only,3.9,600.0,14,7,5,0.3571,7373.6,526.6857142857143,34.285714285714285,3.875,0.0714,23.3,14,0.5238,Average
763,Golden Corner,Nagpur,Continental,Delivery Only,5.0,642.0,18,11,4,0.2222,6901.400000000001,383.41111111111115,38.388888888888886,2.923076923076923,0.1111,60.2,16,0.7145,Top
764,The Point,Chandigarh,Seafood,Dine-in,4.0,734.0,17,13,3,0.1765,5724.3,336.72352941176473,32.294117647058826,3.5833333333333335,0.0588,51.2,38,0.5352,Average
765,Royal Kitchen,Kochi,Fast Food,Cloud Kitchen,3.2,369.0,17,10,5,0.2941,7697.25,452.77941176470586,33.470588235294116,3.4166666666666665,0.1176,51.2,15,0.4541,Poor
766,The Cafe,Nashik,Seafood,QSR,3.9,242.0,16,10,5,0.3125,7456.849999999999,466.05312499999997,33.5625,3.111111111111111,0.0625,41.9,14,0.5432,Good
767,Green Corner,Indore,Sushi,Cloud Kitchen,3.6,118.0,13,9,2,0.1538,4548.3,349.8692307692308,43.84615384615385,2.875,0.2308,16.2,32,0.4258,Poor
768,Blue Kitchen,Delhi,North Indian,Delivery Only,3.3,400.0,12,8,1,0.0833,4677.65,389.8041666666666,28.666666666666668,3.875,0.0,10.3,46,0.3903,Poor
769,Tasty Diner,Coimbatore,South Indian,Dine-in & Delivery,3.4,534.0,18,15,1,0.0556,7478.55,415.475,39.375,3.75,0.0556,60.2,21,0.5186,Average
770,Urban Kitchen,Chandigarh,South Indian,QSR,4.0,521.0,13,9,3,0.2308,5349.7,411.5153846153846,42.69230769230769,3.5,0.3077,16.2,42,0.4959,Average
771,The Treats,Ludhiana,Bakery,Dine-in,3.6,666.0,15,11,4,0.2667,5288.0,352.53333333333336,36.93333333333333,4.0,0.0667,32.4,36,0.4399,Poor
772,Blue Kitchen,Bhubaneswar,Street Food,Dine-in,4.2,494.0,19,12,6,0.3158,8115.4,427.12631578947367,37.68421052631579,3.0833333333333335,0.0526,69.2,12,0.6211,Top
773,Urban Bites,Patna,Thai,Dine-in & Delivery,4.0,408.0,17,11,3,0.1765,6858.75,403.45588235294116,36.294117647058826,3.5384615384615383,0.1765,51.2,26,0.5669,Good
774,Spicy Point,Kolkata,Street Food,Cloud Kitchen,4.6,678.0,16,12,3,0.1875,6019.4,376.2125,36.333333333333336,3.0833333333333335,0.0,41.9,40,0.6255,Top
775,The Bites,Delhi,Desserts,Cloud Kitchen,3.7,482.0,23,14,8,0.3478,9497.75,412.94565217391306,37.0,3.6153846153846154,0.0435,91.9,2,0.6015,Top
776,Spicy Corner,Chennai,BBQ,QSR,3.7,943.0,22,20,2,0.0909,8081.25,367.32954545454544,34.42857142857143,3.357142857142857,0.0455,88.7,8,0.5953,Good
777,Grand Grill,Jaipur,Mughlai,QSR,3.8,689.0,17,11,4,0.2353,7035.2,413.83529411764704,42.1764705882353,3.5555555555555554,0.1765,51.2,18,0.5334,Average
778,Tasty Grill,Kochi,Burgers,Delivery Only,5.0,513.0,16,14,1,0.0625,6114.1,382.13125,40.75,2.6363636363636362,0.25,41.9,27,0.7061,Top
779,Spicy Bites,Pune,Biryani,Dine-in & Delivery,3.0,752.0,19,11,6,0.3158,7053.35,371.2289473684211,33.73684210526316,4.1,0.0526,69.2,21,0.4136,Poor
780,Tasty Cafe,Ahmedabad,Mughlai,Delivery Only,3.6,312.0,10,7,2,0.2,3158.85,315.885,37.7,3.857142857142857,0.1,3.2,53,0.3645,Poor
781,Spicy Cafe,Patna,Seafood,QSR,4.8,189.0,18,8,7,0.3889,8152.0,452.8888888888889,31.666666666666668,3.875,0.0,60.2,12,0.6948,Top
782,Urban Kitchen,Mumbai,Seafood,Cloud Kitchen,,405.0,9,6,2,0.2222,3349.25,372.1388888888889,38.44444444444444,2.857142857142857,0.0,1.7,51,0.403,Poor
783,Green Grill,Pune,Bakery,Delivery Only,3.0,626.0,22,11,7,0.3182,9180.75,417.3068181818182,35.22727272727273,4.0,0.0,88.7,3,0.4882,Average
784,Royal Kitchen,Ahmedabad,Mexican,QSR,2.8,440.0,25,15,8,0.32,10115.1,404.60400000000004,35.375,3.375,0.04,96.6,4,0.4999,Average
785,Curry Hub,Pune,Pizza,Dine-in,3.1,384.0,21,14,3,0.1429,8018.099999999999,381.8142857142857,36.5,3.642857142857143,0.0476,83.6,8,0.4917,Average
786,The Hub,Mumbai,Mughlai,QSR,4.2,534.0,11,5,3,0.2727,4355.3,395.93636363636364,38.72727272727273,2.6,0.0909,5.9,44,0.4811,Average
787,Golden Hub,Guwahati,Street Food,Cloud Kitchen,4.0,651.0,11,6,3,0.2727,4674.8,424.9818181818182,39.36363636363637,3.0,0.0909,5.9,42,0.4604,Poor
788,Tasty Bites,Bengaluru,Bakery,Dine-in & Delivery,3.9,406.0,18,13,4,0.2222,7095.35,394.18611111111113,39.22222222222222,4.222222222222222,0.1111,60.2,19,0.557,Good
789,Urban Hub,Indore,Burgers,Dine-in,4.0,317.0,14,10,2,0.1429,5207.8,371.9857142857143,33.0,3.4,0.0,23.3,29,0.5103,Average
790,Urban Hub,Nagpur,Thai,QSR,4.3,464.0,17,11,5,0.2941,6749.35,397.02058823529416,40.5,3.3333333333333335,0.1765,51.2,18,0.5906,Good
791,Blue Diner,Visakhapatnam,Seafood,Dine-in & Delivery,4.3,414.0,8,4,3,0.375,3479.5,434.9375,31.875,3.6666666666666665,0.0,0.8,45,0.4406,Poor
792,Grand Grill,Chennai,Mughlai,Dine-in,4.1,583.0,18,14,4,0.2222,6927.05,384.8361111111111,39.55555555555556,3.5384615384615383,0.1667,60.2,21,0.5819,Good
793,Curry Bites,Bhopal,Mughlai,Cloud Kitchen,2.9,157.0,16,8,3,0.1875,5438.0,339.875,35.0,3.75,0.0,41.9,37,0.3574,Poor
794,Curry House,Ludhiana,Healthy Food,Dine-in & Delivery,3.6,423.0,12,9,1,0.0833,4856.4,404.7,48.5,3.6363636363636362,0.3333,10.3,39,0.4398,Poor
795,Curry Point,Guwahati,Italian,Dine-in & Delivery,4.5,540.0,23,13,4,0.1739,8780.05,381.74130434782603,36.73913043478261,3.5625,0.0435,91.9,7,0.726,Top
796,The Treats,Nashik,Sushi,QSR,4.2,758.0,23,17,6,0.2609,10400.5,452.19565217391306,36.73913043478261,3.3076923076923075,0.1304,91.9,2,0.7138,Top
797,Green Hub,Indore,Healthy Food,Dine-in,4.6,248.0,23,15,5,0.2174,9098.15,395.57173913043476,38.35,3.4,0.087,91.9,2,0.7432,Top
798,Blue Corner,Visakhapatnam,Seafood,Delivery Only,,470.0,20,11,6,0.3,7346.95,367.34749999999997,36.8,3.8333333333333335,0.05,77.2,18,0.56,Good
799,Green Treats,Kolkata,Biryani,Delivery Only,3.6,391.0,25,14,8,0.32,10197.35,407.894,34.76,3.2857142857142856,0.04,96.6,2,0.6207,Top
800,Grand Kitchen,Chandigarh,North Indian,Delivery Only,3.6,478.0,19,10,7,0.3684,7083.9,372.83684210526314,33.36842105263158,3.7,0.0526,69.2,18,0.4955,Average
801,Royal Point,Kochi,Biryani,QSR,3.9,697.0,18,12,5,0.2778,6532.45,362.9138888888889,38.666666666666664,3.6,0.0,60.2,24,0.5329,Average
802,Green Treats,Surat,Chinese,Delivery Only,4.9,368.0,17,11,4,0.2353,5687.95,334.58529411764704,34.294117647058826,4.2727272727272725,0.0588,51.2,40,0.6587,Top
803,Royal Bites,Guwahati,Seafood,Dine-in,3.3,583.0,18,17,1,0.0556,6468.4,359.35555555555555,37.11764705882353,3.3125,0.1111,60.2,28,0.4756,Average
804,Royal Corner,Guwahati,Mughlai,QSR,4.4,526.0,13,5,3,0.2308,5572.05,428.6192307692308,29.923076923076923,4.222222222222222,0.0,16.2,36,0.5613,Good
805,Golden Cafe,Hyderabad,Italian,Dine-in,3.1,291.0,6,6,0,0.0,2765.8,460.9666666666667,39.5,3.3333333333333335,0.1667,0.1,49,0.2888,Poor
806,Curry Treats,Visakhapatnam,Continental,QSR,4.0,326.0,22,15,4,0.1818,8272.05,376.00227272727267,38.54545454545455,3.3125,0.1364,88.7,9,0.6314,Top
807,Spicy Grill,Nagpur,Biryani,Dine-in & Delivery,3.4,878.0,15,10,2,0.1333,7196.05,479.7366666666667,36.8,4.1,0.1333,32.4,12,0.4835,Average
808,Grand Corner,Visakhapatnam,South Indian,Dine-in,3.4,691.0,13,9,2,0.1538,5050.45,388.49615384615385,30.153846153846153,3.2,0.0,16.2,42,0.4102,Poor
809,Blue Kitchen,Ahmedabad,BBQ,Cloud Kitchen,4.1,571.0,15,12,2,0.1333,5877.2,391.81333333333333,39.13333333333333,4.083333333333333,0.0667,32.4,39,0.5504,Good
810,Grand Grill,Bengaluru,Fast Food,Dine-in & Delivery,4.5,312.0,19,13,5,0.2632,6733.75,354.4078947368421,36.421052631578945,3.75,0.1579,69.2,25,0.6348,Top
811,Blue Treats,Kolkata,Seafood,Dine-in,3.8,544.0,16,8,5,0.3125,6210.75,388.171875,33.0,3.125,0.0625,41.9,37,0.4936,Average
812,Urban Bites,Patna,Seafood,QSR,3.0,779.0,16,9,5,0.3125,5889.15,368.071875,41.4375,3.3,0.1875,41.9,35,0.3661,Poor
813,Blue Cafe,Pune,Burgers,Dine-in,4.0,261.0,11,8,1,0.0909,5171.85,470.16818181818184,34.27272727272727,3.7777777777777777,0.0909,5.9,43,0.5015,Average
814,Blue House,Surat,Seafood,Dine-in & Delivery,4.4,468.0,23,15,4,0.1739,7530.8,327.4260869565218,39.40909090909091,3.875,0.1739,91.9,12,0.6763,Top
815,Tasty Grill,Raipur,Bakery,QSR,3.5,639.0,18,14,3,0.1667,7806.45,433.69166666666666,40.666666666666664,3.5454545454545454,0.1667,60.2,13,0.5259,Average
816,Tasty Grill,Surat,Mexican,Cloud Kitchen,2.7,533.0,24,17,3,0.125,10265.05,427.7104166666666,33.958333333333336,3.4210526315789473,0.0417,94.5,2,0.5134,Average
817,Royal Diner,Pune,Healthy Food,Dine-in,4.6,283.0,19,13,3,0.1579,8912.9,469.09999999999997,33.21052631578947,3.2,0.0526,69.2,4,0.7263,Top
818,Green Treats,Indore,Biryani,Dine-in & Delivery,3.3,534.0,19,11,6,0.3158,6964.2,366.53684210526313,34.166666666666664,4.166666666666667,0.1053,69.2,11,0.4556,Poor
819,Urban Diner,Bhubaneswar,BBQ,Delivery Only,3.6,899.0,14,6,8,0.5714,5802.35,414.4535714285715,35.07142857142857,4.0,0.0714,23.3,35,0.4033,Poor
820,Spicy Corner,Bhubaneswar,Mexican,Delivery Only,3.6,411.0,22,14,5,0.2273,8945.5,406.6136363636364,35.45454545454545,3.533333333333333,0.0455,88.7,6,0.5842,Good
821,Blue Cafe,Coimbatore,Continental,Cloud Kitchen,4.2,100.0,10,8,1,0.1,3806.9,380.69,41.6,3.888888888888889,0.3,3.2,46,0.4865,Average
822,The Diner,Surat,Burgers,Dine-in & Delivery,3.9,673.0,15,12,2,0.1333,4729.15,315.27666666666664,37.93333333333333,3.25,0.1333,32.4,51,0.4887,Average
823,Grand Cafe,Bhubaneswar,Burgers,Dine-in,3.9,220.0,17,14,1,0.0588,6861.25,403.6029411764706,35.05882352941177,4.4375,0.0588,51.2,23,0.5698,Good
824,Royal Bites,Delhi,Continental,Dine-in,3.7,100.0,19,12,5,0.2632,7390.3,388.96315789473687,40.05555555555556,2.923076923076923,0.2105,69.2,18,0.5346,Average
825,Tasty Diner,Surat,South Indian,Delivery Only,3.8,672.0,20,11,8,0.4,7986.65,399.3325,29.7,3.6,0.0,77.2,10,0.5507,Good
826,Spicy Grill,Patna,Mughlai,Dine-in & Delivery,3.6,589.0,22,13,7,0.3182,7791.65,354.16590909090905,34.81818181818182,3.4,0.0909,88.7,18,0.5383,Good
827,Tasty Diner,Bhopal,Healthy Food,Cloud Kitchen,3.2,825.0,14,11,2,0.1429,5862.15,418.72499999999997,38.07142857142857,3.6363636363636362,0.1429,23.3,31,0.41,Poor
828,Curry Bites,Lucknow,Sushi,Cloud Kitchen,4.5,351.0,22,12,7,0.3182,8301.0,377.3181818181818,36.31818181818182,3.3636363636363638,0.0909,88.7,7,0.6858,Top
829,Grand Kitchen,Guwahati,Thai,Dine-in,3.2,348.0,23,15,6,0.2609,8389.0,364.7391304347826,34.73913043478261,3.857142857142857,0.0,91.9,10,0.5095,Average
830,Curry Corner,Lucknow,Sushi,QSR,4.0,667.0,19,15,3,0.1579,7494.2,394.4315789473684,41.0,2.9285714285714284,0.2105,69.2,16,0.5978,Good
831,Spicy Diner,Jaipur,Bakery,Dine-in,2.8,691.0,13,11,2,0.1538,5163.4,397.18461538461537,40.0,3.7,0.0769,16.2,33,0.3244,Poor
832,Golden Kitchen,Kochi,Continental,Cloud Kitchen,4.0,217.0,11,6,3,0.2727,4281.4,389.2181818181818,27.363636363636363,3.4285714285714284,0.0,5.9,47,0.4494,Poor
833,Urban Grill,Surat,Biryani,Delivery Only,2.6,477.0,19,9,7,0.3684,6886.6,362.4526315789474,36.31578947368421,3.5833333333333335,0.1053,69.2,21,0.3418,Poor
834,Tasty Kitchen,Chennai,Mexican,Delivery Only,4.0,326.0,21,10,7,0.3333,7467.0,355.57142857142856,38.05,3.8181818181818183,0.1905,83.6,13,0.581,Good
835,Spicy Bites,Delhi,Street Food,Delivery Only,4.4,856.0,17,12,4,0.2353,6225.650000000001,366.214705882353,34.1764705882353,3.0,0.1176,51.2,32,0.5996,Good
836,Golden Point,Patna,Seafood,Dine-in & Delivery,3.7,300.0,16,11,3,0.1875,6206.6,387.9125,36.6875,3.923076923076923,0.0625,41.9,34,0.4974,Average
837,Urban House,Bengaluru,North Indian,Dine-in,4.8,405.0,19,14,3,0.1579,7172.95,377.5236842105263,37.0,3.6,0.2105,69.2,17,0.7073,Top
838,Blue Grill,Kochi,North Indian,Dine-in & Delivery,,328.0,14,9,5,0.3571,5341.35,381.52500000000003,29.857142857142858,3.4285714285714284,0.0,23.3,34,0.4643,Poor
839,The Corner,Hyderabad,South Indian,Cloud Kitchen,4.5,201.0,14,12,2,0.1429,5022.8,358.7714285714286,37.642857142857146,3.5454545454545454,0.1429,23.3,36,0.5792,Good
840,Green Kitchen,Patna,Seafood,Dine-in,4.0,509.0,17,9,4,0.2353,6899.55,405.8558823529412,35.23529411764706,4.230769230769231,0.0588,51.2,25,0.5592,Good
841,Golden Grill,Surat,North Indian,Delivery Only,3.8,322.0,15,10,4,0.2667,5322.8,354.85333333333335,44.13333333333333,4.0,0.1333,32.4,43,0.4705,Average
842,The Bites,Vadodara,Italian,Dine-in & Delivery,4.8,611.0,18,12,4,0.2222,6327.2,351.5111111111111,37.333333333333336,4.25,0.1111,60.2,22,0.6689,Top
843,Spicy Kitchen,Kolkata,Pizza,Dine-in & Delivery,3.5,100.0,13,11,2,0.1538,5514.6,424.20000000000005,36.07692307692308,4.6,0.1538,16.2,43,0.438,Poor
844,Spicy Hub,Coimbatore,Pizza,Delivery Only,4.6,264.0,22,13,4,0.1818,8563.35,389.2431818181818,35.80952380952381,4.0,0.1364,88.7,9,0.7285,Top
845,Urban Point,Jaipur,Healthy Food,Cloud Kitchen,3.9,468.0,19,13,6,0.3158,7247.95,381.4710526315789,37.473684210526315,3.5555555555555554,0.0526,69.2,13,0.5524,Good
846,Tasty Treats,Chennai,Pizza,Delivery Only,4.0,112.0,11,8,1,0.0909,4642.1,422.00909090909096,32.45454545454545,4.0,0.0909,5.9,43,0.4867,Average
847,The Bites,Mumbai,Continental,Cloud Kitchen,3.7,446.0,14,8,3,0.2143,5501.75,392.98214285714283,33.07692307692308,3.5,0.0,23.3,33,0.4633,Poor
848,Tasty Diner,Coimbatore,Fast Food,QSR,3.9,592.0,31,19,7,0.2258,11287.55,364.1145161290322,36.46666666666667,3.5454545454545454,0.0968,99.9,1,0.7408,Top
849,Grand Point,Jaipur,Desserts,Cloud Kitchen,4.0,539.0,11,9,1,0.0909,3498.1000000000004,318.00909090909096,33.54545454545455,3.875,0.0,5.9,43,0.4548,Poor
850,Grand Corner,Guwahati,Mexican,Delivery Only,3.6,791.0,15,13,1,0.0667,6379.0,425.26666666666665,25.153846153846153,3.5833333333333335,0.0,32.4,29,0.5003,Average
851,Green Cafe,Visakhapatnam,Burgers,Dine-in & Delivery,3.8,515.0,21,13,5,0.2381,8979.1,427.5761904761905,38.04761904761905,3.6666666666666665,0.0952,83.6,4,0.6079,Top
852,Tasty Hub,Pune,Fast Food,Cloud Kitchen,4.0,540.0,14,12,1,0.0714,4755.4,339.6714285714285,40.714285714285715,3.4444444444444446,0.1429,23.3,47,0.5084,Average
853,Grand Cafe,Bhubaneswar,Healthy Food,Cloud Kitchen,4.5,281.0,12,7,3,0.25,4255.75,354.6458333333333,33.09090909090909,3.625,0.0,10.3,47,0.5313,Average
854,Curry Hub,Patna,Pizza,Cloud Kitchen,4.3,597.0,13,6,6,0.4615,5680.9,436.9923076923077,34.53846153846154,3.8333333333333335,0.0,16.2,40,0.515,Average
855,The Corner,Chennai,Biryani,QSR,4.0,495.0,19,10,5,0.2632,8068.85,424.6763157894737,33.411764705882355,3.5833333333333335,0.0526,69.2,9,0.598,Good
856,Urban Point,Visakhapatnam,Mexican,Dine-in,3.3,382.0,26,15,9,0.3462,10090.9,388.11153846153843,44.84,3.9375,0.2308,98.0,1,0.5746,Good
857,Green Grill,Pune,Chinese,QSR,2.9,388.0,16,11,4,0.25,6571.5,410.71875,31.6,3.7777777777777777,0.0625,41.9,25,0.3797,Poor
858,The Corner,Vadodara,Healthy Food,Dine-in & Delivery,3.9,170.0,10,4,5,0.5,4733.25,473.325,35.7,2.5,0.1,3.2,35,0.4079,Poor
859,Curry Diner,Pune,Desserts,Delivery Only,4.0,691.0,22,10,8,0.3636,8804.65,400.2113636363636,31.454545454545453,3.7142857142857144,0.1364,88.7,5,0.619,Top
860,Tasty Diner,Ludhiana,Continental,Delivery Only,4.0,448.0,16,10,3,0.1875,6393.849999999999,399.61562499999997,35.625,3.3333333333333335,0.0625,41.9,24,0.5471,Good
861,Grand Diner,Patna,Street Food,QSR,3.6,524.0,13,10,1,0.0769,5195.4,399.6461538461538,33.61538461538461,3.8181818181818183,0.1538,16.2,44,0.4554,Poor
862,Urban Kitchen,Coimbatore,Continental,Dine-in & Delivery,3.4,100.0,17,10,5,0.2941,7656.75,450.3970588235294,37.625,3.3333333333333335,0.1176,51.2,20,0.4826,Average
863,Golden Hub,Surat,Healthy Food,QSR,4.7,642.0,19,12,4,0.2105,5739.45,302.07631578947365,37.89473684210526,3.2857142857142856,0.2105,69.2,39,0.6445,Top
864,Tasty Cafe,Jaipur,BBQ,QSR,3.4,160.0,15,11,4,0.2667,5211.55,347.43666666666667,37.0,2.8181818181818183,0.1333,32.4,32,0.4081,Poor
865,Golden Kitchen,Chandigarh,BBQ,Cloud Kitchen,4.0,462.0,19,13,2,0.1053,8000.15,421.06052631578945,33.73684210526316,3.3333333333333335,0.0,69.2,9,0.6198,Top
866,Urban House,Surat,Biryani,Cloud Kitchen,4.3,383.0,18,17,1,0.0556,6837.6,379.8666666666667,39.05555555555556,3.066666666666667,0.2222,60.2,24,0.634,Top
867,Royal Diner,Raipur,Street Food,QSR,,406.0,18,12,4,0.2222,7327.349999999999,407.075,36.44444444444444,4.0,0.1667,60.2,16,0.5607,Good
868,Tasty House,Delhi,Chinese,Cloud Kitchen,4.5,413.0,11,7,3,0.2727,4180.85,380.07727272727277,35.09090909090909,3.5714285714285716,0.0909,5.9,53,0.5207,Average
869,Golden Point,Chennai,BBQ,Dine-in & Delivery,3.5,375.0,19,14,3,0.1579,7040.8,370.5684210526316,36.05263157894737,3.7857142857142856,0.0526,69.2,19,0.511,Average
870,Spicy Bites,Bhubaneswar,Mughlai,Dine-in & Delivery,4.2,520.0,10,5,4,0.4,3755.75,375.575,34.4,3.2,0.1,3.2,48,0.4401,Poor
871,Tasty Grill,Indore,Healthy Food,Cloud Kitchen,3.9,241.0,14,8,5,0.3571,5257.3,375.5214285714286,33.642857142857146,3.6666666666666665,0.0,23.3,28,0.4647,Poor
872,Curry Hub,Lucknow,Mughlai,Dine-in,3.9,319.0,23,14,7,0.3043,9701.85,421.8195652173913,36.82608695652174,3.2666666666666666,0.1304,91.9,2,0.6434,Top
873,Grand Bites,Bengaluru,Desserts,Delivery Only,3.6,649.0,31,24,6,0.1935,12425.25,400.81451612903226,37.096774193548384,3.5238095238095237,0.0645,99.9,1,0.733,Top
874,Urban Kitchen,Guwahati,Mexican,Delivery Only,,285.0,20,13,4,0.2,6805.25,340.2625,34.2,3.5,0.1,77.2,22,0.5598,Good
875,Spicy Diner,Nashik,Bakery,Cloud Kitchen,4.1,266.0,17,11,5,0.2941,7527.45,442.7911764705882,30.294117647058822,3.5,0.0588,51.2,12,0.5827,Good
876,Urban Corner,Jaipur,Thai,Delivery Only,3.6,835.0,14,11,2,0.1429,5811.85,415.13214285714287,37.07142857142857,4.090909090909091,0.1429,23.3,30,0.4679,Poor
877,Tasty Bites,Delhi,Continental,Delivery Only,3.8,585.0,15,12,0,0.0,6826.05,455.07,42.8,3.6363636363636362,0.2,32.4,27,0.5525,Good
878,Grand Bites,Lucknow,Biryani,Dine-in & Delivery,5.0,489.0,19,12,4,0.2105,7139.6,375.7684210526316,40.68421052631579,2.8461538461538463,0.1579,69.2,23,0.7281,Top
879,Golden Kitchen,Bhubaneswar,South Indian,Dine-in,4.2,512.0,15,9,2,0.1333,5407.9,360.52666666666664,32.266666666666666,3.3,0.0,32.4,39,0.5521,Good
880,Blue Grill,Ahmedabad,Street Food,QSR,3.7,475.0,12,11,1,0.0833,3610.35,300.8625,33.09090909090909,3.3333333333333335,0.1667,10.3,50,0.4198,Poor
881,Tasty Bites,Pune,Italian,Cloud Kitchen,3.8,267.0,17,12,3,0.1765,6542.9,384.8764705882353,31.133333333333333,3.0833333333333335,0.0588,51.2,26,0.5284,Average
882,Tasty Cafe,Surat,Healthy Food,Dine-in & Delivery,4.3,100.0,12,8,3,0.25,4776.35,398.0291666666667,43.333333333333336,3.0,0.25,10.3,49,0.5162,Average
883,Golden Point,Bhopal,Italian,Delivery Only,3.9,394.0,19,12,4,0.2105,6772.0,356.42105263157896,38.26315789473684,4.142857142857143,0.1579,69.2,19,0.5549,Good
884,Golden Hub,Mumbai,Seafood,QSR,3.4,574.0,18,10,6,0.3333,8007.95,444.8861111111111,35.5,2.75,0.0,60.2,9,0.4917,Average
885,Curry Point,Ludhiana,BBQ,Dine-in,3.4,368.0,17,13,2,0.1176,6365.650000000001,374.45000000000005,38.411764705882355,3.4285714285714284,0.1765,51.2,25,0.473,Average
886,The Treats,Indore,South Indian,Dine-in,4.3,100.0,11,7,4,0.3636,4168.95,378.99545454545455,33.63636363636363,3.6666666666666665,0.2727,5.9,40,0.4771,Average
887,Royal Bites,Chandigarh,Mexican,Dine-in & Delivery,4.4,442.0,19,13,5,0.2632,7255.75,381.88157894736844,33.578947368421055,3.6363636363636362,0.1053,69.2,16,0.6346,Top
888,Blue Bites,Nashik,Healthy Food,Delivery Only,3.7,174.0,22,12,8,0.3636,8489.8,385.9,37.40909090909091,3.5454545454545454,0.0909,88.7,5,0.5658,Good
889,The Cafe,Coimbatore,,Delivery Only,3.9,454.0,22,13,4,0.1818,9469.1,430.4136363636364,35.90909090909091,3.2941176470588234,0.0909,88.7,4,0.6501,Top
890,Royal Kitchen,Chandigarh,Mexican,Delivery Only,4.2,356.0,9,6,1,0.1111,3916.35,435.15,37.111111111111114,3.25,0.0,1.7,49,0.4827,Average
891,Golden Treats,Surat,Biryani,Cloud Kitchen,3.4,512.0,18,11,3,0.1667,6839.9,379.9944444444444,35.529411764705884,3.3333333333333335,0.0556,60.2,23,0.4841,Average
892,Blue Kitchen,Nagpur,Street Food,Delivery Only,3.6,550.0,16,14,1,0.0625,5738.6,358.6625,38.0625,4.0,0.0625,41.9,24,0.4882,Average
893,The House,Bengaluru,Chinese,QSR,3.4,608.0,20,8,10,0.5,8245.85,412.2925,38.15,3.4,0.15,77.2,8,0.4837,Average
894,Curry Cafe,Jaipur,Healthy Food,Cloud Kitchen,4.6,416.0,19,12,5,0.2632,7076.9,372.4684210526316,41.89473684210526,3.75,0.1579,69.2,16,0.6592,Top
895,Urban House,Lucknow,Continental,QSR,4.6,600.0,22,13,8,0.3636,8235.85,374.3568181818182,33.0,3.25,0.0455,88.7,9,0.692,Top
896,Spicy Cafe,Coimbatore,Fast Food,Delivery Only,,447.0,18,15,2,0.1111,6523.8,362.43333333333334,36.411764705882355,3.1538461538461537,0.1667,60.2,30,0.5549,Good
897,Green Treats,Guwahati,BBQ,Cloud Kitchen,3.6,689.0,20,12,7,0.35,7672.45,383.6225,39.05,3.4615384615384617,0.15,77.2,15,0.5198,Average
898,Spicy Bites,Hyderabad,Continental,Dine-in,4.4,240.0,16,7,4,0.25,7246.7,452.91875,32.6875,3.8,0.125,41.9,13,0.6208,Top
899,Green Diner,Delhi,Continental,Cloud Kitchen,4.0,287.0,13,9,4,0.3077,4565.3,351.1769230769231,34.666666666666664,3.25,0.0769,16.2,50,0.4624,Poor
900,Grand Treats,Nashik,Street Food,Cloud Kitchen,4.1,599.0,20,13,6,0.3,7143.45,357.1725,39.65,3.9,0.15,77.2,15,0.5866,Good
901,Urban Grill,Bengaluru,Mughlai,Dine-in & Delivery,3.1,433.0,17,11,2,0.1176,7476.95,439.8205882352941,37.470588235294116,3.6666666666666665,0.1765,51.2,15,0.4596,Poor
902,The House,Jaipur,Burgers,Cloud Kitchen,4.1,468.0,14,13,1,0.0714,5114.25,365.30357142857144,37.92857142857143,4.111111111111111,0.2857,23.3,34,0.5332,Average
903,Curry Bites,Delhi,Desserts,Delivery Only,4.8,135.0,22,17,4,0.1818,8442.6,383.75454545454545,37.27272727272727,3.2857142857142856,0.0455,88.7,8,0.7547,Top
904,Grand Grill,Indore,Italian,Cloud Kitchen,4.6,273.0,19,12,5,0.2632,7367.1,387.7421052631579,36.833333333333336,3.7857142857142856,0.0,69.2,8,0.6673,Top
905,Grand Grill,Kochi,Biryani,Cloud Kitchen,2.8,514.0,20,12,5,0.25,8268.4,413.41999999999996,36.35,3.5,0.05,77.2,10,0.433,Poor
906,Green Treats,Indore,Street Food,Delivery Only,3.8,468.0,10,5,3,0.3,4110.4,411.03999999999996,31.125,3.857142857142857,0.0,3.2,41,0.4057,Poor
907,Green Diner,Pune,North Indian,QSR,4.2,559.0,9,7,1,0.1111,4140.15,460.01666666666665,44.666666666666664,3.5714285714285716,0.1111,1.7,52,0.489,Average
908,The Treats,Vadodara,Biryani,Cloud Kitchen,3.6,612.0,23,15,6,0.2609,9371.75,407.4673913043478,32.26086956521739,3.5,0.087,91.9,4,0.5962,Good
909,Tasty Diner,Patna,Desserts,Dine-in & Delivery,2.9,431.0,20,13,5,0.25,7923.05,396.15250000000003,38.78947368421053,3.5833333333333335,0.15,77.2,15,0.4381,Poor
910,Royal Bites,Mumbai,Burgers,Dine-in & Delivery,4.5,507.0,14,12,0,0.0,5420.95,387.2107142857143,33.92857142857143,3.7142857142857144,0.0,23.3,35,0.6117,Top
911,Green Diner,Pune,South Indian,Delivery Only,3.9,381.0,9,7,2,0.2222,2508.1,313.5125,32.25,3.6666666666666665,0.0,1.7,56,0.3823,Poor
912,Green Point,Kochi,South Indian,Dine-in,4.1,393.0,12,9,1,0.0833,5145.0,428.75,39.166666666666664,3.625,0.1667,10.3,36,0.5219,Average
913,Curry Kitchen,Bhubaneswar,Healthy Food,QSR,,346.0,21,18,2,0.0952,8309.7,395.70000000000005,33.04761904761905,3.4,0.0952,83.6,10,0.6227,Top
914,Grand Kitchen,Delhi,North Indian,QSR,4.7,559.0,21,13,5,0.2381,7997.1,380.81428571428575,33.75,4.0,0.0476,83.6,13,0.7138,Top
915,The Grill,Mumbai,Bakery,Delivery Only,4.8,372.0,22,14,6,0.2727,8023.25,364.6931818181818,34.63636363636363,3.7333333333333334,0.0455,88.7,8,0.7294,Top
916,Grand Kitchen,Lucknow,Mexican,Cloud Kitchen,4.5,196.0,16,14,1,0.0625,6722.8,420.175,34.9375,4.142857142857143,0.1875,41.9,26,0.6491,Top
917,Golden Kitchen,Kolkata,Sushi,Delivery Only,4.3,426.0,15,12,3,0.2,5457.05,363.80333333333334,38.2,3.7,0.2,32.4,44,0.5583,Good
918,Tasty Hub,Hyderabad,Desserts,Delivery Only,4.0,595.0,14,8,3,0.2143,5561.8,397.2714285714286,35.0,4.0,0.2143,23.3,29,0.5094,Average
919,Urban Treats,Jaipur,Pizza,QSR,4.3,617.0,15,10,4,0.2667,5946.45,396.43,38.13333333333333,3.3,0.0,32.4,26,0.562,Good
920,Urban Kitchen,Kochi,Italian,Dine-in & Delivery,4.1,558.0,16,10,3,0.1875,5214.7,325.91875,32.93333333333333,3.727272727272727,0.0625,41.9,35,0.5289,Average
921,Green House,Hyderabad,Italian,Cloud Kitchen,3.8,321.0,18,10,4,0.2222,6605.5,366.97222222222223,38.5,3.3333333333333335,0.1111,60.2,20,0.5285,Average
922,Golden Cafe,Nagpur,Chinese,QSR,4.0,100.0,15,12,2,0.1333,6923.15,461.5433333333333,37.4,3.8333333333333335,0.1333,32.4,14,0.5648,Good
923,Urban Corner,Lucknow,Mexican,Dine-in & Delivery,4.1,623.0,18,12,5,0.2778,6611.65,367.31388888888887,29.666666666666668,3.8,0.0556,60.2,28,0.5648,Good
924,Blue Diner,Bhubaneswar,Thai,Delivery Only,4.2,327.0,18,8,6,0.3333,6962.45,386.80277777777775,36.529411764705884,4.1,0.1111,60.2,22,0.581,Good
925,Curry Hub,Visakhapatnam,Continental,Delivery Only,2.9,581.0,12,9,3,0.25,4626.65,385.5541666666666,37.54545454545455,3.25,0.0833,10.3,44,0.3047,Poor
926,Urban Bites,Nashik,Healthy Food,Cloud Kitchen,3.5,192.0,24,19,2,0.0833,9535.1,397.29583333333335,31.791666666666668,3.7,0.0417,94.5,4,0.6178,Top
927,The House,Indore,BBQ,QSR,4.4,178.0,13,12,1,0.0769,5555.849999999999,427.3730769230769,33.38461538461539,3.909090909090909,0.1538,16.2,26,0.584,Good
928,Tasty Hub,Jaipur,Biryani,Dine-in,3.8,805.0,15,12,2,0.1333,5898.25,393.21666666666664,42.13333333333333,3.5384615384615383,0.1333,32.4,28,0.5065,Average
929,Blue Corner,Mumbai,Burgers,QSR,3.6,236.0,19,18,1,0.0526,8480.55,446.34473684210525,38.68421052631579,3.857142857142857,0.2105,69.2,6,0.5819,Good
930,Blue Grill,Nagpur,Biryani,Dine-in & Delivery,4.2,515.0,18,13,4,0.2222,6794.05,377.44722222222225,36.111111111111114,4.0,0.1667,60.2,17,0.593,Good
931,Spicy Diner,Nashik,Street Food,QSR,3.1,460.0,11,5,3,0.2727,4229.2,384.47272727272724,36.36363636363637,4.285714285714286,0.0909,5.9,41,0.3146,Poor
932,Green Diner,Ludhiana,South Indian,Delivery Only,4.5,729.0,14,9,2,0.1429,5228.7,373.4785714285714,38.53846153846154,3.2,0.1429,23.3,37,0.5849,Good
933,Green Hub,Bhopal,Bakery,Delivery Only,,549.0,17,13,3,0.1765,7544.35,443.7852941176471,34.411764705882355,3.6666666666666665,0.0588,51.2,13,0.5685,Good
934,Golden Grill,Vadodara,Fast Food,Cloud Kitchen,4.2,651.0,15,9,4,0.2667,5739.85,382.6566666666667,36.06666666666667,3.125,0.0,32.4,30,0.5414,Good
935,The Cafe,Bhubaneswar,Chinese,QSR,3.9,709.0,15,10,4,0.2667,5063.65,337.57666666666665,34.57142857142857,2.75,0.0,32.4,42,0.478,Average
936,Golden Diner,Patna,Chinese,Delivery Only,3.5,606.0,21,14,3,0.1429,7300.5,347.64285714285717,42.3,3.5,0.1429,83.6,22,0.5309,Average
937,Blue Grill,Hyderabad,Burgers,Dine-in,3.4,100.0,21,16,4,0.1905,7491.1,356.7190476190476,37.142857142857146,3.5,0.1429,83.6,10,0.5142,Average
938,Blue Point,Bengaluru,Sushi,Dine-in & Delivery,4.2,1041.0,14,11,3,0.2143,4867.3,347.6642857142857,38.46153846153846,3.2222222222222223,0.2143,23.3,42,0.5197,Average
939,Green Hub,Bhopal,BBQ,Cloud Kitchen,4.1,408.0,14,9,2,0.1429,6755.25,482.51785714285717,36.0,4.3,0.0714,23.3,20,0.5683,Good
940,Blue Cafe,Guwahati,Healthy Food,Dine-in,4.5,361.0,14,11,2,0.1429,4474.1,319.5785714285715,36.142857142857146,2.909090909090909,0.1429,23.3,44,0.5638,Good
941,Blue Bites,Surat,Biryani,QSR,3.0,638.0,24,14,8,0.3333,8920.0,371.6666666666667,36.375,3.533333333333333,0.0833,94.5,5,0.489,Average
942,Golden Corner,Kochi,Fast Food,Cloud Kitchen,4.7,475.0,14,10,4,0.2857,5455.55,389.6821428571429,32.714285714285715,3.7142857142857144,0.0714,23.3,32,0.5995,Good
943,Golden Grill,Pune,South Indian,Dine-in & Delivery,4.1,328.0,19,13,3,0.1579,8231.1,433.21578947368425,37.31578947368421,3.625,0.1053,69.2,7,0.6332,Top
944,Blue Kitchen,Surat,Chinese,Dine-in & Delivery,3.8,494.0,14,10,2,0.1429,6336.4,452.59999999999997,39.714285714285715,4.0,0.0714,23.3,33,0.5122,Average
945,Spicy Treats,Coimbatore,Healthy Food,QSR,3.9,457.0,27,16,8,0.2963,11182.55,414.1685185185185,36.65384615384615,3.5789473684210527,0.0741,99.0,2,0.7066,Top
946,The House,Kolkata,Seafood,Cloud Kitchen,2.3,482.0,19,15,3,0.1579,7991.15,420.58684210526314,38.31578947368421,3.7142857142857144,0.1053,69.2,16,0.3598,Poor
947,Grand Cafe,Chennai,North Indian,Cloud Kitchen,3.2,545.0,11,5,4,0.3636,3808.1,346.1909090909091,36.36363636363637,3.7142857142857144,0.0,5.9,44,0.304,Poor
948,Royal Hub,Nashik,Street Food,Cloud Kitchen,4.4,562.0,12,8,4,0.3333,4928.75,410.7291666666667,34.916666666666664,3.2857142857142856,0.0833,10.3,37,0.5228,Average
949,Urban Kitchen,Kochi,Burgers,Dine-in,3.3,283.0,18,14,3,0.1667,6069.65,337.2027777777778,31.72222222222222,3.5714285714285716,0.0,60.2,28,0.4478,Poor
950,Golden Point,Kochi,Bakery,Dine-in,3.9,620.0,20,13,2,0.1,6958.95,347.9475,36.75,3.6666666666666665,0.15,77.2,21,0.5818,Good
951,Blue Hub,Delhi,Sushi,QSR,4.4,522.0,21,14,3,0.1429,8398.25,399.9166666666667,41.42857142857143,3.3333333333333335,0.1905,83.6,10,0.6949,Top
952,The Kitchen,Guwahati,Biryani,Cloud Kitchen,3.4,684.0,15,10,3,0.2,5875.9,391.72666666666663,31.0,4.0,0.0667,32.4,34,0.4367,Poor
953,Tasty Diner,Indore,Fast Food,Dine-in & Delivery,3.9,370.0,14,10,2,0.1429,6148.2,439.15714285714284,33.42857142857143,3.090909090909091,0.1429,23.3,20,0.5217,Average
954,Curry Grill,Kochi,Street Food,QSR,3.7,145.0,17,11,4,0.2353,7651.0,450.05882352941177,41.875,3.3636363636363638,0.0588,51.2,16,0.5357,Good
955,Golden Corner,Mumbai,Sushi,Delivery Only,4.4,424.0,20,15,4,0.2,7721.5,386.075,35.65,3.357142857142857,0.05,77.2,12,0.6622,Top
956,Royal Point,Bhopal,North Indian,Dine-in & Delivery,3.6,571.0,17,5,7,0.4118,7035.2,413.83529411764704,28.88235294117647,3.7,0.0,51.2,15,0.4772,Average
957,Grand Cafe,Chandigarh,Street Food,QSR,4.3,103.0,15,5,6,0.4,5600.8,373.38666666666666,29.933333333333334,3.5555555555555554,0.0,32.4,39,0.5323,Average
958,Royal Cafe,Nashik,Seafood,Delivery Only,4.7,,12,7,3,0.25,5388.95,449.07916666666665,37.583333333333336,3.7142857142857144,0.0833,10.3,31,0.5926,Good
959,Green Corner,Chandigarh,Sushi,QSR,4.0,497.0,15,9,3,0.2,6823.75,454.9166666666667,39.5,2.6666666666666665,0.2,32.4,23,0.552,Good
960,Grand Kitchen,Bhopal,Healthy Food,Delivery Only,5.0,231.0,16,10,4,0.25,6641.15,415.071875,41.5625,4.0,0.25,41.9,22,0.6927,Top
961,Spicy Diner,Indore,Pizza,Cloud Kitchen,3.6,566.0,22,11,2,0.0909,8253.6,375.1636363636364,37.18181818181818,4.071428571428571,0.0909,88.7,4,0.5853,Good
962,Golden Point,Bengaluru,Healthy Food,Dine-in & Delivery,4.5,457.0,22,15,6,0.2727,7753.05,352.41136363636366,32.45454545454545,3.9166666666666665,0.0,88.7,13,0.6774,Top
963,Grand Hub,Jaipur,Mexican,Cloud Kitchen,3.5,707.0,16,10,3,0.1875,6374.5,398.40625,36.5625,4.4,0.0625,41.9,21,0.4724,Average
964,Blue Point,Jaipur,Burgers,Dine-in,3.9,450.0,17,8,7,0.4118,5827.05,342.7676470588235,36.625,3.5,0.0588,51.2,29,0.4879,Average
965,Golden Grill,Hyderabad,Italian,Dine-in,4.4,751.0,12,9,2,0.1667,4077.4,339.78333333333336,32.36363636363637,3.5555555555555554,0.0833,10.3,47,0.524,Average
966,Blue Corner,Surat,Continental,Delivery Only,4.0,545.0,12,7,2,0.1667,5084.15,423.6791666666666,43.0,3.4444444444444446,0.25,10.3,48,0.4929,Average
967,Curry House,Delhi,Continental,Delivery Only,4.4,404.0,17,13,3,0.1765,5727.45,336.90882352941173,44.23529411764706,3.4615384615384617,0.1176,51.2,40,0.5945,Good
968,Green Corner,Chandigarh,Bakery,Cloud Kitchen,,376.0,22,18,2,0.0909,8145.2,370.23636363636365,29.40909090909091,3.4210526315789473,0.0,88.7,7,0.624,Top
969,Golden Cafe,Chandigarh,Fast Food,Dine-in & Delivery,3.4,232.0,13,8,3,0.2308,5837.25,449.0192307692308,34.84615384615385,3.3333333333333335,0.0769,16.2,37,0.4206,Poor
970,Urban Point,Patna,Sushi,Delivery Only,5.0,271.0,24,17,5,0.2083,10107.15,421.13124999999997,37.5,3.823529411764706,0.0417,94.5,6,0.8372,Top
971,Urban Hub,Raipur,Street Food,Dine-in,4.0,432.0,21,19,1,0.0476,7004.7,333.5571428571428,38.714285714285715,3.611111111111111,0.0952,83.6,22,0.611,Top
972,Grand Kitchen,Delhi,Desserts,Delivery Only,4.4,473.0,11,8,2,0.1818,3768.3,342.57272727272726,37.8,3.7142857142857144,0.0909,5.9,57,0.508,Average
973,Curry Bites,Bengaluru,Bakery,Cloud Kitchen,4.6,424.0,13,10,2,0.1538,4763.15,366.3961538461538,30.53846153846154,3.3,0.1538,16.2,43,0.5799,Good
974,Curry Treats,Nashik,Desserts,Dine-in & Delivery,4.0,600.0,17,12,4,0.2353,5752.65,338.3911764705882,36.9375,3.727272727272727,0.0588,51.2,28,0.5271,Average
975,The Point,Bhopal,Sushi,Delivery Only,4.0,555.0,23,19,4,0.1739,8339.75,362.5978260869565,34.56521739130435,2.9444444444444446,0.0435,91.9,6,0.6397,Top
976,Green Diner,Pune,Italian,Dine-in & Delivery,4.0,167.0,10,6,3,0.3,4367.6,436.76000000000005,36.2,4.5,0.2,3.2,50,0.4425,Poor
977,Golden Cafe,Surat,Continental,Dine-in,4.3,685.0,16,12,3,0.1875,6707.950000000001,419.24687500000005,35.75,3.6,0.0625,41.9,26,0.6003,Good
978,Green Cafe,Delhi,Chinese,Cloud Kitchen,3.8,408.0,15,11,4,0.2667,5360.9,357.3933333333333,41.93333333333333,3.3333333333333335,0.1333,32.4,43,0.4715,Average
979,Grand Point,Jaipur,Chinese,Delivery Only,4.0,839.0,18,16,2,0.1111,8130.7,451.7055555555555,34.72222222222222,3.3076923076923075,0.1111,60.2,7,0.6174,Top
980,Golden House,Chennai,Fast Food,Dine-in & Delivery,3.8,574.0,14,10,3,0.2143,6217.05,444.075,37.42857142857143,4.375,0.0714,23.3,29,0.4981,Average
981,The Point,Coimbatore,Street Food,Cloud Kitchen,3.8,569.0,17,10,4,0.2353,6809.8,400.5764705882353,39.3125,3.5,0.1765,51.2,26,0.5271,Average
982,The Hub,Ahmedabad,Healthy Food,Dine-in,3.3,809.0,18,8,6,0.3333,8335.75,463.09722222222223,33.5,3.8181818181818183,0.0,60.2,12,0.4861,Average
983,Blue Treats,Raipur,Mughlai,Delivery Only,4.1,394.0,23,16,6,0.2609,9260.6,402.6347826086957,33.86363636363637,4.083333333333333,0.0435,91.9,4,0.6672,Top
984,Curry Hub,Hyderabad,Desserts,Dine-in,3.8,505.0,17,8,8,0.4706,6128.95,360.52647058823527,36.8235294117647,3.4285714285714284,0.1176,51.2,24,0.4727,Average
985,Blue Point,Lucknow,Burgers,Dine-in,4.9,759.0,22,17,3,0.1364,8651.2,393.23636363636365,39.81818181818182,3.4,0.2273,88.7,4,0.7822,Top
986,Tasty Point,Kolkata,Bakery,Cloud Kitchen,3.8,468.0,20,14,3,0.15,8210.55,410.5275,36.55,3.6153846153846154,0.1,77.2,12,0.5945,Good
987,Royal Kitchen,Mumbai,Bakery,Dine-in & Delivery,4.0,100.0,17,11,4,0.2353,6892.35,405.4323529411765,36.5,3.0,0.0588,51.2,21,0.559,Good
988,Green Bites,Lucknow,Burgers,QSR,3.8,492.0,17,11,4,0.2353,7831.9,460.7,38.0625,3.4545454545454546,0.1176,51.2,13,0.5556,Good
989,Golden Diner,Guwahati,South Indian,Delivery Only,3.4,795.0,24,18,4,0.1667,9622.85,400.95208333333335,35.625,3.2,0.0833,94.5,5,0.5929,Good
990,Urban Corner,Indore,Burgers,Dine-in,3.3,246.0,17,9,5,0.2941,6635.5,390.3235294117647,33.23529411764706,3.5454545454545454,0.0588,51.2,15,0.4393,Poor
991,Blue Diner,Jaipur,North Indian,QSR,4.2,505.0,8,4,2,0.25,3285.6,410.7,32.375,4.0,0.125,0.8,44,0.4391,Poor
992,Green House,Delhi,Burgers,Delivery Only,3.7,651.0,18,13,3,0.1667,7424.1,412.45000000000005,38.05555555555556,3.6153846153846154,0.1111,60.2,17,0.5449,Good
993,The Treats,Guwahati,Seafood,Delivery Only,4.0,819.0,20,14,5,0.25,7954.8,397.74,38.3,3.857142857142857,0.15,77.2,13,0.602,Top
994,Golden Corner,Bhubaneswar,Continental,Dine-in,3.0,345.0,25,18,4,0.16,9433.95,377.358,33.48,3.85,0.04,96.6,4,0.5345,Average
995,Curry Corner,Nashik,Sushi,Delivery Only,4.7,546.0,14,9,4,0.2857,6248.900000000001,446.35,48.214285714285715,4.1,0.2857,23.3,23,0.6216,Top
996,Blue Treats,Bhubaneswar,,Cloud Kitchen,3.8,369.0,24,17,5,0.2083,9640.7,401.6958333333334,37.375,3.888888888888889,0.125,94.5,2,0.6464,Top
997,Royal Bites,Mumbai,Desserts,Dine-in & Delivery,4.1,221.0,12,6,4,0.3333,4097.7,341.47499999999997,33.81818181818182,3.6666666666666665,0.0,10.3,46,0.4552,Poor
998,Urban Grill,Bhopal,Continental,Delivery Only,3.2,562.0,19,10,5,0.2632,7005.95,368.7342105263158,37.0,2.888888888888889,0.0526,69.2,17,0.4498,Poor
999,Urban Diner,Ahmedabad,Mexican,QSR,,638.0,16,11,3,0.1875,6721.599999999999,420.09999999999997,37.5,4.090909090909091,0.0625,41.9,24,0.5387,Good
1000,Green Kitchen,Patna,North Indian,Cloud Kitchen,3.7,356.0,18,13,4,0.2222,7092.5,394.02777777777777,33.0,3.1538461538461537,0.0,60.2,24,0.5273,Average
1001,Grand Point,Chennai,BBQ,Dine-in,3.9,251.0,21,15,4,0.1905,7811.2,371.96190476190475,38.42857142857143,3.466666666666667,0.0952,83.6,10,0.5973,Good
1002,Curry House,Lucknow,South Indian,QSR,4.2,390.0,15,9,4,0.2667,7248.35,483.22333333333336,37.733333333333334,4.0,0.0667,32.4,21,0.5835,Good
1003,Curry Corner,Ludhiana,Biryani,Delivery Only,3.9,414.0,12,8,1,0.0833,4517.6,376.4666666666667,27.272727272727273,3.0,0.0,10.3,41,0.4748,Average
1004,Urban Bites,Chennai,Street Food,Delivery Only,4.2,507.0,21,16,4,0.1905,7536.45,358.87857142857143,35.523809523809526,3.1875,0.0952,83.6,12,0.634,Top
1005,Green House,Mumbai,Thai,QSR,,373.0,12,8,4,0.3333,5084.0,423.6666666666667,40.416666666666664,4.0,0.0833,10.3,38,0.4504,Poor
1006,Tasty Cafe,Hyderabad,Chinese,Dine-in & Delivery,4.8,100.0,12,9,2,0.1667,5831.3,485.94166666666666,30.5,3.5555555555555554,0.0833,10.3,26,0.6323,Top
1007,Royal Hub,Delhi,Burgers,QSR,4.1,132.0,21,12,8,0.381,7988.3,380.3952380952381,34.55,4.090909090909091,0.0476,83.6,14,0.6033,Top
1008,Spicy Kitchen,Surat,Fast Food,Dine-in & Delivery,3.4,255.0,14,11,2,0.1429,5226.7,373.3357142857143,43.714285714285715,3.4545454545454546,0.2143,23.3,47,0.4219,Poor
1009,Golden Corner,Ludhiana,Sushi,Dine-in,3.4,328.0,19,13,6,0.3158,7932.35,417.4921052631579,42.27777777777778,2.8181818181818183,0.1579,69.2,13,0.4974,Average
1010,Urban Diner,Chandigarh,Pizza,Cloud Kitchen,5.0,274.0,17,11,3,0.1765,7761.95,456.58529411764704,38.35294117647059,4.0,0.0588,51.2,11,0.7403,Top
1011,Blue Grill,Bhubaneswar,Street Food,Delivery Only,3.1,548.0,13,7,5,0.3846,6082.75,467.90384615384613,39.46153846153846,3.875,0.0769,16.2,32,0.36,Poor
1012,Green House,Delhi,Continental,Delivery Only,4.0,893.0,13,11,1,0.0769,4522.9,347.9153846153846,41.30769230769231,3.25,0.2308,16.2,51,0.4959,Average
1013,Golden Kitchen,Bhopal,Sushi,QSR,3.9,100.0,16,12,3,0.1875,6437.55,402.346875,34.5,2.8333333333333335,0.0625,41.9,26,0.5335,Average
1014,Urban Corner,Hyderabad,Thai,Dine-in,3.7,360.0,13,8,4,0.3077,4891.25,376.25,34.69230769230769,4.0,0.0,16.2,41,0.4271,Poor
1015,Curry Hub,Raipur,South Indian,Dine-in,3.3,337.0,17,13,2,0.1176,8410.95,494.7617647058824,38.4,4.0,0.1765,51.2,9,0.5154,Average
1016,The Hub,Patna,Biryani,Cloud Kitchen,3.8,437.0,28,18,7,0.25,11762.1,420.075,41.7037037037037,3.2,0.1429,99.5,1,0.7201,Top
1017,Urban Grill,Pune,South Indian,Cloud Kitchen,3.2,571.0,18,13,4,0.2222,6606.0,367.0,36.833333333333336,3.6153846153846154,0.0556,60.2,24,0.4396,Poor
1018,Green Bites,Kolkata,Continental,Delivery Only,4.7,506.0,21,17,3,0.1429,8119.45,386.6404761904762,38.80952380952381,3.8,0.2381,83.6,14,0.7315,Top
1019,Curry Grill,Nashik,Italian,Dine-in,4.5,486.0,19,12,7,0.3684,7703.95,405.4710526315789,39.10526315789474,4.375,0.2632,69.2,11,0.6461,Top
1020,Royal House,Jaipur,Sushi,Delivery Only,3.4,504.0,14,10,0,0.0,6344.15,453.1535714285714,38.142857142857146,3.090909090909091,0.0714,23.3,23,0.4746,Average
1021,Blue Cafe,Nagpur,Street Food,Cloud Kitchen,3.6,228.0,16,10,5,0.3125,5459.7,341.23125,31.1875,3.1,0.125,41.9,27,0.443,Poor
1022,Green Corner,Indore,South Indian,Dine-in,3.9,614.0,20,15,3,0.15,6578.75,328.9375,37.4,3.642857142857143,0.1,77.2,16,0.5637,Good
1023,Curry Point,Raipur,Burgers,Dine-in & Delivery,3.7,837.0,25,14,9,0.36,9839.1,393.564,33.28,3.7857142857142856,0.04,96.6,2,0.6195,Top
1024,Tasty Grill,Chennai,Chinese,Dine-in,4.4,340.0,17,12,3,0.1765,7182.5,422.5,35.529411764705884,3.9,0.1765,51.2,16,0.6352,Top
1025,Blue Hub,Lucknow,Chinese,Dine-in,3.6,878.0,18,16,2,0.1111,7412.9,411.8277777777778,36.666666666666664,3.076923076923077,0.1111,60.2,19,0.5381,Good
1026,The Diner,Pune,Thai,Delivery Only,3.7,522.0,15,8,3,0.2,5875.4,391.6933333333333,35.666666666666664,3.5454545454545454,0.0,32.4,35,0.4811,Average
1027,Spicy House,Kolkata,Continental,Dine-in & Delivery,4.1,105.0,12,7,3,0.25,4743.3,395.27500000000003,35.81818181818182,3.2857142857142856,0.0,10.3,49,0.4857,Average
1028,Tasty Point,Mumbai,Sushi,Delivery Only,3.0,621.0,17,11,3,0.1765,6194.75,364.3970588235294,40.23529411764706,3.727272727272727,0.1176,51.2,30,0.4002,Poor
1029,Curry Kitchen,Vadodara,Bakery,Dine-in,3.4,452.0,16,13,3,0.1875,6039.4,377.4625,39.2,3.090909090909091,0.1875,41.9,26,0.4483,Poor
1030,The Hub,Ahmedabad,Chinese,QSR,3.1,384.0,14,7,3,0.2143,5998.55,428.46785714285716,43.214285714285715,3.888888888888889,0.1429,23.3,36,0.3883,Poor
1031,Golden Corner,Kochi,Street Food,Dine-in,4.0,100.0,21,13,4,0.1905,8516.15,405.5309523809524,32.57142857142857,3.7142857142857144,0.0476,83.6,9,0.6318,Top
1032,Curry House,Delhi,Sushi,QSR,3.9,471.0,19,14,4,0.2105,6905.15,363.428947368421,34.888888888888886,4.285714285714286,0.0526,69.2,25,0.5586,Good
1033,Blue House,Kolkata,Continental,Dine-in,3.7,229.0,15,11,3,0.2,5845.95,389.72999999999996,37.214285714285715,4.090909090909091,0.0667,32.4,42,0.4803,Average
1034,Royal Point,Chennai,Fast Food,Dine-in,3.7,374.0,18,10,4,0.2222,7088.8,393.82222222222225,34.333333333333336,3.5,0.0,60.2,18,0.5272,Average
1035,Urban Kitchen,Raipur,Mughlai,Dine-in,4.9,425.0,19,13,6,0.3158,7865.5,413.9736842105263,40.78947368421053,4.111111111111111,0.1579,69.2,12,0.7178,Top
1036,Tasty Cafe,Coimbatore,Sushi,Delivery Only,3.7,425.0,17,7,6,0.3529,6415.55,377.38529411764705,40.1764705882353,3.8,0.1176,51.2,32,0.4836,Average
1037,Blue Diner,Indore,BBQ,Dine-in & Delivery,4.1,527.0,18,11,7,0.3889,6794.55,377.475,35.666666666666664,4.2,0.1111,60.2,14,0.5532,Good
1038,The Cafe,Vadodara,Healthy Food,QSR,4.1,570.0,17,13,1,0.0588,5963.55,350.7970588235294,31.3125,3.875,0.0588,51.2,27,0.5743,Good
1039,Blue Hub,Bhubaneswar,South Indian,Cloud Kitchen,3.2,553.0,15,12,1,0.0667,5708.85,380.59000000000003,40.4,3.9,0.2,32.4,37,0.4223,Poor
1040,Grand House,Patna,Biryani,QSR,4.0,325.0,21,14,4,0.1905,8260.1,393.33809523809526,41.04761904761905,3.6923076923076925,0.1905,83.6,11,0.6246,Top
1041,Tasty Bites,Ahmedabad,Chinese,QSR,4.0,428.0,18,12,3,0.1667,6448.85,358.26944444444445,32.588235294117645,3.8461538461538463,0.0,60.2,28,0.5621,Good
1042,Spicy Grill,Raipur,Pizza,Dine-in & Delivery,3.9,484.0,20,12,6,0.3,8495.55,424.7775,34.3,3.3076923076923075,0.0,77.2,8,0.5948,Good
1043,Curry Diner,Nagpur,Burgers,QSR,3.1,502.0,14,6,6,0.4286,5439.5,388.5357142857143,38.642857142857146,3.2,0.0714,23.3,28,0.3406,Poor
1044,Grand Treats,Chandigarh,Pizza,QSR,4.2,498.0,19,12,5,0.2632,6849.0,360.4736842105263,34.333333333333336,3.9,0.0,69.2,22,0.5936,Good
1045,Spicy Treats,Bhopal,Pizza,Cloud Kitchen,3.5,277.0,13,12,1,0.0769,5633.95,433.3807692307692,43.76923076923077,3.888888888888889,0.3077,16.2,34,0.4528,Poor
1046,Golden Kitchen,Ludhiana,Healthy Food,QSR,4.0,610.0,15,11,2,0.1333,6912.15,460.81,29.733333333333334,3.8333333333333335,0.0,32.4,19,0.5645,Good
1047,Royal Hub,Kochi,BBQ,QSR,4.6,602.0,10,6,3,0.3,4431.0,443.1,36.333333333333336,4.166666666666667,0.2,3.2,46,0.5332,Average
1048,Grand Corner,Bhopal,Pizza,Cloud Kitchen,4.2,100.0,20,17,2,0.1,8455.25,422.7625,40.25,3.8823529411764706,0.1,77.2,5,0.6681,Top
1049,Tasty Kitchen,Patna,Chinese,Delivery Only,3.6,512.0,17,11,3,0.1765,6270.05,368.8264705882353,32.94117647058823,2.6666666666666665,0.0588,51.2,30,0.4912,Average
1050,Tasty Corner,Chandigarh,Mexican,QSR,3.6,263.0,17,10,5,0.2941,6606.75,388.63235294117646,36.5625,3.3636363636363638,0.0,51.2,26,0.4829,Average
1051,Green Corner,Vadodara,Sushi,QSR,3.4,802.0,23,15,6,0.2609,7845.8,341.1217391304348,36.857142857142854,3.923076923076923,0.087,91.9,11,0.5239,Average
1052,Urban Treats,Chandigarh,Street Food,Dine-in,3.3,407.0,16,7,7,0.4375,6854.05,428.378125,39.9375,3.875,0.1875,41.9,21,0.4187,Poor
1053,Grand Hub,Indore,Italian,Dine-in & Delivery,3.5,277.0,11,10,1,0.0909,4645.0,422.27272727272725,27.545454545454547,3.25,0.0909,5.9,31,0.4128,Poor
1054,Royal Diner,Delhi,Italian,Dine-in & Delivery,4.1,614.0,16,12,2,0.125,4863.7,303.98125,36.5625,4.153846153846154,0.125,41.9,45,0.5285,Average
1055,Royal Corner,Lucknow,Burgers,Cloud Kitchen,3.3,460.0,21,15,3,0.1429,8480.1,403.81428571428575,36.285714285714285,3.7142857142857144,0.1905,83.6,6,0.5342,Average
1056,Green Point,Chandigarh,Pizza,Dine-in & Delivery,3.8,359.0,14,9,3,0.2143,5871.15,419.36785714285713,29.642857142857142,4.0,0.0,23.3,36,0.4885,Average
1057,Urban Point,Bhopal,Thai,QSR,3.4,671.0,20,8,10,0.5,7990.85,399.5425,30.5,4.0,0.0,77.2,10,0.4766,Average
1058,Curry Kitchen,Bhubaneswar,Biryani,Dine-in & Delivery,3.4,189.0,15,10,3,0.2,5100.75,340.05,40.266666666666666,3.5555555555555554,0.2,32.4,41,0.415,Poor
1059,Spicy Diner,Nashik,Chinese,Dine-in,4.4,489.0,13,10,0,0.0,5255.5,404.2692307692308,34.0,2.727272727272727,0.1538,16.2,35,0.5871,Good
1060,Urban House,Bengaluru,Chinese,Cloud Kitchen,3.3,434.0,17,12,2,0.1176,6276.65,369.2147058823529,42.705882352941174,4.076923076923077,0.2353,51.2,33,0.4557,Poor
1061,Blue Hub,Chandigarh,Bakery,QSR,3.6,747.0,21,11,6,0.2857,8124.4,386.87619047619046,34.76190476190476,3.2142857142857144,0.0,83.6,8,0.5473,Good
1062,Royal Diner,Bhopal,Thai,Dine-in & Delivery,3.8,556.0,18,11,4,0.2222,8044.15,446.8972222222222,35.94444444444444,3.4615384615384617,0.1111,60.2,8,0.5687,Good
1063,The Bites,Hyderabad,Bakery,Dine-in,3.9,737.0,16,14,2,0.125,6925.05,432.815625,35.6875,3.5384615384615383,0.125,41.9,16,0.5565,Good
1064,Grand Grill,Visakhapatnam,Thai,Cloud Kitchen,,681.0,19,13,5,0.2632,7560.55,397.92368421052635,35.94736842105263,4.083333333333333,0.1579,69.2,16,0.5663,Good
1065,The Hub,Nashik,Pizza,Dine-in & Delivery,4.2,339.0,14,9,3,0.2143,6451.55,460.825,31.615384615384617,4.125,0.0714,23.3,20,0.5639,Good
1066,Spicy Kitchen,Kolkata,Street Food,Cloud Kitchen,3.9,407.0,16,10,5,0.3125,6137.1,383.56875,41.1875,2.75,0.125,41.9,39,0.5063,Average
1067,Spicy Diner,Chandigarh,Street Food,Cloud Kitchen,3.6,234.0,22,11,9,0.4091,8207.0,373.04545454545456,30.318181818181817,4.111111111111111,0.0,88.7,6,0.5363,Good
1068,Royal Hub,Raipur,South Indian,Cloud Kitchen,4.6,100.0,26,13,7,0.2692,10479.05,403.0403846153846,34.34615384615385,3.1666666666666665,0.0769,98.0,1,0.7896,Top
1069,The House,Visakhapatnam,South Indian,QSR,4.6,182.0,18,13,3,0.1667,7232.099999999999,401.7833333333333,35.833333333333336,3.0833333333333335,0.1667,60.2,19,0.6728,Top
1070,Curry Cafe,Chennai,Continental,Delivery Only,4.2,332.0,24,18,4,0.1667,9523.15,396.79791666666665,36.833333333333336,3.7058823529411766,0.0833,94.5,4,0.7086,Top
1071,The Grill,Bhubaneswar,BBQ,Delivery Only,3.1,679.0,21,10,6,0.2857,8840.45,420.97380952380956,34.95,4.466666666666667,0.0,83.6,7,0.4932,Average
1072,Golden Grill,Nagpur,Thai,Dine-in & Delivery,2.7,609.0,15,10,4,0.2667,4970.7,331.38,36.86666666666667,4.0,0.1333,32.4,32,0.2977,Poor
1073,Tasty House,Bhopal,Mexican,Dine-in & Delivery,4.0,660.0,17,11,6,0.3529,6701.55,394.2088235294118,36.64705882352941,3.3333333333333335,0.0,51.2,21,0.536,Good
1074,Urban Cafe,Ahmedabad,South Indian,Cloud Kitchen,4.2,572.0,16,9,6,0.375,7892.6,493.2875,35.4375,3.888888888888889,0.0625,41.9,17,0.5904,Good
1075,Golden Grill,Hyderabad,Healthy Food,QSR,4.3,617.0,13,6,3,0.2308,4986.95,383.61153846153843,33.61538461538461,3.7142857142857144,0.1538,16.2,37,0.5302,Average
1076,Grand Point,Ludhiana,Biryani,Cloud Kitchen,4.1,383.0,12,8,3,0.25,4457.95,371.49583333333334,36.416666666666664,4.571428571428571,0.0833,10.3,42,0.4777,Average
1077,Urban Kitchen,Bengaluru,Continental,Dine-in & Delivery,3.8,471.0,15,13,0,0.0,6622.349999999999,441.48999999999995,40.266666666666666,4.166666666666667,0.0667,32.4,28,0.5468,Good
1078,Green House,Chennai,Thai,QSR,3.8,887.0,18,15,3,0.1667,6267.4,348.18888888888887,33.0,4.083333333333333,0.1111,60.2,28,0.5274,Average
1079,Blue Point,Bhopal,Bakery,Dine-in,3.9,220.0,13,6,6,0.4615,5241.2,403.16923076923075,31.076923076923077,4.0,0.0,16.2,39,0.4434,Poor
1080,Tasty Corner,Delhi,BBQ,Dine-in & Delivery,3.8,282.0,13,9,3,0.2308,5882.85,452.5269230769231,35.0,3.111111111111111,0.0,16.2,35,0.4811,Average
1081,Curry Point,Hyderabad,Street Food,Dine-in,4.9,469.0,16,10,4,0.25,5415.55,338.471875,36.4375,3.090909090909091,0.1875,41.9,32,0.6437,Top
1082,Golden Kitchen,Ludhiana,North Indian,Dine-in,4.2,553.0,15,10,4,0.2667,6428.3,428.55333333333334,43.53333333333333,4.25,0.2,32.4,23,0.5606,Good
1083,Golden Kitchen,Pune,Healthy Food,Cloud Kitchen,4.4,497.0,15,5,8,0.5333,6882.25,458.81666666666666,42.8,3.142857142857143,0.1333,32.4,23,0.5629,Good
1084,Spicy House,Nashik,South Indian,QSR,,459.0,21,17,2,0.0952,7905.3,376.4428571428572,36.75,3.9411764705882355,0.0952,83.6,10,0.6114,Top
1085,Curry Cafe,Lucknow,Pizza,Delivery Only,3.3,420.0,17,13,3,0.1765,6331.75,372.45588235294116,33.88235294117647,3.5454545454545454,0.0,51.2,33,0.4484,Poor
1086,Grand Hub,Patna,Healthy Food,Delivery Only,4.8,597.0,14,6,5,0.3571,5122.9,365.9214285714285,37.23076923076923,4.142857142857143,0.0714,23.3,46,0.5943,Good
1087,Green Point,Bhubaneswar,Street Food,Delivery Only,3.8,852.0,9,5,3,0.3333,3459.05,384.3388888888889,39.888888888888886,4.333333333333333,0.2222,1.7,50,0.3774,Poor
1088,Spicy Kitchen,Chandigarh,Pizza,Cloud Kitchen,3.6,518.0,17,11,4,0.2353,6275.05,369.1205882352941,31.88235294117647,3.6363636363636362,0.0,51.2,31,0.4825,Average
1089,Curry Cafe,Vadodara,Desserts,Cloud Kitchen,3.7,409.0,17,13,3,0.1765,6635.8,390.34117647058827,44.11764705882353,3.8,0.1765,51.2,19,0.5162,Average
1090,Urban Corner,Jaipur,Italian,Dine-in,4.1,565.0,13,9,1,0.0769,5061.849999999999,389.3730769230769,35.46153846153846,3.727272727272727,0.0769,16.2,35,0.5257,Average
1091,Grand Kitchen,Delhi,Healthy Food,Cloud Kitchen,3.8,,24,16,7,0.2917,8895.45,370.64375,36.52173913043478,3.75,0.1667,94.5,5,0.6131,Top
1092,Golden Point,Coimbatore,Fast Food,Cloud Kitchen,4.8,470.0,21,16,1,0.0476,7816.95,372.23571428571427,36.523809523809526,3.111111111111111,0.0476,83.6,17,0.7522,Top
1093,Royal Hub,Visakhapatnam,Seafood,Dine-in & Delivery,3.4,245.0,15,10,2,0.1333,5592.1,372.8066666666667,35.214285714285715,3.1666666666666665,0.1333,32.4,37,0.4387,Poor
1094,Grand Corner,Kolkata,Thai,Dine-in,4.9,942.0,14,8,5,0.3571,6389.6,456.40000000000003,35.785714285714285,2.857142857142857,0.1429,23.3,34,0.6445,Top
1095,Grand Diner,Guwahati,Continental,Delivery Only,4.1,327.0,13,5,3,0.2308,4816.9,370.5307692307692,40.07692307692308,3.75,0.0769,16.2,39,0.4958,Average
1096,Green Treats,Nashik,Thai,Dine-in & Delivery,4.1,388.0,17,12,3,0.1765,6110.25,359.4264705882353,40.46666666666667,2.9166666666666665,0.0588,51.2,25,0.5608,Good
1097,Curry Point,Guwahati,BBQ,Dine-in & Delivery,4.2,520.0,21,15,3,0.1429,7358.65,350.41190476190474,37.57142857142857,3.9411764705882355,0.0952,83.6,19,0.6362,Top
1098,Spicy Hub,Kochi,South Indian,QSR,,433.0,16,12,3,0.1875,7142.0,446.375,40.42857142857143,3.3333333333333335,0.1875,41.9,20,0.5504,Good
1099,Curry Cafe,Guwahati,Seafood,Dine-in & Delivery,3.8,639.0,25,16,7,0.28,10961.7,438.468,33.083333333333336,3.5625,0.08,96.6,1,0.6777,Top
1100,Green Corner,Indore,Continental,Dine-in & Delivery,3.8,861.0,22,10,8,0.3636,7971.45,362.33863636363634,33.90909090909091,3.5833333333333335,0.0455,88.7,6,0.5661,Good
1101,Green Diner,Bhopal,Thai,Cloud Kitchen,5.0,374.0,14,12,1,0.0714,4326.15,309.01071428571424,36.76923076923077,3.0,0.0714,23.3,48,0.6445,Top
1102,Blue Kitchen,Coimbatore,Street Food,Cloud Kitchen,3.7,,16,9,6,0.375,6831.65,426.978125,33.0625,3.5,0.0625,41.9,25,0.4867,Average
1103,Royal Point,Mumbai,Seafood,Delivery Only,3.6,620.0,18,15,2,0.1111,7529.05,418.28055555555557,37.72222222222222,3.9285714285714284,0.2222,60.2,16,0.5413,Good
1104,Golden Kitchen,Nagpur,Thai,Dine-in,4.5,706.0,17,11,5,0.2941,7686.8,452.16470588235296,37.125,3.4545454545454546,0.1176,51.2,7,0.6464,Top
1105,Golden Bites,Jaipur,Sushi,Dine-in & Delivery,3.8,405.0,19,9,7,0.3684,8301.95,436.9447368421053,35.388888888888886,4.181818181818182,0.1053,69.2,6,0.5591,Good
1106,Curry Cafe,Kolkata,South Indian,Delivery Only,2.9,318.0,17,8,4,0.2353,7478.2,439.8941176470588,38.86666666666667,2.8333333333333335,0.1765,51.2,24,0.4124,Poor
1107,Grand Diner,Coimbatore,North Indian,QSR,3.4,228.0,22,15,5,0.2273,8029.45,364.97499999999997,34.904761904761905,3.5384615384615383,0.1364,88.7,13,0.5289,Average
1108,Golden Treats,Bhopal,Bakery,Delivery Only,3.7,388.0,27,17,5,0.1852,11040.4,408.9037037037037,37.2,3.4,0.0741,99.0,1,0.6897,Top
1109,The Kitchen,Surat,Sushi,Dine-in & Delivery,3.9,721.0,17,9,6,0.3529,5784.7,340.27647058823527,35.375,3.5,0.1765,51.2,38,0.4956,Average
1110,Spicy Cafe,Ahmedabad,Sushi,Delivery Only,4.5,225.0,14,10,3,0.2143,6267.6,447.6857142857143,38.714285714285715,3.625,0.1429,23.3,31,0.6032,Top
1111,Green Bites,Bhopal,Biryani,QSR,4.1,290.0,9,5,4,0.4444,4406.1,489.5666666666667,44.111111111111114,3.2,0.3333,1.7,47,0.4316,Poor
1112,Urban House,Ahmedabad,North Indian,QSR,4.0,712.0,22,15,6,0.2727,9917.05,450.775,35.68181818181818,3.7333333333333334,0.0909,88.7,5,0.6637,Top
1113,Spicy Grill,Nashik,Continental,QSR,3.7,252.0,15,9,4,0.2667,5655.4,377.02666666666664,32.53333333333333,3.8,0.1333,32.4,29,0.4649,Poor
1114,Royal Treats,Vadodara,Mexican,Dine-in,3.9,714.0,15,9,5,0.3333,5745.6,383.04,34.6,3.625,0.0667,32.4,29,0.4871,Average
1115,Spicy Hub,Bhopal,Healthy Food,Dine-in & Delivery,4.9,326.0,8,5,2,0.25,3672.45,459.05625,37.125,3.5,0.125,0.8,51,0.5536,Good
1116,Spicy Point,Surat,South Indian,Dine-in & Delivery,4.0,505.0,15,11,4,0.2667,5262.55,350.8366666666667,29.714285714285715,3.6,0.0667,32.4,45,0.4984,Average
1117,Royal Treats,Guwahati,Chinese,Cloud Kitchen,3.2,154.0,20,13,4,0.2,8104.35,405.21750000000003,40.4,3.8125,0.15,77.2,12,0.4951,Average
1118,Blue Bites,Bhubaneswar,Mexican,Cloud Kitchen,4.1,374.0,17,15,1,0.0588,6595.2,387.9529411764706,41.705882352941174,3.6666666666666665,0.2941,51.2,26,0.592,Good
1119,Blue Point,Patna,North Indian,Delivery Only,3.2,587.0,21,16,4,0.1905,8631.55,411.02619047619044,34.904761904761905,3.0,0.0476,83.6,9,0.5165,Average
1120,Curry House,Patna,Chinese,Delivery Only,3.9,452.0,11,9,1,0.0909,4509.6,409.9636363636364,35.54545454545455,3.0,0.0909,5.9,48,0.4682,Poor
1121,Royal Point,Visakhapatnam,Healthy Food,Cloud Kitchen,3.4,108.0,20,14,4,0.2,8110.9,405.54499999999996,38.65,3.9166666666666665,0.15,77.2,11,0.525,Average
1122,Blue House,Indore,South Indian,Delivery Only,3.6,459.0,13,9,2,0.1538,6292.6,484.04615384615386,35.61538461538461,4.555555555555555,0.0,16.2,19,0.4745,Average
1123,Urban House,Pune,Mughlai,Cloud Kitchen,3.5,230.0,16,12,2,0.125,7137.85,446.115625,32.0,2.642857142857143,0.0,41.9,18,0.5031,Average
1124,Spicy Bites,Indore,Desserts,Delivery Only,3.7,457.0,17,10,5,0.2941,7224.6,424.9764705882353,37.3125,3.888888888888889,0.0,51.2,9,0.515,Average
1125,Golden Diner,Ludhiana,Seafood,Cloud Kitchen,4.6,480.0,9,7,2,0.2222,4199.849999999999,466.6499999999999,45.5,3.4285714285714284,0.3333,1.7,43,0.5332,Average
1126,Royal Kitchen,Visakhapatnam,Burgers,QSR,,100.0,20,10,8,0.4,7038.0,351.9,40.25,2.6363636363636362,0.1,77.2,22,0.5363,Good
1127,Spicy Diner,Ahmedabad,Pizza,Dine-in & Delivery,2.7,517.0,26,22,3,0.1154,11873.9,456.6884615384615,35.84,3.1,0.1154,98.0,1,0.5701,Good
1128,Curry Point,Visakhapatnam,Seafood,QSR,3.4,549.0,19,12,4,0.2105,7529.3,396.2789473684211,34.22222222222222,3.6666666666666665,0.1053,69.2,17,0.502,Average
1129,Blue House,Indore,Desserts,Dine-in & Delivery,4.5,568.0,15,9,2,0.1333,5949.25,396.6166666666667,45.4,4.545454545454546,0.3333,32.4,22,0.6117,Top
1130,Curry Bites,Bengaluru,Healthy Food,Cloud Kitchen,3.8,819.0,11,7,4,0.3636,4882.4,443.8545454545454,41.72727272727273,4.142857142857143,0.0,5.9,41,0.4229,Poor
1131,Grand Bites,Raipur,,Cloud Kitchen,3.7,269.0,15,13,2,0.1333,6576.599999999999,438.43999999999994,36.733333333333334,3.4166666666666665,0.1333,32.4,29,0.5107,Average
1132,Spicy Bites,Ahmedabad,Burgers,Delivery Only,4.1,604.0,22,14,2,0.0909,8733.75,396.9886363636364,32.90909090909091,3.526315789473684,0.0909,88.7,10,0.6728,Top
1133,Green Point,Chandigarh,South Indian,Dine-in,2.6,672.0,18,14,1,0.0556,6974.9,387.4944444444444,36.388888888888886,3.7333333333333334,0.0,60.2,20,0.386,Poor
1134,Tasty Diner,Chennai,Bakery,QSR,3.1,100.0,26,19,6,0.2308,9005.1,346.35,36.16,3.125,0.1154,98.0,5,0.5319,Average
1135,The Treats,Delhi,Mexican,Dine-in,3.7,237.0,16,10,3,0.1875,7089.05,443.065625,34.6875,3.3636363636363638,0.0625,41.9,21,0.522,Average
1136,Curry Diner,Ludhiana,Desserts,QSR,4.1,521.0,15,11,1,0.0667,5918.55,394.57,37.86666666666667,2.7857142857142856,0.1333,32.4,29,0.5615,Good
1137,Urban Diner,Hyderabad,Sushi,Cloud Kitchen,4.1,694.0,12,6,4,0.3333,4309.1,359.0916666666667,27.454545454545453,3.125,0.0,10.3,45,0.4611,Poor
1138,The Corner,Chennai,North Indian,Dine-in & Delivery,3.7,523.0,16,10,2,0.125,5953.05,372.065625,38.214285714285715,3.5454545454545454,0.0625,41.9,32,0.4997,Average
1139,The Hub,Ahmedabad,North Indian,Dine-in,,642.0,16,9,3,0.1875,6547.15,409.196875,36.875,3.3846153846153846,0.125,41.9,26,0.5338,Average
1140,Royal Cafe,Delhi,Mexican,QSR,3.6,393.0,14,8,4,0.2857,4656.150000000001,332.5821428571429,37.5,3.4444444444444446,0.2143,23.3,47,0.4142,Poor
1141,Curry Diner,Ludhiana,Desserts,Cloud Kitchen,3.7,430.0,14,10,3,0.2143,5481.7,391.55,35.214285714285715,4.222222222222222,0.0714,23.3,33,0.4628,Poor
1142,Spicy Grill,Pune,Mexican,Dine-in,3.7,100.0,17,7,6,0.3529,5988.45,352.26176470588234,36.125,3.6666666666666665,0.0,51.2,34,0.4717,Average
1143,The Kitchen,Chennai,Seafood,Dine-in,4.5,319.0,17,10,5,0.2941,6989.75,411.1617647058824,35.35294117647059,3.5,0.0588,51.2,20,0.627,Top
1144,Blue Grill,Ahmedabad,Burgers,Dine-in,3.7,411.0,10,8,2,0.2,3168.7,316.87,32.0,3.625,0.0,3.2,52,0.3796,Poor
1145,Grand House,Nagpur,Street Food,Cloud Kitchen,4.2,351.0,26,15,8,0.3077,10406.65,400.2557692307692,32.34615384615385,3.933333333333333,0.0385,98.0,1,0.7225,Top
1146,Golden Cafe,Lucknow,Healthy Food,Delivery Only,4.4,824.0,13,7,4,0.3077,5044.8,388.0615384615385,34.38461538461539,3.8,0.0769,16.2,43,0.5351,Average
1147,Curry Cafe,Raipur,Continental,Dine-in & Delivery,4.7,500.0,11,5,6,0.5455,3666.6,333.3272727272727,39.72727272727273,3.8,0.1818,5.9,51,0.495,Average
1148,Grand Hub,Lucknow,Bakery,Dine-in & Delivery,3.6,329.0,19,12,6,0.3158,6594.65,347.08684210526314,37.5,3.4166666666666665,0.1053,69.2,29,0.4897,Average
1149,Tasty Treats,Pune,Seafood,Dine-in,3.7,279.0,18,12,4,0.2222,7628.5,423.80555555555554,34.94444444444444,4.142857142857143,0.0556,60.2,11,0.5422,Good
1150,Curry Treats,Delhi,Continental,Cloud Kitchen,4.1,404.0,23,16,5,0.2174,9400.7,408.7260869565218,42.17391304347826,3.6,0.1739,91.9,3,0.6776,Top
1151,Tasty Kitchen,Hyderabad,Fast Food,Cloud Kitchen,3.9,388.0,23,15,6,0.2609,8917.2,387.704347826087,43.45454545454545,3.823529411764706,0.2174,91.9,2,0.6279,Top
1152,Green Hub,Coimbatore,Italian,Delivery Only,4.1,501.0,20,14,6,0.3,7723.1,386.15500000000003,32.85,3.727272727272727,0.0,77.2,18,0.6028,Top
1153,The Point,Nashik,South Indian,QSR,3.7,420.0,20,11,6,0.3,8108.7,405.435,37.95,3.6666666666666665,0.1,77.2,8,0.5543,Good
1154,The Bites,Visakhapatnam,Continental,Delivery Only,3.8,,14,9,3,0.2143,5587.7,399.12142857142857,39.785714285714285,3.7777777777777777,0.1429,23.3,38,0.4805,Average
1155,Urban Point,Pune,Biryani,QSR,3.5,356.0,18,11,4,0.2222,6539.05,363.28055555555557,35.388888888888886,3.7857142857142856,0.1667,60.2,27,0.4822,Average
1156,Grand Hub,Bhopal,Bakery,Dine-in & Delivery,3.0,234.0,15,7,6,0.4,6066.400000000001,404.4266666666667,34.857142857142854,3.5,0.0667,32.4,30,0.3527,Poor
1157,The House,Coimbatore,Continental,Delivery Only,3.8,362.0,21,15,4,0.1905,8213.75,391.1309523809524,40.142857142857146,4.0,0.2381,83.6,12,0.5937,Good
1158,Spicy Diner,Hyderabad,BBQ,Dine-in & Delivery,2.9,555.0,21,14,5,0.2381,7143.75,340.17857142857144,33.38095238095238,3.642857142857143,0.0476,83.6,15,0.4233,Poor
1159,Tasty Grill,Kochi,Biryani,Dine-in,3.5,125.0,19,10,6,0.3158,8260.550000000001,434.76578947368426,39.27777777777778,3.7777777777777777,0.1053,69.2,11,0.5214,Average
1160,The House,Pune,Healthy Food,QSR,4.1,616.0,16,13,1,0.0625,7093.05,443.315625,37.875,3.466666666666667,0.25,41.9,20,0.6002,Good
1161,Green Cafe,Bhubaneswar,Chinese,Dine-in,2.7,586.0,27,21,3,0.1111,9111.7,337.4703703703704,35.11538461538461,3.238095238095238,0.0,99.0,5,0.4988,Average
1162,Urban Treats,Bhubaneswar,Mughlai,Dine-in,3.8,398.0,15,11,4,0.2667,5528.75,368.5833333333333,39.0,3.9,0.0,32.4,38,0.4762,Average
1163,Royal Kitchen,Chandigarh,BBQ,Dine-in & Delivery,3.3,418.0,16,9,4,0.25,7971.15,498.196875,31.5,3.6,0.0625,41.9,10,0.478,Average
1164,The Point,Bhubaneswar,Italian,Dine-in & Delivery,3.9,900.0,24,17,4,0.1667,8648.65,360.36041666666665,36.34782608695652,3.0555555555555554,0.0833,94.5,9,0.6397,Top
1165,Green Treats,Mumbai,Fast Food,Cloud Kitchen,4.2,449.0,20,12,5,0.25,7630.2,381.51,39.6,3.923076923076923,0.1,77.2,14,0.6225,Top
1166,Curry Bites,Ahmedabad,Fast Food,Cloud Kitchen,4.5,627.0,28,23,3,0.1071,9888.65,353.1660714285714,35.5,3.0454545454545454,0.1429,99.5,6,0.7929,Top
1167,Royal Treats,Kolkata,Chinese,Cloud Kitchen,3.2,582.0,17,12,3,0.1765,7077.15,416.30294117647054,37.76470588235294,3.6,0.1176,51.2,28,0.4545,Poor
1168,Golden House,Visakhapatnam,Mughlai,Delivery Only,3.9,309.0,25,18,6,0.24,9782.4,391.296,46.24,3.6875,0.36,96.6,2,0.6656,Top
1169,Curry Grill,Kolkata,Burgers,Dine-in,3.4,420.0,21,13,5,0.2381,7988.8,380.4190476190476,34.857142857142854,4.090909090909091,0.1429,83.6,17,0.521,Average
1170,The Kitchen,Hyderabad,Sushi,Delivery Only,3.9,679.0,12,5,4,0.3333,5138.95,428.24583333333334,39.333333333333336,3.4,0.0833,10.3,34,0.4546,Poor
1171,Green Diner,Surat,BBQ,QSR,2.8,198.0,17,13,3,0.1765,6080.65,357.68529411764706,40.733333333333334,3.8333333333333335,0.0588,51.2,34,0.3674,Poor
1172,Golden Diner,Mumbai,South Indian,QSR,4.0,422.0,21,18,2,0.0952,8720.2,415.2476190476191,44.3,3.4705882352941178,0.2857,83.6,5,0.6518,Top
1173,Curry Kitchen,Ahmedabad,Mughlai,Cloud Kitchen,4.0,358.0,16,11,5,0.3125,6788.5,424.28125,34.3125,4.0,0.0,41.9,23,0.5393,Good
1174,Spicy Point,Chennai,Mughlai,Dine-in,4.0,132.0,27,18,5,0.1852,10654.65,394.6166666666667,35.48148148148148,3.588235294117647,0.1111,99.0,1,0.7233,Top
1175,Spicy Hub,Delhi,Fast Food,Cloud Kitchen,4.9,533.0,14,11,2,0.1429,6642.9,474.49285714285713,39.57142857142857,4.1,0.1429,23.3,29,0.6837,Top
1176,Spicy Bites,Bengaluru,Burgers,Cloud Kitchen,4.1,236.0,15,10,4,0.2667,6884.05,458.93666666666667,35.8,3.4444444444444446,0.1333,32.4,22,0.5585,Good
1177,The Cafe,Chennai,South Indian,Dine-in & Delivery,3.6,552.0,15,13,2,0.1333,4707.7,313.84666666666664,37.733333333333334,3.272727272727273,0.1333,32.4,42,0.4436,Poor
1178,Royal Kitchen,Chandigarh,Chinese,Delivery Only,3.7,503.0,16,10,5,0.3125,6089.65,380.603125,39.5625,3.1818181818181817,0.125,41.9,34,0.4754,Average
1179,Royal Cafe,Chennai,South Indian,Cloud Kitchen,3.5,182.0,24,14,9,0.375,8349.65,347.90208333333334,39.958333333333336,3.1666666666666665,0.125,94.5,6,0.5409,Good
1180,Spicy Corner,Ludhiana,Pizza,QSR,4.5,270.0,23,17,4,0.1739,8322.55,361.84999999999997,35.95652173913044,3.6666666666666665,0.0435,91.9,10,0.7133,Top
1181,Golden Treats,Coimbatore,Sushi,Dine-in & Delivery,4.4,282.0,13,11,1,0.0769,5329.05,409.9269230769231,34.46153846153846,2.6666666666666665,0.0,16.2,39,0.5776,Good
1182,Curry Corner,Kochi,Seafood,Dine-in,3.8,372.0,17,12,2,0.1176,6612.1,388.94705882352946,34.529411764705884,3.5,0.0588,51.2,23,0.5392,Good
1183,Curry Hub,Raipur,South Indian,Dine-in & Delivery,3.8,601.0,16,10,1,0.0625,7097.15,443.571875,32.375,3.533333333333333,0.0625,41.9,20,0.5558,Good
1184,Urban House,Nagpur,North Indian,Delivery Only,4.7,411.0,20,12,4,0.2,7491.65,374.5825,37.8,3.75,0.15,77.2,10,0.7002,Top
1185,Golden Corner,Coimbatore,Pizza,QSR,4.0,396.0,18,10,3,0.1667,6453.150000000001,358.5083333333334,31.61111111111111,3.1666666666666665,0.0,60.2,31,0.5622,Good
1186,Tasty Kitchen,Chandigarh,Italian,Delivery Only,3.9,306.0,21,15,5,0.2381,8283.2,394.4380952380953,37.04761904761905,4.0,0.1905,83.6,5,0.6033,Top
1187,Grand House,Jaipur,Mexican,Dine-in & Delivery,3.4,514.0,19,8,9,0.4737,7075.3,372.3842105263158,31.666666666666668,4.111111111111111,0.0,69.2,17,0.4498,Poor
1188,The Grill,Coimbatore,North Indian,Dine-in,4.0,677.0,25,17,7,0.28,8801.75,352.07,37.583333333333336,3.7777777777777777,0.16,96.6,6,0.647,Top
1189,Grand Corner,Visakhapatnam,,Dine-in & Delivery,3.9,440.0,18,10,6,0.3333,5903.05,327.94722222222225,34.666666666666664,3.4545454545454546,0.0556,60.2,35,0.507,Average
1190,Blue Treats,Indore,Continental,Delivery Only,4.2,646.0,11,9,0,0.0,4213.05,383.00454545454545,48.45454545454545,3.25,0.1818,5.9,38,0.518,Average
1191,Blue House,Kochi,Biryani,QSR,3.8,100.0,26,20,4,0.1538,10231.9,393.5346153846154,37.38461538461539,3.95,0.1923,98.0,4,0.6814,Top
1192,Curry Bites,Hyderabad,Chinese,Dine-in & Delivery,3.4,664.0,13,11,2,0.1538,4978.3,382.94615384615383,34.46153846153846,3.7142857142857144,0.0769,16.2,38,0.4082,Poor
1193,Urban Grill,Guwahati,Healthy Food,Dine-in & Delivery,4.8,716.0,17,11,2,0.1176,6222.9,366.05294117647054,35.294117647058826,4.076923076923077,0.1176,51.2,30,0.6765,Top
1194,Curry Kitchen,Visakhapatnam,Burgers,Dine-in,3.7,384.0,21,14,6,0.2857,8284.8,394.5142857142857,38.333333333333336,3.727272727272727,0.0476,83.6,8,0.5666,Good
1195,Tasty Cafe,Raipur,South Indian,Cloud Kitchen,4.3,570.0,10,6,3,0.3,3811.6,381.15999999999997,30.4,4.5,0.1,3.2,49,0.4714,Average
1196,Grand Kitchen,Guwahati,Thai,Dine-in & Delivery,2.7,458.0,21,14,5,0.2381,8451.45,402.45000000000005,35.65,3.6666666666666665,0.1429,83.6,8,0.4302,Poor
1197,Blue Kitchen,Mumbai,Pizza,Delivery Only,3.9,219.0,19,15,4,0.2105,6237.3,328.2789473684211,38.10526315789474,3.4166666666666665,0.2105,69.2,27,0.5399,Good
1198,Green Hub,Bhubaneswar,Mexican,Cloud Kitchen,3.6,502.0,24,14,7,0.2917,9457.2,394.05,36.56521739130435,3.8,0.1667,94.5,3,0.5991,Good
1199,The Cafe,Mumbai,Pizza,Dine-in,3.8,636.0,8,6,1,0.125,3356.85,419.60625,37.5,3.8,0.0,0.8,50,0.4006,Poor
1200,Spicy Grill,Chandigarh,Street Food,Dine-in,4.8,,23,14,7,0.3043,9036.05,392.8717391304348,38.52173913043478,3.5,0.2174,91.9,2,0.7581,Top
