CustomerID,ActualChurn,PredictedChurn,ChurnProbability,RiskSegment,Split
1,1,1,0.579,Medium,Train
2,1,1,0.5669,Medium,Test
3,1,1,0.5368,Medium,Test
6,1,1,0.5342,Medium,Train
7,1,1,0.5555,Medium,Train
8,1,0,0.4537,Medium,Train
11,1,1,0.552,Medium,Train
12,1,1,0.5425,Medium,Train
13,1,0,0.4854,Medium,Train
14,1,0,0.4984,Medium,Test
15,1,1,0.5191,Medium,Test
16,1,0,0.458,Medium,Test
17,1,0,0.4986,Medium,Train
18,1,1,0.5102,Medium,Test
19,1,1,0.6618,High,Train
22,1,0,0.3967,Medium,Train
23,1,1,0.6332,Medium,Train
24,1,0,0.4272,Medium,Train
29,0,0,0.4173,Medium,Train
30,1,0,0.4558,Medium,Train
31,0,1,0.6332,Medium,Test
32,1,1,0.5215,Medium,Train
33,1,1,0.5363,Medium,Test
34,1,1,0.5658,Medium,Test
35,1,0,0.4196,Medium,Train
36,1,1,0.6695,High,Train
37,1,0,0.4938,Medium,Train
38,1,0,0.469,Medium,Train
40,0,1,0.5681,Medium,Train
41,1,0,0.4334,Medium,Train
42,1,1,0.6379,Medium,Test
43,1,0,0.416,Medium,Test
44,1,1,0.5223,Medium,Train
45,1,1,0.5074,Medium,Train
46,1,1,0.5024,Medium,Train
47,1,0,0.47,Medium,Train
48,0,0,0.4853,Medium,Train
49,1,1,0.6374,Medium,Train
50,1,0,0.4326,Medium,Train
51,1,0,0.4436,Medium,Test
53,1,1,0.5863,Medium,Test
54,1,1,0.5159,Medium,Train
56,0,0,0.4496,Medium,Train
57,1,0,0.4084,Medium,Test
58,1,0,0.4357,Medium,Train
62,1,1,0.6531,Medium,Test
64,1,0,0.4305,Medium,Train
65,1,1,0.5189,Medium,Test
68,1,0,0.4616,Medium,Train
69,1,1,0.6174,Medium,Train
70,1,1,0.5492,Medium,Train
71,1,1,0.5717,Medium,Test
72,1,1,0.5409,Medium,Train
73,1,0,0.4795,Medium,Train
74,1,0,0.4452,Medium,Train
75,1,0,0.4214,Medium,Train
76,1,0,0.4156,Medium,Train
77,1,1,0.5745,Medium,Train
78,1,0,0.4093,Medium,Test
79,1,1,0.587,Medium,Test
80,0,1,0.5352,Medium,Train
81,1,1,0.581,Medium,Train
82,1,0,0.4439,Medium,Train
84,1,0,0.4731,Medium,Train
85,1,0,0.4852,Medium,Train
86,1,1,0.6086,Medium,Train
87,1,0,0.4796,Medium,Test
88,1,0,0.4137,Medium,Train
89,1,0,0.4273,Medium,Train
90,0,1,0.5126,Medium,Train
91,1,0,0.452,Medium,Train
93,1,1,0.5166,Medium,Train
95,1,0,0.4313,Medium,Train
96,1,0,0.4471,Medium,Test
97,0,0,0.4552,Medium,Train
98,1,1,0.5227,Medium,Train
99,1,0,0.4681,Medium,Train
100,1,1,0.6827,High,Train
101,1,0,0.4833,Medium,Train
102,1,1,0.5102,Medium,Train
103,1,1,0.5392,Medium,Test
104,0,1,0.5022,Medium,Train
105,1,1,0.5073,Medium,Train
106,1,1,0.5634,Medium,Test
107,1,0,0.4139,Medium,Train
109,1,0,0.4303,Medium,Train
110,1,1,0.5002,Medium,Train
111,0,0,0.4576,Medium,Train
112,1,0,0.4432,Medium,Train
113,1,0,0.4878,Medium,Train
114,1,1,0.5387,Medium,Train
117,1,1,0.5029,Medium,Train
119,1,0,0.4527,Medium,Train
121,1,0,0.4881,Medium,Train
122,1,1,0.6081,Medium,Train
123,1,0,0.4752,Medium,Train
124,1,0,0.4639,Medium,Train
125,1,1,0.535,Medium,Train
126,0,0,0.4224,Medium,Train
127,1,0,0.4986,Medium,Train
129,1,1,0.5337,Medium,Test
130,1,1,0.6642,High,Train
131,1,0,0.4686,Medium,Train
134,1,1,0.5106,Medium,Train
135,1,0,0.4857,Medium,Train
136,0,0,0.4369,Medium,Train
139,0,0,0.4524,Medium,Train
140,1,1,0.6618,High,Test
143,1,1,0.5012,Medium,Train
144,1,1,0.5493,Medium,Train
145,1,1,0.5723,Medium,Train
147,1,1,0.5537,Medium,Train
149,1,1,0.5664,Medium,Train
151,1,1,0.516,Medium,Train
152,1,0,0.4478,Medium,Train
153,1,0,0.4769,Medium,Train
154,1,1,0.5885,Medium,Train
155,1,0,0.4424,Medium,Train
156,0,1,0.5266,Medium,Test
157,1,0,0.4849,Medium,Test
159,1,1,0.5677,Medium,Train
160,1,1,0.5354,Medium,Train
161,1,0,0.4847,Medium,Train
162,1,1,0.5807,Medium,Train
163,1,1,0.5092,Medium,Train
164,1,1,0.5498,Medium,Train
166,1,0,0.4764,Medium,Train
168,0,1,0.5722,Medium,Test
169,1,0,0.489,Medium,Train
171,1,1,0.5171,Medium,Train
173,0,1,0.5062,Medium,Train
175,1,1,0.5387,Medium,Train
176,1,0,0.3899,Medium,Test
177,1,0,0.4724,Medium,Train
178,1,0,0.4732,Medium,Train
180,1,0,0.4532,Medium,Train
181,1,1,0.5019,Medium,Train
182,1,0,0.4884,Medium,Train
183,1,1,0.5454,Medium,Train
184,1,1,0.5346,Medium,Train
186,1,0,0.4727,Medium,Train
188,1,0,0.4938,Medium,Test
189,1,1,0.5634,Medium,Test
190,1,0,0.448,Medium,Train
192,1,0,0.4898,Medium,Test
193,1,1,0.632,Medium,Test
194,1,1,0.7119,High,Test
196,1,1,0.6095,Medium,Train
197,1,1,0.5374,Medium,Train
198,1,0,0.4514,Medium,Test
199,1,0,0.4638,Medium,Train
200,1,1,0.6031,Medium,Train
202,0,1,0.5806,Medium,Train
203,0,0,0.451,Medium,Train
204,0,0,0.4857,Medium,Train
205,0,1,0.6226,Medium,Train
206,1,1,0.6583,Medium,Train
207,0,1,0.5636,Medium,Test
208,1,1,0.5251,Medium,Train
209,1,0,0.4781,Medium,Train
210,1,0,0.489,Medium,Train
212,1,1,0.6839,High,Test
213,1,1,0.5333,Medium,Train
214,1,0,0.4866,Medium,Train
216,1,0,0.4427,Medium,Train
219,1,1,0.5202,Medium,Train
220,1,1,0.5195,Medium,Test
221,1,1,0.502,Medium,Train
222,1,1,0.5236,Medium,Train
223,0,1,0.5256,Medium,Test
224,1,1,0.5629,Medium,Test
225,1,1,0.526,Medium,Train
226,1,0,0.4165,Medium,Train
227,1,0,0.4556,Medium,Train
228,1,0,0.4872,Medium,Train
229,1,1,0.5442,Medium,Test
230,1,0,0.4255,Medium,Train
231,1,0,0.4738,Medium,Train
233,1,0,0.4899,Medium,Train
235,1,0,0.4886,Medium,Train
237,1,1,0.5359,Medium,Test
238,1,0,0.3633,Medium,Train
239,1,1,0.503,Medium,Train
240,1,1,0.5275,Medium,Train
241,1,0,0.4958,Medium,Train
242,0,0,0.4856,Medium,Train
243,0,1,0.6733,High,Train
244,0,1,0.5612,Medium,Train
245,1,1,0.5578,Medium,Train
246,1,0,0.4885,Medium,Test
247,1,1,0.53,Medium,Test
248,1,1,0.5187,Medium,Train
249,1,1,0.5068,Medium,Train
250,1,1,0.5325,Medium,Train
251,1,0,0.4773,Medium,Train
252,1,1,0.5183,Medium,Train
253,0,0,0.4357,Medium,Train
254,1,1,0.5453,Medium,Test
256,1,1,0.566,Medium,Train
258,0,1,0.5133,Medium,Train
259,1,0,0.4745,Medium,Train
260,1,0,0.4593,Medium,Train
261,1,1,0.5088,Medium,Train
262,1,1,0.6178,Medium,Train
263,1,1,0.5943,Medium,Train
264,1,0,0.4813,Medium,Train
266,1,1,0.5238,Medium,Train
267,1,1,0.5142,Medium,Train
268,1,1,0.5048,Medium,Train
269,0,0,0.4549,Medium,Test
270,1,0,0.4164,Medium,Train
271,1,1,0.5903,Medium,Train
272,1,0,0.4533,Medium,Train
273,1,0,0.4583,Medium,Train
274,1,0,0.4709,Medium,Test
275,1,1,0.5069,Medium,Train
276,1,1,0.501,Medium,Train
277,1,0,0.3884,Medium,Train
279,1,1,0.5459,Medium,Train
280,1,1,0.6502,Medium,Train
281,1,1,0.5782,Medium,Train
282,1,0,0.3999,Medium,Train
283,1,0,0.4182,Medium,Train
285,1,1,0.6953,High,Train
286,1,1,0.512,Medium,Train
287,1,0,0.4644,Medium,Train
288,1,1,0.6029,Medium,Train
289,0,0,0.45,Medium,Train
290,1,0,0.419,Medium,Train
291,1,0,0.3917,Medium,Train
292,1,0,0.439,Medium,Test
293,1,1,0.5589,Medium,Train
294,1,0,0.4895,Medium,Train
295,1,1,0.548,Medium,Train
297,1,0,0.4671,Medium,Train
298,1,0,0.4778,Medium,Train
301,1,0,0.4405,Medium,Test
303,1,0,0.4992,Medium,Train
304,1,1,0.6659,High,Train
305,0,0,0.4171,Medium,Train
307,0,0,0.4058,Medium,Train
308,1,1,0.5849,Medium,Train
309,1,1,0.5157,Medium,Train
311,1,0,0.4936,Medium,Train
312,1,1,0.5525,Medium,Test
314,1,0,0.4187,Medium,Train
317,1,0,0.4854,Medium,Test
318,0,1,0.5412,Medium,Train
319,1,0,0.4967,Medium,Train
320,1,1,0.506,Medium,Train
321,1,0,0.4798,Medium,Train
322,1,1,0.5133,Medium,Train
323,1,0,0.4668,Medium,Train
324,1,1,0.5976,Medium,Train
327,1,1,0.5594,Medium,Train
328,1,0,0.4454,Medium,Train
329,1,0,0.4762,Medium,Train
330,0,0,0.4841,Medium,Train
331,0,1,0.5196,Medium,Train
335,1,1,0.5906,Medium,Train
336,1,1,0.5147,Medium,Train
337,1,1,0.5576,Medium,Train
338,1,0,0.4863,Medium,Train
340,1,0,0.4358,Medium,Train
341,1,0,0.3685,Medium,Train
342,0,1,0.5829,Medium,Test
343,1,0,0.4926,Medium,Train
344,1,0,0.436,Medium,Train
346,1,1,0.5773,Medium,Train
347,1,1,0.564,Medium,Train
348,1,1,0.6568,Medium,Train
349,1,1,0.664,High,Test
350,1,0,0.4329,Medium,Test
351,1,0,0.4783,Medium,Train
352,1,0,0.4472,Medium,Train
353,1,0,0.4767,Medium,Train
354,1,1,0.5054,Medium,Train
355,1,1,0.6116,Medium,Train
357,1,0,0.4572,Medium,Test
358,1,1,0.585,Medium,Test
359,0,1,0.5825,Medium,Test
360,1,1,0.5347,Medium,Train
362,1,1,0.6131,Medium,Train
363,1,1,0.5697,Medium,Train
365,1,1,0.5202,Medium,Train
367,1,1,0.5153,Medium,Train
368,1,0,0.4179,Medium,Test
369,1,1,0.5122,Medium,Train
370,1,1,0.5111,Medium,Train
371,1,0,0.4975,Medium,Train
372,1,1,0.5417,Medium,Train
373,1,0,0.4541,Medium,Train
376,1,1,0.5692,Medium,Train
377,1,0,0.4887,Medium,Train
379,1,0,0.4734,Medium,Train
380,1,1,0.5532,Medium,Train
381,1,1,0.5554,Medium,Train
382,1,0,0.4395,Medium,Test
383,1,0,0.3989,Medium,Train
384,1,1,0.5065,Medium,Train
386,1,0,0.4759,Medium,Train
387,1,1,0.6188,Medium,Train
388,1,0,0.4374,Medium,Train
389,1,0,0.4255,Medium,Train
390,1,0,0.4301,Medium,Train
391,1,0,0.4543,Medium,Test
392,1,1,0.5229,Medium,Train
393,1,1,0.5401,Medium,Test
394,1,0,0.3955,Medium,Train
395,1,1,0.5987,Medium,Test
396,0,0,0.4637,Medium,Train
397,1,1,0.515,Medium,Train
399,1,0,0.4183,Medium,Test
401,0,0,0.3808,Medium,Train
402,1,0,0.4887,Medium,Train
403,1,0,0.4876,Medium,Test
407,1,0,0.4412,Medium,Train
408,1,0,0.4813,Medium,Train
410,1,1,0.5113,Medium,Train
412,1,0,0.4568,Medium,Test
414,1,1,0.7121,High,Train
415,1,1,0.5132,Medium,Train
416,1,0,0.3703,Medium,Test
417,1,0,0.4709,Medium,Test
418,1,0,0.4454,Medium,Train
420,1,0,0.4538,Medium,Train
421,0,1,0.5267,Medium,Train
423,1,1,0.5743,Medium,Train
424,1,1,0.551,Medium,Train
426,1,0,0.3834,Medium,Train
427,1,1,0.5509,Medium,Train
428,1,0,0.4605,Medium,Train
429,1,0,0.46,Medium,Train
430,1,0,0.4185,Medium,Test
431,0,0,0.4735,Medium,Train
432,1,1,0.5601,Medium,Train
433,1,1,0.6536,Medium,Train
434,1,1,0.5429,Medium,Train
435,1,0,0.4087,Medium,Train
438,1,0,0.4404,Medium,Train
439,1,1,0.5675,Medium,Train
440,1,1,0.5502,Medium,Train
441,1,0,0.4687,Medium,Test
442,1,0,0.4643,Medium,Train
443,1,1,0.6165,Medium,Train
445,1,0,0.385,Medium,Train
446,1,0,0.4938,Medium,Test
447,1,1,0.5612,Medium,Train
448,1,1,0.6617,High,Train
449,1,1,0.5098,Medium,Train
452,1,0,0.46,Medium,Test
453,1,0,0.4806,Medium,Test
454,0,0,0.4474,Medium,Test
456,1,1,0.6635,High,Train
457,1,0,0.4866,Medium,Train
458,1,0,0.4537,Medium,Train
459,1,0,0.4314,Medium,Train
461,1,0,0.4699,Medium,Test
462,1,1,0.7455,High,Test
463,1,1,0.505,Medium,Train
464,1,1,0.5394,Medium,Train
466,1,1,0.5205,Medium,Train
467,0,1,0.5581,Medium,Train
468,1,0,0.4749,Medium,Train
470,1,0,0.4458,Medium,Train
471,1,1,0.6968,High,Train
472,1,1,0.5191,Medium,Train
473,0,1,0.5327,Medium,Train
474,1,1,0.5504,Medium,Train
475,0,0,0.4987,Medium,Train
476,1,1,0.5746,Medium,Train
477,1,1,0.5149,Medium,Test
478,1,1,0.5429,Medium,Train
479,1,0,0.4924,Medium,Test
480,0,0,0.4772,Medium,Train
482,1,1,0.5575,Medium,Train
483,1,0,0.4824,Medium,Train
484,1,1,0.6014,Medium,Train
485,1,0,0.4005,Medium,Train
486,1,1,0.6482,Medium,Train
487,1,1,0.6063,Medium,Train
488,1,0,0.4785,Medium,Train
492,1,0,0.4842,Medium,Train
493,1,1,0.591,Medium,Test
495,1,1,0.5316,Medium,Train
498,1,0,0.4446,Medium,Test
500,1,1,0.6673,High,Test
501,1,0,0.423,Medium,Train
502,1,0,0.4868,Medium,Train
503,1,1,0.6446,Medium,Train
505,1,0,0.483,Medium,Train
506,1,1,0.5094,Medium,Train
507,1,1,0.533,Medium,Train
508,1,0,0.4589,Medium,Train
509,1,1,0.5407,Medium,Train
510,1,0,0.341,Medium,Train
512,1,0,0.498,Medium,Train
513,1,1,0.5236,Medium,Test
514,1,1,0.5719,Medium,Train
516,1,1,0.5368,Medium,Train
519,1,1,0.5755,Medium,Train
520,1,0,0.4843,Medium,Train
521,1,1,0.6108,Medium,Train
522,1,1,0.5459,Medium,Train
523,0,0,0.4902,Medium,Train
524,1,1,0.6344,Medium,Train
526,1,1,0.5057,Medium,Train
527,1,1,0.7044,High,Train
529,1,0,0.478,Medium,Test
530,1,1,0.579,Medium,Test
533,1,0,0.3999,Medium,Train
535,1,1,0.5119,Medium,Train
536,0,1,0.5355,Medium,Train
537,0,1,0.5393,Medium,Train
538,1,1,0.5237,Medium,Train
539,1,0,0.4377,Medium,Train
540,1,1,0.5367,Medium,Train
541,0,0,0.4704,Medium,Train
542,0,0,0.4773,Medium,Train
543,1,0,0.4494,Medium,Train
544,1,1,0.6087,Medium,Train
545,1,0,0.435,Medium,Train
546,1,0,0.4837,Medium,Test
549,1,1,0.5388,Medium,Train
550,1,0,0.4285,Medium,Test
551,1,1,0.6081,Medium,Test
553,1,1,0.5401,Medium,Train
554,0,0,0.4242,Medium,Train
555,1,1,0.6805,High,Train
556,1,0,0.3755,Medium,Train
557,0,1,0.5241,Medium,Train
558,0,0,0.4043,Medium,Test
559,0,1,0.5537,Medium,Train
560,0,0,0.4085,Medium,Train
561,1,1,0.7166,High,Train
562,0,1,0.5709,Medium,Train
563,1,0,0.3961,Medium,Train
564,1,1,0.5239,Medium,Train
565,0,0,0.4248,Medium,Train
566,1,0,0.4713,Medium,Train
567,1,1,0.5467,Medium,Train
568,1,0,0.3922,Medium,Train
569,0,0,0.4837,Medium,Train
570,1,0,0.4536,Medium,Test
572,1,0,0.4683,Medium,Train
573,1,0,0.4868,Medium,Train
574,1,1,0.5602,Medium,Train
575,1,1,0.5486,Medium,Train
576,1,0,0.4747,Medium,Test
577,1,1,0.5214,Medium,Train
581,1,1,0.5053,Medium,Train
583,1,0,0.4599,Medium,Train
584,1,0,0.4986,Medium,Test
586,1,1,0.5591,Medium,Train
587,0,0,0.4859,Medium,Train
588,1,1,0.513,Medium,Train
589,0,0,0.4653,Medium,Train
591,1,0,0.4914,Medium,Train
592,1,1,0.684,High,Train
593,1,1,0.5387,Medium,Train
594,1,1,0.5922,Medium,Test
598,1,1,0.5803,Medium,Train
599,1,1,0.594,Medium,Train
600,1,0,0.4406,Medium,Test
601,1,0,0.477,Medium,Train
602,1,0,0.4188,Medium,Test
603,1,1,0.574,Medium,Test
606,1,1,0.504,Medium,Train
607,1,0,0.4425,Medium,Train
608,1,1,0.5044,Medium,Test
609,1,0,0.4783,Medium,Train
610,1,1,0.5202,Medium,Train
613,1,0,0.4453,Medium,Train
614,1,1,0.5349,Medium,Train
615,1,0,0.4444,Medium,Train
617,1,1,0.5274,Medium,Train
619,1,0,0.4767,Medium,Train
621,1,0,0.4126,Medium,Test
622,1,1,0.5032,Medium,Train
623,0,1,0.6597,Medium,Train
624,1,1,0.538,Medium,Train
626,0,1,0.5045,Medium,Train
627,1,1,0.5468,Medium,Train
628,1,1,0.539,Medium,Train
629,1,1,0.6615,High,Train
630,0,0,0.4945,Medium,Train
631,1,1,0.5062,Medium,Train
632,1,1,0.5933,Medium,Train
634,1,0,0.4618,Medium,Train
635,1,1,0.5036,Medium,Train
636,1,1,0.5636,Medium,Test
637,0,0,0.4314,Medium,Train
638,1,0,0.4762,Medium,Train
639,1,0,0.466,Medium,Train
640,1,0,0.4232,Medium,Train
641,1,0,0.4252,Medium,Test
642,1,1,0.6019,Medium,Train
643,0,0,0.4908,Medium,Test
644,0,0,0.4189,Medium,Train
645,1,1,0.5535,Medium,Train
646,1,1,0.5381,Medium,Train
647,0,1,0.5758,Medium,Train
649,1,0,0.3721,Medium,Train
650,1,1,0.5349,Medium,Train
651,1,1,0.5522,Medium,Train
652,0,1,0.6403,Medium,Train
653,1,0,0.4547,Medium,Train
654,0,0,0.4713,Medium,Train
655,1,1,0.5447,Medium,Train
657,1,0,0.3686,Medium,Test
658,1,1,0.5039,Medium,Test
659,1,1,0.5401,Medium,Train
660,1,1,0.5266,Medium,Train
661,1,1,0.519,Medium,Test
662,1,0,0.4954,Medium,Train
663,0,1,0.5202,Medium,Train
664,1,1,0.6974,High,Train
672,1,1,0.5761,Medium,Train
673,1,0,0.467,Medium,Train
674,0,1,0.6049,Medium,Train
675,0,0,0.4053,Medium,Train
676,1,0,0.4858,Medium,Train
679,1,1,0.5099,Medium,Train
680,1,0,0.4417,Medium,Train
681,1,0,0.4962,Medium,Train
683,1,0,0.4104,Medium,Train
684,1,0,0.3959,Medium,Test
685,1,0,0.4005,Medium,Train
686,1,1,0.5059,Medium,Train
688,1,0,0.3865,Medium,Train
689,1,0,0.4088,Medium,Test
690,0,0,0.4641,Medium,Train
691,1,0,0.4069,Medium,Train
694,1,0,0.4351,Medium,Train
695,1,1,0.5389,Medium,Train
696,1,1,0.5173,Medium,Train
698,1,0,0.4868,Medium,Train
699,1,0,0.3997,Medium,Train
700,1,0,0.3912,Medium,Train
701,1,0,0.485,Medium,Train
702,1,1,0.7047,High,Train
703,1,0,0.4692,Medium,Train
704,1,1,0.5955,Medium,Train
705,1,0,0.4834,Medium,Train
706,1,0,0.4641,Medium,Train
707,1,1,0.5958,Medium,Train
708,1,1,0.5195,Medium,Train
711,1,1,0.6418,Medium,Test
713,1,0,0.4114,Medium,Train
715,1,1,0.6017,Medium,Train
716,1,0,0.48,Medium,Train
717,1,0,0.4665,Medium,Train
718,1,0,0.4156,Medium,Train
719,1,1,0.5228,Medium,Train
721,0,1,0.5774,Medium,Train
722,0,0,0.4786,Medium,Train
723,1,1,0.5712,Medium,Test
724,1,0,0.4608,Medium,Test
725,1,1,0.6995,High,Train
726,1,1,0.5106,Medium,Train
728,1,1,0.5475,Medium,Train
729,1,0,0.4697,Medium,Train
730,1,1,0.5504,Medium,Train
731,1,0,0.4173,Medium,Test
732,1,1,0.5001,Medium,Train
733,1,1,0.5093,Medium,Train
735,1,0,0.4485,Medium,Train
736,1,0,0.4959,Medium,Test
737,0,1,0.5462,Medium,Train
738,1,0,0.4394,Medium,Train
739,1,0,0.4519,Medium,Train
744,1,1,0.5054,Medium,Train
745,1,0,0.4688,Medium,Train
746,1,0,0.4066,Medium,Train
747,1,0,0.4771,Medium,Train
748,0,0,0.4626,Medium,Train
749,0,1,0.6078,Medium,Train
750,1,1,0.5752,Medium,Train
751,1,0,0.4659,Medium,Train
752,1,1,0.5122,Medium,Train
753,1,0,0.4052,Medium,Train
754,1,1,0.6011,Medium,Train
755,0,1,0.5514,Medium,Train
756,1,0,0.4902,Medium,Train
757,0,0,0.4676,Medium,Train
758,0,0,0.4427,Medium,Test
760,1,1,0.5786,Medium,Train
761,0,1,0.5024,Medium,Train
762,1,0,0.4575,Medium,Train
763,1,0,0.492,Medium,Train
765,0,0,0.4477,Medium,Train
766,1,0,0.4671,Medium,Train
767,1,1,0.5301,Medium,Train
769,1,0,0.4668,Medium,Train
770,1,0,0.4107,Medium,Train
771,1,1,0.6647,High,Train
772,1,1,0.5701,Medium,Test
773,0,0,0.3482,Medium,Train
775,1,1,0.5202,Medium,Test
777,1,0,0.4224,Medium,Test
779,1,0,0.4939,Medium,Train
781,1,0,0.455,Medium,Train
782,1,1,0.6139,Medium,Train
783,1,0,0.4401,Medium,Test
784,0,0,0.4467,Medium,Train
785,1,0,0.4426,Medium,Test
786,1,1,0.547,Medium,Train
787,0,0,0.428,Medium,Test
789,1,1,0.5947,Medium,Train
791,1,0,0.391,Medium,Train
792,1,0,0.3937,Medium,Train
793,0,1,0.5154,Medium,Train
795,0,1,0.7027,High,Test
796,1,0,0.4708,Medium,Test
798,1,0,0.4322,Medium,Test
799,1,0,0.4889,Medium,Train
800,1,1,0.719,High,Train
801,1,0,0.4452,Medium,Test
802,0,1,0.5234,Medium,Train
803,0,1,0.5573,Medium,Train
804,1,1,0.6193,Medium,Train
805,1,1,0.6049,Medium,Train
806,1,1,0.504,Medium,Train
807,1,0,0.4508,Medium,Train
808,1,1,0.5921,Medium,Train
809,1,1,0.5183,Medium,Train
812,1,1,0.5054,Medium,Test
813,1,0,0.4124,Medium,Train
814,1,0,0.4779,Medium,Train
815,1,0,0.4863,Medium,Train
816,1,1,0.6978,High,Train
821,1,1,0.5066,Medium,Train
823,1,0,0.3574,Medium,Test
824,1,0,0.4499,Medium,Train
825,1,0,0.4826,Medium,Train
826,1,0,0.4915,Medium,Test
827,1,1,0.5648,Medium,Train
828,1,1,0.5332,Medium,Train
829,1,1,0.6456,Medium,Train
830,0,0,0.4896,Medium,Train
831,1,1,0.5255,Medium,Train
832,1,0,0.4367,Medium,Train
833,1,0,0.4827,Medium,Train
834,1,1,0.538,Medium,Test
836,0,0,0.3862,Medium,Test
837,1,1,0.6612,High,Train
838,1,0,0.3915,Medium,Train
840,1,1,0.5652,Medium,Train
841,1,1,0.7695,High,Test
842,1,0,0.4456,Medium,Train
844,1,1,0.5026,Medium,Train
845,1,0,0.4002,Medium,Train
846,0,1,0.6355,Medium,Train
847,1,0,0.4183,Medium,Test
848,1,1,0.5602,Medium,Train
849,1,1,0.5466,Medium,Train
850,1,1,0.5108,Medium,Train
851,0,0,0.438,Medium,Train
852,0,0,0.4309,Medium,Train
854,1,0,0.4791,Medium,Train
855,1,1,0.5509,Medium,Train
856,1,1,0.5072,Medium,Train
857,1,0,0.4214,Medium,Train
858,1,1,0.6669,High,Train
860,1,0,0.4147,Medium,Train
861,1,1,0.5857,Medium,Train
862,1,0,0.4565,Medium,Test
863,0,0,0.4905,Medium,Test
864,1,0,0.4342,Medium,Train
865,1,0,0.4937,Medium,Train
868,1,1,0.5174,Medium,Test
869,1,0,0.3793,Medium,Test
870,1,1,0.5285,Medium,Train
872,1,0,0.4427,Medium,Train
874,1,1,0.5932,Medium,Train
877,1,0,0.4643,Medium,Train
879,1,1,0.5375,Medium,Train
880,1,1,0.5215,Medium,Train
881,1,1,0.5182,Medium,Train
882,1,1,0.5398,Medium,Test
883,1,1,0.5435,Medium,Train
884,1,1,0.5832,Medium,Train
885,1,1,0.6406,Medium,Train
886,1,1,0.5539,Medium,Train
888,1,0,0.4941,Medium,Test
889,1,1,0.5096,Medium,Train
890,1,1,0.5347,Medium,Test
891,1,1,0.5895,Medium,Test
893,1,0,0.4693,Medium,Train
894,1,1,0.5052,Medium,Test
895,1,0,0.4759,Medium,Train
897,1,1,0.5586,Medium,Train
898,1,1,0.5191,Medium,Train
899,1,0,0.3896,Medium,Train
901,1,1,0.5124,Medium,Train
902,1,0,0.4532,Medium,Train
903,1,0,0.4259,Medium,Train
904,1,1,0.5306,Medium,Train
905,1,0,0.4661,Medium,Train
906,0,1,0.5569,Medium,Train
907,1,0,0.4202,Medium,Test
911,1,0,0.4241,Medium,Train
912,1,0,0.4405,Medium,Train
913,1,1,0.5332,Medium,Train
915,1,1,0.5991,Medium,Train
916,1,0,0.4528,Medium,Train
917,1,1,0.5223,Medium,Test
918,0,1,0.5731,Medium,Train
919,1,0,0.4519,Medium,Train
921,1,1,0.5311,Medium,Train
922,1,1,0.51,Medium,Train
923,1,0,0.4341,Medium,Train
925,1,1,0.5675,Medium,Test
927,1,1,0.5811,Medium,Train
929,1,1,0.6968,High,Train
930,1,1,0.5543,Medium,Train
931,1,0,0.4572,Medium,Train
932,1,0,0.4736,Medium,Test
933,0,0,0.3218,Low,Test
934,1,0,0.4987,Medium,Train
936,0,0,0.4854,Medium,Train
937,1,1,0.5184,Medium,Train
938,0,1,0.6034,Medium,Train
939,1,1,0.5301,Medium,Train
940,1,0,0.4238,Medium,Train
941,1,0,0.4367,Medium,Train
942,1,1,0.586,Medium,Train
944,1,1,0.518,Medium,Train
946,1,0,0.4634,Medium,Train
947,1,0,0.4971,Medium,Test
948,0,0,0.4867,Medium,Train
950,1,1,0.6096,Medium,Test
951,1,1,0.5297,Medium,Test
952,1,1,0.6049,Medium,Train
953,1,0,0.4337,Medium,Test
954,1,1,0.5716,Medium,Train
955,1,0,0.4721,Medium,Test
957,1,0,0.4582,Medium,Train
959,1,1,0.5764,Medium,Train
961,1,1,0.5468,Medium,Train
962,1,0,0.4683,Medium,Train
964,1,1,0.5228,Medium,Train
965,1,1,0.5492,Medium,Train
966,1,0,0.4571,Medium,Train
967,1,0,0.4972,Medium,Train
968,1,1,0.6694,High,Train
969,1,1,0.5838,Medium,Train
971,1,0,0.4261,Medium,Test
973,1,1,0.5071,Medium,Train
974,1,1,0.5884,Medium,Train
975,1,0,0.4573,Medium,Train
976,1,0,0.4894,Medium,Test
978,0,0,0.4116,Medium,Train
980,1,0,0.4016,Medium,Train
981,1,0,0.4505,Medium,Train
982,1,0,0.3176,Low,Train
983,1,1,0.6343,Medium,Train
984,1,0,0.4624,Medium,Train
985,1,1,0.5023,Medium,Train
986,1,0,0.483,Medium,Train
987,1,1,0.5861,Medium,Train
988,0,0,0.4647,Medium,Train
990,1,1,0.5532,Medium,Train
991,1,1,0.5169,Medium,Train
992,1,0,0.476,Medium,Train
993,1,0,0.4167,Medium,Test
994,0,0,0.39,Medium,Train
996,1,1,0.5597,Medium,Train
997,1,1,0.5295,Medium,Train
998,1,0,0.4403,Medium,Train
999,1,1,0.6764,High,Train
1000,1,0,0.4888,Medium,Train
1001,1,1,0.6527,Medium,Train
1002,1,0,0.3676,Medium,Train
1003,1,1,0.5748,Medium,Train
1004,1,0,0.431,Medium,Train
1005,1,1,0.5108,Medium,Train
1006,1,1,0.5587,Medium,Train
1007,1,0,0.4609,Medium,Train
1008,0,1,0.5084,Medium,Train
1009,1,0,0.4988,Medium,Train
1014,1,0,0.4598,Medium,Train
1016,0,1,0.5496,Medium,Train
1017,0,1,0.513,Medium,Train
1019,1,0,0.45,Medium,Train
1021,1,0,0.4419,Medium,Train
1022,1,1,0.6156,Medium,Train
1023,1,1,0.5181,Medium,Train
1024,1,1,0.5416,Medium,Train
1025,1,1,0.5396,Medium,Train
1028,1,0,0.4509,Medium,Train
1029,1,0,0.4566,Medium,Train
1030,1,1,0.6209,Medium,Train
1031,1,0,0.4913,Medium,Train
1032,1,1,0.5377,Medium,Test
1033,0,1,0.6659,High,Train
1034,1,1,0.5016,Medium,Train
1035,1,1,0.6756,High,Test
1036,1,1,0.5276,Medium,Train
1037,1,1,0.7218,High,Train
1039,1,0,0.4668,Medium,Train
1041,1,0,0.4576,Medium,Test
1042,0,0,0.4118,Medium,Train
1043,1,0,0.4438,Medium,Train
1044,1,1,0.5183,Medium,Train
1046,1,0,0.489,Medium,Train
1047,1,1,0.5083,Medium,Train
1048,1,1,0.5036,Medium,Train
1049,1,0,0.447,Medium,Train
1050,1,1,0.5023,Medium,Train
1051,1,1,0.7143,High,Train
1053,1,0,0.4633,Medium,Train
1056,1,0,0.432,Medium,Train
1057,1,1,0.535,Medium,Test
1058,1,1,0.5071,Medium,Test
1059,1,0,0.4483,Medium,Train
1060,1,1,0.5003,Medium,Train
1061,1,0,0.4606,Medium,Test
1062,0,0,0.3627,Medium,Train
1063,1,0,0.4714,Medium,Train
1065,1,1,0.51,Medium,Test
1066,0,0,0.4754,Medium,Train
1067,0,0,0.467,Medium,Test
1068,1,1,0.5641,Medium,Train
1069,1,1,0.6093,Medium,Train
1070,1,0,0.4939,Medium,Train
1073,1,1,0.5201,Medium,Test
1074,1,1,0.5704,Medium,Test
1075,1,1,0.5024,Medium,Test
1078,1,1,0.5901,Medium,Train
1079,1,0,0.4514,Medium,Train
1081,1,1,0.5295,Medium,Train
1083,1,0,0.4856,Medium,Train
1084,1,0,0.4924,Medium,Train
1085,1,0,0.3903,Medium,Train
1086,1,0,0.4845,Medium,Test
1087,1,1,0.5817,Medium,Train
1088,1,1,0.5768,Medium,Train
1090,1,0,0.4727,Medium,Train
1091,0,0,0.4238,Medium,Train
1092,0,1,0.657,Medium,Train
1093,1,0,0.4949,Medium,Test
1094,1,0,0.4915,Medium,Train
1096,1,1,0.5259,Medium,Test
1098,1,1,0.5461,Medium,Train
1099,1,0,0.3517,Medium,Train
1101,1,1,0.6337,Medium,Train
1102,1,0,0.497,Medium,Train
1104,1,1,0.5627,Medium,Train
1105,1,1,0.6527,Medium,Train
1106,1,1,0.5646,Medium,Test
1108,1,1,0.7023,High,Train
1109,1,0,0.4465,Medium,Train
1111,0,0,0.4507,Medium,Train
1112,1,1,0.523,Medium,Test
1115,1,0,0.489,Medium,Train
1116,1,1,0.5667,Medium,Train
1117,1,0,0.4717,Medium,Train
1119,1,1,0.609,Medium,Train
1120,1,0,0.407,Medium,Train
1122,0,0,0.4313,Medium,Train
1126,1,1,0.6551,Medium,Train
1127,1,0,0.4854,Medium,Train
1128,1,1,0.8161,High,Train
1129,0,1,0.5232,Medium,Train
1131,0,0,0.4704,Medium,Train
1132,1,1,0.5051,Medium,Train
1133,1,1,0.5305,Medium,Train
1135,1,1,0.506,Medium,Test
1139,0,1,0.5216,Medium,Train
1140,1,1,0.7093,High,Test
1141,1,0,0.4648,Medium,Train
1142,1,0,0.4997,Medium,Train
1143,1,1,0.7372,High,Train
1144,1,1,0.5543,Medium,Test
1145,1,1,0.5942,Medium,Train
1146,1,1,0.5075,Medium,Train
1147,1,1,0.5006,Medium,Train
1148,1,1,0.5681,Medium,Train
1149,1,1,0.6153,Medium,Train
1150,1,1,0.5854,Medium,Train
1152,1,0,0.4803,Medium,Train
1153,1,0,0.4951,Medium,Test
1154,1,1,0.5088,Medium,Train
1155,1,1,0.6778,High,Train
1156,1,0,0.4306,Medium,Train
1157,1,0,0.4203,Medium,Train
1158,1,0,0.4824,Medium,Train
1159,1,0,0.4722,Medium,Test
1160,1,1,0.5938,Medium,Test
1161,1,0,0.4885,Medium,Train
1162,1,0,0.4025,Medium,Train
1165,1,0,0.4744,Medium,Train
1166,1,1,0.6465,Medium,Train
1167,1,1,0.5609,Medium,Test
1168,0,0,0.4632,Medium,Train
1169,1,1,0.6391,Medium,Train
1170,1,1,0.6371,Medium,Train
1173,0,1,0.5227,Medium,Test
1174,1,0,0.4433,Medium,Train
1175,1,1,0.5696,Medium,Test
1176,1,0,0.4908,Medium,Train
1177,1,0,0.4897,Medium,Train
1178,1,0,0.4224,Medium,Train
1180,0,1,0.5455,Medium,Test
1181,0,1,0.5399,Medium,Train
1182,1,1,0.5184,Medium,Train
1183,1,0,0.4002,Medium,Train
1184,1,0,0.4227,Medium,Train
1185,1,1,0.537,Medium,Train
1187,1,1,0.5908,Medium,Train
1188,1,1,0.6146,Medium,Train
1189,1,0,0.3827,Medium,Train
1190,1,1,0.6514,Medium,Train
1191,1,1,0.5696,Medium,Train
1194,1,0,0.4621,Medium,Test
1195,1,0,0.4498,Medium,Test
1196,1,0,0.4495,Medium,Train
1197,1,0,0.4769,Medium,Train
1198,1,1,0.5842,Medium,Test
1199,1,1,0.5296,Medium,Train
1200,1,0,0.4608,Medium,Train
1201,1,0,0.365,Medium,Train
1203,1,0,0.4345,Medium,Train
1204,1,1,0.5408,Medium,Train
1207,1,0,0.4562,Medium,Train
1208,1,0,0.4818,Medium,Train
1209,1,1,0.5022,Medium,Train
1210,1,0,0.42,Medium,Test
1212,1,0,0.4536,Medium,Train
1214,1,0,0.4832,Medium,Test
1216,1,1,0.5438,Medium,Train
1217,1,1,0.5686,Medium,Train
1219,1,0,0.4679,Medium,Train
1221,1,1,0.544,Medium,Train
1222,1,1,0.5126,Medium,Train
1225,1,1,0.5058,Medium,Train
1226,1,1,0.5068,Medium,Test
1227,1,0,0.4699,Medium,Train
1228,1,1,0.5059,Medium,Train
1229,0,0,0.4465,Medium,Train
1231,1,1,0.6002,Medium,Train
1232,1,1,0.5823,Medium,Train
1233,1,1,0.6289,Medium,Train
1234,1,0,0.4495,Medium,Train
1235,1,1,0.5617,Medium,Train
1237,1,1,0.5326,Medium,Test
1238,1,0,0.4806,Medium,Test
1239,1,0,0.4891,Medium,Train
1242,1,1,0.5614,Medium,Test
1243,0,0,0.4615,Medium,Train
1244,0,1,0.5633,Medium,Train
1246,1,0,0.4594,Medium,Test
1248,1,1,0.6592,Medium,Test
1250,1,1,0.5323,Medium,Train
1251,0,0,0.4695,Medium,Train
1252,1,1,0.5437,Medium,Train
1254,1,1,0.5425,Medium,Train
1255,0,0,0.4393,Medium,Train
1256,1,0,0.4301,Medium,Train
1257,1,0,0.4583,Medium,Train
1259,1,0,0.4732,Medium,Test
1260,1,0,0.4782,Medium,Train
1261,1,0,0.3766,Medium,Train
1262,1,1,0.574,Medium,Train
1263,1,1,0.5326,Medium,Train
1265,1,0,0.4014,Medium,Train
1266,1,1,0.5611,Medium,Train
1269,1,1,0.5791,Medium,Train
1270,1,0,0.4722,Medium,Train
1273,1,1,0.5505,Medium,Train
1275,0,1,0.5339,Medium,Test
1276,1,0,0.47,Medium,Train
1277,0,1,0.5459,Medium,Test
1279,1,0,0.3884,Medium,Train
1282,1,1,0.5318,Medium,Train
1283,1,0,0.4491,Medium,Test
1284,1,1,0.6015,Medium,Train
1285,1,0,0.4883,Medium,Train
1286,1,0,0.4749,Medium,Train
1287,1,0,0.4583,Medium,Test
1289,1,0,0.4897,Medium,Test
1290,1,0,0.4738,Medium,Train
1291,1,0,0.4156,Medium,Train
1292,1,0,0.4605,Medium,Train
1293,1,0,0.4759,Medium,Train
1294,1,1,0.5582,Medium,Train
1295,1,0,0.4461,Medium,Train
1297,1,1,0.5185,Medium,Train
1298,1,1,0.5307,Medium,Train
1299,1,0,0.4602,Medium,Train
1300,0,1,0.526,Medium,Train
1301,1,0,0.4407,Medium,Train
1302,1,1,0.5662,Medium,Train
1304,1,1,0.5347,Medium,Train
1305,1,1,0.5387,Medium,Train
1306,1,1,0.5469,Medium,Train
1307,1,1,0.5137,Medium,Train
1308,1,0,0.4218,Medium,Train
1310,1,1,0.5263,Medium,Train
1311,1,1,0.5257,Medium,Train
1312,1,0,0.4682,Medium,Train
1313,1,1,0.5918,Medium,Train
1314,1,1,0.5021,Medium,Train
1317,1,0,0.4218,Medium,Train
1318,1,1,0.5133,Medium,Train
1319,1,1,0.6166,Medium,Train
1322,1,0,0.4613,Medium,Train
1323,1,1,0.5785,Medium,Train
1325,1,1,0.6804,High,Train
1326,1,0,0.3995,Medium,Train
1327,1,0,0.4218,Medium,Train
1328,1,0,0.4993,Medium,Train
1329,1,1,0.5831,Medium,Train
1331,1,0,0.4842,Medium,Train
1332,1,0,0.4103,Medium,Train
1333,1,1,0.5648,Medium,Test
1334,1,0,0.4366,Medium,Test
1335,1,1,0.5403,Medium,Test
1336,1,0,0.4698,Medium,Train
1337,0,0,0.4262,Medium,Train
1338,1,0,0.4625,Medium,Train
1339,1,1,0.523,Medium,Train
1340,1,0,0.4564,Medium,Train
1341,1,1,0.5199,Medium,Test
1343,1,0,0.3896,Medium,Test
1344,1,0,0.4126,Medium,Train
1345,1,0,0.4833,Medium,Test
1346,1,0,0.3977,Medium,Train
1347,1,1,0.5462,Medium,Train
1348,1,0,0.419,Medium,Train
1349,1,0,0.4856,Medium,Train
1351,1,1,0.5605,Medium,Test
1352,1,0,0.4565,Medium,Train
1353,1,0,0.4828,Medium,Train
1354,1,0,0.4398,Medium,Test
1355,0,0,0.4831,Medium,Train
1356,1,0,0.4438,Medium,Train
1357,1,1,0.5354,Medium,Train
1358,1,1,0.5068,Medium,Train
1359,1,0,0.4579,Medium,Test
1360,1,1,0.5348,Medium,Train
1361,1,0,0.4988,Medium,Train
1363,1,0,0.4365,Medium,Train
1364,1,0,0.4889,Medium,Train
1365,1,1,0.6354,Medium,Train
1366,1,0,0.4352,Medium,Train
1367,1,0,0.4744,Medium,Test
1368,1,0,0.4792,Medium,Test
1369,1,0,0.4901,Medium,Train
1370,0,1,0.5873,Medium,Test
1371,1,1,0.5012,Medium,Test
1372,1,1,0.5979,Medium,Test
1375,1,1,0.6028,Medium,Test
1376,1,0,0.4574,Medium,Train
1377,1,0,0.4831,Medium,Test
1378,1,1,0.5096,Medium,Train
1379,1,1,0.5539,Medium,Train
1380,1,0,0.4396,Medium,Train
1381,0,0,0.4184,Medium,Train
1382,0,0,0.3885,Medium,Train
1383,1,0,0.4237,Medium,Train
1384,1,0,0.3811,Medium,Train
1385,1,1,0.543,Medium,Train
1386,1,1,0.5825,Medium,Train
1387,1,1,0.5223,Medium,Train
1388,1,1,0.5131,Medium,Train
1390,1,0,0.4375,Medium,Train
1391,1,1,0.5662,Medium,Train
1392,1,0,0.3841,Medium,Train
1393,0,0,0.4964,Medium,Train
1394,1,0,0.4594,Medium,Test
1395,1,0,0.4974,Medium,Test
1396,1,0,0.4742,Medium,Test
1398,1,1,0.7192,High,Test
1399,1,0,0.4855,Medium,Train
1400,1,1,0.5147,Medium,Test
1401,1,1,0.6335,Medium,Test
1402,1,1,0.5415,Medium,Train
1403,1,0,0.4728,Medium,Train
1404,1,0,0.4835,Medium,Train
1405,1,0,0.4963,Medium,Test
1406,1,0,0.4089,Medium,Train
1407,0,1,0.5079,Medium,Train
1409,1,0,0.4365,Medium,Train
1410,1,1,0.5048,Medium,Test
1411,1,0,0.4846,Medium,Train
1412,1,1,0.5718,Medium,Train
1413,0,1,0.5618,Medium,Train
1414,1,1,0.6511,Medium,Train
1415,1,0,0.4436,Medium,Train
1416,1,0,0.4401,Medium,Test
1417,1,0,0.4699,Medium,Train
1418,0,0,0.4795,Medium,Train
1419,1,0,0.4345,Medium,Train
1420,0,1,0.6958,High,Train
1422,1,1,0.5093,Medium,Test
1425,1,0,0.4601,Medium,Test
1426,1,0,0.4958,Medium,Test
1427,1,1,0.5192,Medium,Train
1428,1,0,0.4952,Medium,Train
1429,1,0,0.4267,Medium,Test
1430,1,0,0.4166,Medium,Train
1431,1,1,0.5226,Medium,Test
1432,1,1,0.5621,Medium,Train
1433,1,0,0.4929,Medium,Test
1434,1,1,0.6024,Medium,Train
1437,1,1,0.6052,Medium,Train
1438,1,1,0.5329,Medium,Test
1439,1,0,0.3686,Medium,Train
1441,1,1,0.5093,Medium,Test
1442,1,1,0.6644,High,Train
1443,1,0,0.4766,Medium,Train
1444,0,1,0.5089,Medium,Train
1446,0,1,0.5449,Medium,Train
1447,1,1,0.5313,Medium,Train
1448,1,1,0.5279,Medium,Train
1449,1,0,0.4996,Medium,Train
1451,1,1,0.6195,Medium,Test
1452,1,1,0.5319,Medium,Train
1453,1,0,0.4254,Medium,Train
1454,1,0,0.4609,Medium,Train
1457,1,1,0.5569,Medium,Train
1458,1,0,0.4023,Medium,Train
1459,1,1,0.7262,High,Train
1460,1,1,0.5074,Medium,Train
1461,1,1,0.506,Medium,Train
1462,1,0,0.4565,Medium,Test
1464,1,1,0.5011,Medium,Test
1465,0,0,0.4676,Medium,Train
1467,1,1,0.5615,Medium,Train
1468,1,0,0.4324,Medium,Test
1469,1,0,0.4557,Medium,Test
1470,1,1,0.565,Medium,Test
1471,1,1,0.5754,Medium,Test
1472,0,0,0.4537,Medium,Train
1473,1,1,0.5095,Medium,Train
1475,1,1,0.5918,Medium,Train
1477,0,1,0.545,Medium,Train
1478,1,0,0.4079,Medium,Train
1479,1,1,0.5339,Medium,Train
1481,1,0,0.4369,Medium,Train
1482,1,1,0.5141,Medium,Train
1483,1,0,0.4894,Medium,Train
1485,1,0,0.4881,Medium,Train
1486,1,0,0.4979,Medium,Train
1487,1,0,0.372,Medium,Train
1488,1,1,0.5476,Medium,Test
1491,1,1,0.5528,Medium,Train
1492,1,0,0.4769,Medium,Train
1493,1,0,0.4218,Medium,Train
1494,0,1,0.5552,Medium,Train
1495,1,1,0.7221,High,Test
1496,0,0,0.4014,Medium,Train
1497,1,0,0.4083,Medium,Train
1498,1,1,0.601,Medium,Train
1499,1,1,0.5353,Medium,Test
1501,1,1,0.5761,Medium,Test
1502,1,0,0.4858,Medium,Train
1503,1,0,0.4466,Medium,Train
1504,1,0,0.4999,Medium,Train
1505,1,1,0.6087,Medium,Test
1507,1,1,0.5716,Medium,Train
1508,1,0,0.4964,Medium,Test
1510,1,0,0.4951,Medium,Train
1511,1,1,0.5607,Medium,Test
1512,1,1,0.5488,Medium,Train
1513,1,0,0.446,Medium,Train
1514,1,1,0.5006,Medium,Train
1515,1,0,0.4866,Medium,Train
1516,1,0,0.4339,Medium,Train
1517,1,0,0.4899,Medium,Train
1518,1,0,0.4804,Medium,Train
1520,1,1,0.656,Medium,Train
1521,1,1,0.5676,Medium,Train
1522,1,0,0.4595,Medium,Test
1523,1,1,0.5641,Medium,Train
1524,1,0,0.3695,Medium,Train
1525,0,1,0.5235,Medium,Train
1528,0,1,0.5636,Medium,Train
1529,0,1,0.555,Medium,Train
1530,1,1,0.5691,Medium,Train
1531,1,1,0.5299,Medium,Train
1532,1,0,0.4815,Medium,Train
1534,1,0,0.4597,Medium,Train
1535,0,0,0.4319,Medium,Train
1536,1,1,0.5893,Medium,Train
1539,1,0,0.4581,Medium,Train
1540,1,0,0.4877,Medium,Test
1541,1,1,0.5336,Medium,Train
1543,1,0,0.4561,Medium,Train
1544,1,1,0.5493,Medium,Train
1545,1,0,0.4692,Medium,Train
1547,1,1,0.5153,Medium,Test
1548,1,1,0.5349,Medium,Train
1550,1,0,0.4984,Medium,Train
1551,1,1,0.5074,Medium,Test
1552,0,0,0.4951,Medium,Train
1553,0,0,0.4493,Medium,Train
1554,1,1,0.6317,Medium,Train
1555,1,1,0.5194,Medium,Train
1556,1,0,0.4529,Medium,Train
1557,1,1,0.5122,Medium,Train
1560,1,1,0.6943,High,Test
1561,0,0,0.4386,Medium,Train
1562,1,1,0.5056,Medium,Train
1563,1,0,0.4584,Medium,Test
1564,0,1,0.5413,Medium,Train
1565,1,1,0.5122,Medium,Train
1566,1,0,0.4194,Medium,Train
1567,1,0,0.456,Medium,Train
1568,1,1,0.6854,High,Train
1570,0,0,0.4973,Medium,Train
1571,1,0,0.496,Medium,Train
1573,1,0,0.4037,Medium,Train
1574,1,1,0.579,Medium,Train
1576,0,1,0.5444,Medium,Train
1577,1,1,0.6593,Medium,Test
1578,1,1,0.5901,Medium,Train
1579,1,1,0.5806,Medium,Train
1580,1,1,0.6707,High,Train
1583,1,1,0.5683,Medium,Train
1584,0,0,0.4376,Medium,Test
1585,1,1,0.5967,Medium,Train
1587,0,1,0.5164,Medium,Train
1588,1,1,0.5256,Medium,Train
1589,1,0,0.4914,Medium,Train
1591,0,0,0.4898,Medium,Test
1592,1,1,0.5123,Medium,Train
1593,1,0,0.4299,Medium,Train
1594,1,1,0.5688,Medium,Train
1595,1,0,0.4595,Medium,Train
1596,1,1,0.5139,Medium,Train
1597,1,1,0.5175,Medium,Train
1599,1,1,0.5787,Medium,Test
1600,1,1,0.5696,Medium,Train
1602,1,0,0.4579,Medium,Train
1603,1,0,0.4732,Medium,Train
1604,1,0,0.4986,Medium,Train
1605,1,1,0.5564,Medium,Train
1606,1,0,0.496,Medium,Train
1607,1,0,0.471,Medium,Train
1609,1,1,0.5189,Medium,Train
1611,1,0,0.4618,Medium,Train
1612,1,1,0.5128,Medium,Test
1613,1,0,0.4281,Medium,Train
1615,1,0,0.4712,Medium,Train
1616,1,1,0.547,Medium,Train
1617,1,0,0.4475,Medium,Train
1618,0,0,0.4303,Medium,Train
1619,1,0,0.4253,Medium,Train
1620,1,1,0.7174,High,Train
1621,1,0,0.3637,Medium,Train
1622,1,1,0.5096,Medium,Train
1623,1,1,0.551,Medium,Train
1624,1,1,0.5678,Medium,Train
1625,1,0,0.4117,Medium,Train
1626,1,0,0.4855,Medium,Train
1627,1,0,0.4205,Medium,Train
1628,0,0,0.439,Medium,Train
1629,1,1,0.6331,Medium,Train
1630,1,1,0.5716,Medium,Train
1631,1,0,0.426,Medium,Test
1632,1,0,0.3792,Medium,Train
1633,0,0,0.465,Medium,Train
1634,1,1,0.5399,Medium,Test
1635,1,1,0.514,Medium,Train
1636,1,1,0.5273,Medium,Train
1637,1,1,0.5699,Medium,Train
1638,1,1,0.5068,Medium,Train
1639,1,0,0.4968,Medium,Train
1640,1,1,0.6917,High,Train
1642,1,0,0.4745,Medium,Test
1643,1,1,0.5025,Medium,Train
1644,0,0,0.4554,Medium,Train
1645,0,1,0.6273,Medium,Test
1647,1,1,0.6187,Medium,Train
1648,1,0,0.4128,Medium,Train
1650,1,0,0.4873,Medium,Train
1651,0,0,0.4222,Medium,Train
1653,1,0,0.4797,Medium,Train
1654,1,1,0.5003,Medium,Train
1655,1,1,0.5619,Medium,Train
1656,1,1,0.5291,Medium,Train
1658,1,0,0.4676,Medium,Train
1660,1,0,0.4878,Medium,Train
1661,1,1,0.5666,Medium,Train
1663,1,1,0.5995,Medium,Train
1664,1,1,0.6189,Medium,Train
1665,1,1,0.7066,High,Train
1666,1,0,0.4461,Medium,Train
1667,1,0,0.4861,Medium,Train
1668,1,0,0.4124,Medium,Train
1669,1,1,0.7342,High,Test
1670,1,0,0.494,Medium,Train
1671,1,0,0.4942,Medium,Train
1672,1,0,0.4254,Medium,Train
1673,1,1,0.5514,Medium,Train
1674,0,1,0.5417,Medium,Train
1675,0,0,0.4053,Medium,Train
1676,1,0,0.4325,Medium,Train
1677,1,0,0.4291,Medium,Test
1678,1,0,0.4769,Medium,Train
1680,1,0,0.4651,Medium,Test
1682,1,0,0.485,Medium,Train
1684,0,0,0.3691,Medium,Test
1686,1,0,0.4608,Medium,Train
1687,1,1,0.5141,Medium,Test
1688,0,0,0.4587,Medium,Train
1689,1,1,0.504,Medium,Train
1690,1,1,0.5765,Medium,Train
1691,1,0,0.4425,Medium,Train
1692,1,0,0.4903,Medium,Train
1693,1,1,0.5493,Medium,Train
1694,1,1,0.5126,Medium,Train
1695,1,0,0.4847,Medium,Train
1697,1,1,0.5732,Medium,Train
1698,1,0,0.407,Medium,Train
1699,1,0,0.4047,Medium,Train
1700,1,0,0.4785,Medium,Train
1701,1,0,0.4585,Medium,Train
1703,1,0,0.4654,Medium,Train
1704,0,0,0.4072,Medium,Train
1706,1,1,0.6388,Medium,Train
1707,1,1,0.5294,Medium,Train
1710,1,0,0.4549,Medium,Train
1711,1,0,0.4739,Medium,Train
1712,1,0,0.442,Medium,Train
1713,1,0,0.4508,Medium,Train
1714,0,1,0.5331,Medium,Train
1715,1,1,0.5085,Medium,Train
1716,1,1,0.5187,Medium,Train
1717,1,1,0.6032,Medium,Train
1718,1,0,0.4835,Medium,Train
1719,1,1,0.5013,Medium,Train
1721,1,0,0.4642,Medium,Train
1723,1,1,0.5728,Medium,Train
1724,1,1,0.6077,Medium,Train
1726,0,0,0.4993,Medium,Train
1727,1,1,0.7288,High,Train
1728,1,1,0.5103,Medium,Test
1730,1,1,0.5222,Medium,Train
1731,0,0,0.4903,Medium,Train
1733,1,0,0.4259,Medium,Train
1736,1,0,0.4787,Medium,Train
1737,1,0,0.4745,Medium,Train
1738,1,0,0.4665,Medium,Train
1739,1,0,0.4513,Medium,Train
1740,1,0,0.4609,Medium,Train
1741,1,1,0.5372,Medium,Train
1742,1,0,0.4806,Medium,Train
1743,1,0,0.4604,Medium,Train
1744,1,0,0.4752,Medium,Train
1746,1,0,0.3997,Medium,Test
1747,1,1,0.5105,Medium,Train
1751,1,1,0.5055,Medium,Train
1753,1,0,0.4304,Medium,Train
1755,1,1,0.5408,Medium,Train
1756,1,1,0.6388,Medium,Test
1757,1,1,0.551,Medium,Train
1758,1,0,0.4628,Medium,Train
1759,1,0,0.4787,Medium,Train
1760,1,0,0.4536,Medium,Train
1762,1,1,0.6018,Medium,Train
1763,1,1,0.5263,Medium,Train
1765,1,1,0.5046,Medium,Train
1766,0,1,0.6384,Medium,Train
1767,1,0,0.4557,Medium,Test
1768,1,1,0.594,Medium,Train
1769,1,0,0.3976,Medium,Train
1771,1,1,0.5363,Medium,Train
1772,1,0,0.3743,Medium,Train
1773,1,1,0.5478,Medium,Train
1774,1,1,0.5579,Medium,Train
1775,1,0,0.4393,Medium,Train
1776,1,0,0.4129,Medium,Test
1777,1,1,0.5425,Medium,Train
1778,1,0,0.4918,Medium,Train
1779,1,1,0.5339,Medium,Train
1780,0,0,0.4441,Medium,Train
1781,1,1,0.5313,Medium,Train
1782,1,1,0.5171,Medium,Train
1783,1,1,0.5991,Medium,Train
1784,1,1,0.5121,Medium,Test
1785,0,0,0.4008,Medium,Train
1789,1,1,0.5511,Medium,Train
1790,1,0,0.488,Medium,Train
1791,1,0,0.4933,Medium,Test
1792,1,1,0.502,Medium,Train
1793,0,0,0.4665,Medium,Train
1794,1,1,0.509,Medium,Train
1795,1,1,0.5114,Medium,Train
1796,1,1,0.6022,Medium,Train
1797,1,0,0.4536,Medium,Train
1798,1,1,0.5122,Medium,Train
1800,1,1,0.6116,Medium,Train
1801,1,0,0.4246,Medium,Train
1802,1,0,0.3399,Medium,Train
1804,1,0,0.406,Medium,Test
1805,1,1,0.5695,Medium,Train
1806,0,0,0.4451,Medium,Train
1807,1,0,0.4948,Medium,Train
1811,1,1,0.5312,Medium,Train
1812,1,1,0.5085,Medium,Train
1813,1,1,0.5355,Medium,Train
1814,1,1,0.5192,Medium,Train
1815,1,0,0.4977,Medium,Train
1816,1,0,0.4619,Medium,Train
1817,1,0,0.4234,Medium,Train
1820,1,1,0.5549,Medium,Train
1821,1,0,0.4445,Medium,Test
1823,1,1,0.5397,Medium,Train
1824,1,1,0.6944,High,Train
1825,0,1,0.5323,Medium,Train
1827,1,0,0.4619,Medium,Test
1829,1,0,0.4884,Medium,Train
1830,1,1,0.5594,Medium,Train
1831,1,1,0.5027,Medium,Train
1832,1,1,0.5828,Medium,Train
1833,1,1,0.5794,Medium,Train
1834,1,1,0.5909,Medium,Train
1835,1,0,0.485,Medium,Test
1836,1,1,0.5359,Medium,Test
1837,0,1,0.5031,Medium,Train
1839,1,0,0.4889,Medium,Test
1840,1,0,0.3789,Medium,Train
1841,1,0,0.477,Medium,Test
1842,1,1,0.5082,Medium,Train
1845,1,0,0.4839,Medium,Test
1846,1,0,0.4398,Medium,Train
1848,1,0,0.429,Medium,Test
1850,0,1,0.5006,Medium,Test
1851,1,0,0.4944,Medium,Train
1852,1,1,0.571,Medium,Test
1854,1,0,0.4649,Medium,Test
1855,1,0,0.4808,Medium,Train
1856,1,1,0.5742,Medium,Test
1857,1,1,0.5759,Medium,Train
1858,1,0,0.4678,Medium,Train
1859,1,0,0.4187,Medium,Train
1860,0,1,0.556,Medium,Train
1861,0,0,0.4237,Medium,Train
1862,1,0,0.4056,Medium,Train
1863,1,1,0.5436,Medium,Train
1864,1,1,0.5157,Medium,Train
1866,1,0,0.4537,Medium,Train
1868,1,1,0.6363,Medium,Train
1869,1,1,0.515,Medium,Train
1872,1,0,0.473,Medium,Test
1873,1,0,0.4552,Medium,Train
1874,1,0,0.471,Medium,Train
1876,1,0,0.4349,Medium,Test
1877,1,1,0.5758,Medium,Test
1878,1,0,0.4886,Medium,Train
1879,0,1,0.7024,High,Train
1881,0,1,0.5427,Medium,Test
1882,1,1,0.5136,Medium,Train
1884,1,1,0.7349,High,Test
1885,1,1,0.5607,Medium,Train
1886,1,1,0.5246,Medium,Train
1887,1,0,0.4606,Medium,Train
1888,0,0,0.4779,Medium,Train
1889,1,1,0.5768,Medium,Test
1890,1,0,0.4785,Medium,Test
1891,1,0,0.441,Medium,Train
1892,0,0,0.4646,Medium,Test
1894,1,1,0.5157,Medium,Train
1895,1,0,0.4996,Medium,Train
1896,1,1,0.5048,Medium,Train
1897,0,0,0.4703,Medium,Train
1898,1,1,0.6558,Medium,Test
1899,1,0,0.415,Medium,Test
1900,1,1,0.5605,Medium,Train
1901,1,1,0.5906,Medium,Train
1902,1,0,0.3905,Medium,Train
1903,1,0,0.4557,Medium,Train
1904,1,1,0.5143,Medium,Test
1905,1,0,0.4784,Medium,Test
1906,1,0,0.4703,Medium,Train
1907,1,1,0.5805,Medium,Train
1908,1,1,0.5078,Medium,Train
1909,1,1,0.5111,Medium,Test
1910,1,1,0.5328,Medium,Train
1912,1,0,0.4621,Medium,Train
1914,1,1,0.5548,Medium,Train
1915,1,0,0.4635,Medium,Train
1917,1,0,0.4126,Medium,Train
1918,1,1,0.6252,Medium,Train
1920,1,1,0.5366,Medium,Train
1921,1,1,0.5024,Medium,Train
1922,1,1,0.5682,Medium,Train
1924,1,1,0.5685,Medium,Test
1926,1,0,0.4717,Medium,Test
1927,1,1,0.5922,Medium,Train
1929,1,1,0.5356,Medium,Train
1930,1,1,0.5182,Medium,Test
1931,1,1,0.5152,Medium,Train
1932,1,1,0.5389,Medium,Train
1933,1,0,0.4702,Medium,Test
1934,1,0,0.417,Medium,Test
1935,1,1,0.6561,Medium,Train
1936,1,0,0.4958,Medium,Train
1939,1,0,0.4573,Medium,Test
1940,1,1,0.5398,Medium,Test
1941,1,1,0.5402,Medium,Train
1942,1,0,0.4504,Medium,Train
1944,1,0,0.4899,Medium,Train
1945,1,1,0.5053,Medium,Test
1946,1,0,0.4246,Medium,Train
1947,1,0,0.4284,Medium,Train
1948,1,1,0.6712,High,Train
1949,1,0,0.4514,Medium,Train
1950,1,0,0.4392,Medium,Train
1952,1,1,0.5609,Medium,Train
1953,1,0,0.4371,Medium,Train
1954,1,1,0.51,Medium,Test
1955,1,0,0.4946,Medium,Train
1958,1,1,0.522,Medium,Train
1959,1,1,0.7336,High,Test
1960,1,1,0.5408,Medium,Train
1961,1,1,0.6038,Medium,Train
1962,1,0,0.3618,Medium,Train
1963,1,0,0.4955,Medium,Train
1964,1,1,0.5093,Medium,Test
1965,1,1,0.5551,Medium,Test
1966,0,1,0.5235,Medium,Train
1969,1,0,0.498,Medium,Train
1970,1,1,0.5212,Medium,Train
1971,1,1,0.5009,Medium,Train
1972,1,1,0.5377,Medium,Train
1973,1,1,0.551,Medium,Train
1974,1,0,0.4891,Medium,Train
1975,1,1,0.5472,Medium,Train
1976,1,1,0.6049,Medium,Test
1978,1,1,0.5316,Medium,Train
1979,1,1,0.5416,Medium,Test
1982,1,1,0.5031,Medium,Train
1983,1,1,0.5553,Medium,Train
1984,1,0,0.4726,Medium,Train
1985,1,1,0.7104,High,Test
1986,0,1,0.5215,Medium,Train
1989,1,1,0.5131,Medium,Train
1990,1,0,0.4945,Medium,Train
1991,1,0,0.4243,Medium,Train
1992,0,1,0.5476,Medium,Train
1993,1,0,0.4807,Medium,Train
1994,1,1,0.5872,Medium,Train
1995,1,0,0.4836,Medium,Train
1996,1,0,0.4546,Medium,Train
1997,1,0,0.463,Medium,Test
1998,1,0,0.4764,Medium,Train
1999,1,0,0.4946,Medium,Train
2000,1,1,0.5691,Medium,Train
2001,1,0,0.4417,Medium,Train
2002,0,0,0.4383,Medium,Train
2003,0,1,0.6369,Medium,Train
2004,1,0,0.3957,Medium,Train
2006,1,1,0.6452,Medium,Train
2007,1,1,0.5212,Medium,Train
2009,1,0,0.4577,Medium,Train
2010,1,1,0.5237,Medium,Test
2011,1,0,0.3814,Medium,Train
2012,1,1,0.5032,Medium,Train
2013,1,1,0.5866,Medium,Test
2015,1,0,0.3944,Medium,Train
2016,1,0,0.4576,Medium,Train
2018,1,1,0.6255,Medium,Train
2019,1,1,0.5947,Medium,Train
2020,1,1,0.5043,Medium,Train
2021,1,0,0.4945,Medium,Train
2022,1,1,0.5066,Medium,Train
2023,1,0,0.4431,Medium,Train
2025,1,1,0.6351,Medium,Train
2026,1,1,0.5769,Medium,Train
2027,1,0,0.4613,Medium,Train
2028,1,0,0.3918,Medium,Train
2029,0,1,0.5371,Medium,Train
2030,1,0,0.4744,Medium,Test
2031,1,1,0.5303,Medium,Train
2032,1,0,0.4634,Medium,Train
2033,1,0,0.4835,Medium,Train
2034,1,1,0.5419,Medium,Train
2035,1,1,0.6776,High,Train
2036,1,0,0.4748,Medium,Test
2038,1,0,0.4885,Medium,Test
2039,1,1,0.5226,Medium,Test
2040,1,1,0.6797,High,Test
2043,0,0,0.4982,Medium,Train
2044,1,1,0.6573,Medium,Test
2045,1,0,0.4863,Medium,Train
2046,1,1,0.5332,Medium,Train
2047,1,1,0.5603,Medium,Train
2049,1,0,0.4236,Medium,Test
2050,1,1,0.5933,Medium,Train
2052,1,1,0.5539,Medium,Train
2053,1,0,0.4671,Medium,Train
2054,1,1,0.5294,Medium,Train
2055,1,0,0.4659,Medium,Train
2056,1,0,0.3701,Medium,Train
2057,1,1,0.5671,Medium,Train
2059,1,1,0.6356,Medium,Train
2060,1,0,0.4916,Medium,Train
2061,1,1,0.5904,Medium,Train
2062,0,1,0.5445,Medium,Train
2063,1,0,0.4044,Medium,Train
2064,1,1,0.5012,Medium,Train
2065,1,0,0.4786,Medium,Train
2068,0,0,0.4582,Medium,Train
2069,1,1,0.585,Medium,Test
2070,1,1,0.5032,Medium,Test
2073,1,0,0.3856,Medium,Train
2074,1,1,0.5481,Medium,Train
2076,1,0,0.4183,Medium,Train
2078,1,1,0.5122,Medium,Train
2079,1,1,0.5821,Medium,Train
2081,0,1,0.6278,Medium,Test
2083,1,1,0.5063,Medium,Train
2086,1,1,0.5646,Medium,Train
2087,1,1,0.5167,Medium,Train
2088,0,0,0.4923,Medium,Test
2090,1,1,0.6416,Medium,Test
2091,1,1,0.5222,Medium,Train
2092,1,1,0.5487,Medium,Train
2093,1,0,0.4745,Medium,Train
2094,1,1,0.6797,High,Train
2095,1,0,0.4869,Medium,Train
2096,1,1,0.5972,Medium,Train
2097,1,0,0.4509,Medium,Train
2098,0,1,0.5104,Medium,Test
2099,1,1,0.5371,Medium,Train
2101,1,1,0.6872,High,Train
2103,1,1,0.5355,Medium,Train
2104,1,0,0.4571,Medium,Train
2105,1,0,0.462,Medium,Train
2106,1,0,0.3982,Medium,Train
2107,0,0,0.4126,Medium,Train
2108,0,1,0.5264,Medium,Train
2109,1,1,0.5106,Medium,Train
2110,1,0,0.488,Medium,Train
2112,1,0,0.4369,Medium,Train
2113,0,1,0.5775,Medium,Test
2114,1,1,0.5055,Medium,Test
2115,1,0,0.4955,Medium,Train
2117,1,1,0.5695,Medium,Train
2118,1,1,0.5625,Medium,Train
2119,1,0,0.4229,Medium,Test
2120,0,1,0.6777,High,Test
2122,1,0,0.4717,Medium,Test
2124,1,1,0.5026,Medium,Test
2125,1,0,0.4294,Medium,Test
2126,1,1,0.5405,Medium,Train
2127,1,0,0.4893,Medium,Train
2128,0,0,0.4721,Medium,Train
2132,1,1,0.5008,Medium,Train
2133,1,0,0.4547,Medium,Train
2135,1,0,0.4108,Medium,Train
2136,1,0,0.4634,Medium,Train
2137,1,1,0.5281,Medium,Train
2138,0,1,0.5853,Medium,Train
2140,1,1,0.6792,High,Train
2141,1,0,0.4057,Medium,Train
2142,1,1,0.6458,Medium,Train
2143,1,1,0.5327,Medium,Test
2144,1,0,0.4555,Medium,Train
2145,1,0,0.4961,Medium,Train
2146,1,0,0.4805,Medium,Train
2147,0,1,0.657,Medium,Train
2148,1,1,0.5717,Medium,Train
2149,1,1,0.5358,Medium,Test
2150,1,0,0.4717,Medium,Train
2152,1,1,0.6195,Medium,Train
2153,1,1,0.6487,Medium,Train
2154,0,1,0.5769,Medium,Train
2155,1,1,0.5338,Medium,Test
2156,0,1,0.5102,Medium,Train
2157,0,1,0.5038,Medium,Train
2159,1,1,0.5603,Medium,Test
2160,1,1,0.5585,Medium,Train
2161,1,0,0.4718,Medium,Train
2162,1,1,0.5947,Medium,Test
2163,0,1,0.6671,High,Train
2164,1,1,0.6595,Medium,Train
2166,1,1,0.5212,Medium,Train
2167,0,0,0.4856,Medium,Train
2168,1,1,0.6514,Medium,Train
2169,1,0,0.4558,Medium,Train
2173,1,1,0.5943,Medium,Train
2174,1,0,0.499,Medium,Train
2175,1,0,0.4441,Medium,Train
2176,1,1,0.5953,Medium,Train
2177,1,0,0.477,Medium,Test
2178,1,0,0.4758,Medium,Train
2179,1,0,0.4199,Medium,Train
2180,1,1,0.6507,Medium,Train
2182,0,1,0.5068,Medium,Train
2183,1,0,0.4552,Medium,Train
2184,1,1,0.5448,Medium,Train
2185,1,0,0.4229,Medium,Test
2187,1,0,0.4448,Medium,Train
2188,1,1,0.611,Medium,Train
2190,1,0,0.4942,Medium,Train
2193,1,0,0.3814,Medium,Train
2194,1,0,0.4251,Medium,Train
2195,1,1,0.5247,Medium,Train
2196,0,1,0.5871,Medium,Test
2197,1,1,0.538,Medium,Train
2199,1,0,0.4132,Medium,Train
2200,1,1,0.568,Medium,Train
2201,1,1,0.5118,Medium,Train
2202,1,0,0.4985,Medium,Train
2203,0,0,0.3682,Medium,Train
2204,1,1,0.5444,Medium,Train
2205,0,1,0.5421,Medium,Train
2206,0,1,0.5215,Medium,Test
2207,1,1,0.5198,Medium,Test
2208,1,0,0.4715,Medium,Train
2209,1,0,0.496,Medium,Train
2210,1,0,0.3901,Medium,Train
2211,1,0,0.421,Medium,Train
2212,1,1,0.6115,Medium,Train
2213,1,0,0.4278,Medium,Test
2214,1,1,0.5017,Medium,Train
2215,1,1,0.5127,Medium,Train
2216,1,0,0.4714,Medium,Train
2217,1,0,0.3698,Medium,Train
2218,0,0,0.383,Medium,Train
2220,1,0,0.4542,Medium,Train
2221,1,1,0.5867,Medium,Train
2222,1,1,0.5008,Medium,Train
2224,1,0,0.463,Medium,Train
2225,0,0,0.4832,Medium,Train
2226,1,0,0.4614,Medium,Train
2227,1,1,0.508,Medium,Train
2228,1,0,0.4721,Medium,Train
2230,1,0,0.4626,Medium,Train
2231,1,0,0.4285,Medium,Train
2232,1,0,0.4258,Medium,Train
2233,0,1,0.5192,Medium,Train
2234,1,1,0.5828,Medium,Train
2235,0,1,0.5053,Medium,Train
2236,1,0,0.4791,Medium,Train
2237,1,1,0.5218,Medium,Train
2238,1,0,0.3957,Medium,Test
2239,1,1,0.5763,Medium,Train
2240,1,0,0.4715,Medium,Train
2241,1,1,0.5785,Medium,Test
2242,1,1,0.5496,Medium,Train
2243,1,0,0.4998,Medium,Test
2244,1,0,0.4304,Medium,Test
2245,1,0,0.4289,Medium,Test
2246,1,0,0.4699,Medium,Train
2248,1,0,0.4211,Medium,Train
2249,1,0,0.3925,Medium,Train
2251,1,1,0.5935,Medium,Train
2252,1,0,0.4926,Medium,Train
2253,1,0,0.4172,Medium,Train
2254,1,1,0.5475,Medium,Train
2255,1,0,0.4631,Medium,Train
2257,0,0,0.465,Medium,Test
2258,1,1,0.5853,Medium,Train
2259,1,1,0.5327,Medium,Train
2260,1,1,0.5352,Medium,Train
2261,1,1,0.502,Medium,Train
2263,1,0,0.4923,Medium,Train
2264,1,1,0.525,Medium,Train
2265,1,1,0.5799,Medium,Test
2266,1,1,0.512,Medium,Train
2267,0,0,0.4503,Medium,Train
2269,1,0,0.4668,Medium,Train
2270,1,1,0.5261,Medium,Train
2272,1,1,0.5077,Medium,Train
2274,1,0,0.4055,Medium,Train
2275,1,1,0.5983,Medium,Test
2277,1,1,0.5357,Medium,Test
2279,0,1,0.569,Medium,Train
2280,1,1,0.5094,Medium,Train
2283,0,1,0.6065,Medium,Train
2284,1,1,0.6229,Medium,Train
2285,1,0,0.4607,Medium,Train
2286,1,1,0.542,Medium,Train
2287,1,0,0.497,Medium,Train
2288,1,0,0.4431,Medium,Train
2290,1,1,0.529,Medium,Train
2291,1,1,0.6924,High,Test
2292,1,1,0.5018,Medium,Train
2293,1,0,0.469,Medium,Train
2294,1,1,0.5016,Medium,Train
2296,1,0,0.4044,Medium,Train
2297,1,0,0.4553,Medium,Test
2298,1,1,0.5999,Medium,Train
2299,1,0,0.4415,Medium,Train
2300,1,1,0.6515,Medium,Train
2303,1,1,0.6497,Medium,Train
2304,1,1,0.5088,Medium,Train
2305,1,0,0.4533,Medium,Train
2306,1,0,0.4261,Medium,Test
2307,1,0,0.4044,Medium,Train
2308,1,1,0.5608,Medium,Train
2310,1,1,0.5269,Medium,Train
2311,1,0,0.4739,Medium,Train
2312,1,1,0.5104,Medium,Train
2313,1,0,0.4539,Medium,Train
2314,1,1,0.7057,High,Test
2315,0,0,0.49,Medium,Train
2316,0,1,0.6837,High,Train
2317,1,1,0.5816,Medium,Train
2319,1,0,0.4213,Medium,Test
2320,1,0,0.3785,Medium,Test
2321,1,0,0.476,Medium,Train
2323,0,0,0.4061,Medium,Test
2324,1,0,0.4425,Medium,Test
2325,1,0,0.4737,Medium,Train
2328,1,1,0.5028,Medium,Train
2329,1,0,0.4646,Medium,Train
2330,1,0,0.4678,Medium,Train
2331,1,0,0.48,Medium,Test
2333,1,1,0.5655,Medium,Test
2334,1,1,0.6261,Medium,Train
2335,1,0,0.4989,Medium,Train
2336,1,0,0.433,Medium,Train
2337,1,0,0.3906,Medium,Train
2338,1,0,0.4523,Medium,Train
2339,1,1,0.5274,Medium,Test
2341,1,0,0.4071,Medium,Train
2343,1,0,0.4494,Medium,Train
2344,1,1,0.5701,Medium,Train
2345,0,0,0.3951,Medium,Train
2346,1,0,0.4623,Medium,Train
2347,0,0,0.4598,Medium,Test
2350,1,0,0.3959,Medium,Test
2351,1,1,0.5467,Medium,Train
2356,1,0,0.495,Medium,Train
2358,1,0,0.432,Medium,Train
2360,1,1,0.5101,Medium,Train
2361,0,1,0.5915,Medium,Test
2363,0,0,0.4574,Medium,Train
2364,1,0,0.412,Medium,Test
2365,1,0,0.4784,Medium,Train
2369,1,1,0.6513,Medium,Train
2370,0,0,0.4652,Medium,Train
2371,1,0,0.4835,Medium,Train
2372,1,0,0.4337,Medium,Train
2373,1,0,0.4961,Medium,Train
2374,1,0,0.4549,Medium,Test
2375,1,1,0.5135,Medium,Train
2376,1,1,0.5654,Medium,Train
2377,1,1,0.627,Medium,Train
2378,1,1,0.5202,Medium,Train
2379,0,1,0.5148,Medium,Train
2380,1,0,0.4812,Medium,Train
2381,1,0,0.4648,Medium,Train
2383,1,0,0.4251,Medium,Train
2384,1,0,0.4918,Medium,Train
2385,1,1,0.757,High,Train
2387,1,1,0.5358,Medium,Train
2390,1,1,0.5424,Medium,Train
2391,1,1,0.5063,Medium,Train
2392,1,0,0.4807,Medium,Train
2393,1,1,0.5244,Medium,Train
2394,0,1,0.5551,Medium,Train
2395,1,1,0.5375,Medium,Test
2396,1,1,0.5039,Medium,Train
2398,1,0,0.471,Medium,Test
2400,1,0,0.4448,Medium,Test
2401,1,1,0.5115,Medium,Train
2405,1,1,0.5456,Medium,Train
2406,1,0,0.4904,Medium,Train
2407,0,0,0.4837,Medium,Train
2408,1,1,0.5433,Medium,Train
2409,1,0,0.4021,Medium,Train
2410,1,0,0.4467,Medium,Train
2411,1,0,0.4973,Medium,Train
2412,1,0,0.4953,Medium,Train
2413,1,0,0.4396,Medium,Train
2414,1,1,0.541,Medium,Train
2415,1,1,0.5001,Medium,Test
2416,1,0,0.4931,Medium,Test
2417,1,0,0.4562,Medium,Train
2418,1,1,0.5245,Medium,Test
2419,1,1,0.5918,Medium,Test
2420,1,1,0.5684,Medium,Train
2421,1,1,0.5549,Medium,Train
2422,1,0,0.454,Medium,Train
2423,1,0,0.4449,Medium,Train
2424,1,1,0.5153,Medium,Test
2425,1,0,0.4032,Medium,Test
2426,1,0,0.4894,Medium,Train
2427,1,0,0.4759,Medium,Train
2428,1,1,0.5298,Medium,Train
2430,1,0,0.4576,Medium,Train
2431,1,1,0.5054,Medium,Train
2432,1,0,0.4904,Medium,Train
2433,1,1,0.5248,Medium,Train
2434,1,1,0.5798,Medium,Train
2435,1,0,0.4005,Medium,Test
2436,0,0,0.4916,Medium,Train
2437,1,0,0.445,Medium,Train
2438,1,1,0.7001,High,Train
2439,0,1,0.5103,Medium,Test
2440,1,0,0.4575,Medium,Train
2441,1,1,0.5793,Medium,Train
2442,1,0,0.4301,Medium,Test
2444,1,1,0.6095,Medium,Train
2445,1,1,0.6946,High,Train
2446,1,0,0.4586,Medium,Train
2447,1,0,0.4638,Medium,Train
2448,1,1,0.5636,Medium,Train
2449,1,1,0.5659,Medium,Train
2450,1,1,0.644,Medium,Test
2452,1,1,0.7345,High,Train
2453,1,0,0.4264,Medium,Train
2454,1,0,0.4673,Medium,Train
2455,1,1,0.5433,Medium,Train
2456,1,0,0.4979,Medium,Train
2457,1,1,0.6743,High,Train
2458,1,0,0.4948,Medium,Train
2459,1,0,0.4355,Medium,Train
2460,1,1,0.5455,Medium,Train
2463,1,0,0.3559,Medium,Train
2465,1,0,0.4345,Medium,Train
2467,1,0,0.4583,Medium,Test
2468,0,0,0.4246,Medium,Test
2470,1,1,0.5349,Medium,Train
2471,1,0,0.4648,Medium,Test
2474,1,1,0.6855,High,Test
2475,1,0,0.4672,Medium,Train
2476,1,1,0.5311,Medium,Train
2477,0,1,0.5484,Medium,Test
2478,0,0,0.4164,Medium,Train
2479,1,1,0.5146,Medium,Train
2480,0,0,0.4754,Medium,Train
2481,1,1,0.5204,Medium,Train
2482,1,1,0.5368,Medium,Train
2484,1,1,0.5052,Medium,Train
2485,1,1,0.5251,Medium,Test
2486,1,1,0.6496,Medium,Test
2487,1,1,0.5485,Medium,Train
2488,1,1,0.5613,Medium,Test
2489,1,1,0.5143,Medium,Train
2490,1,1,0.5463,Medium,Train
2491,1,1,0.5409,Medium,Train
2492,0,0,0.463,Medium,Train
2493,1,1,0.5559,Medium,Train
2494,1,0,0.4456,Medium,Train
2495,1,0,0.4943,Medium,Train
2496,1,1,0.5958,Medium,Train
2497,0,1,0.5244,Medium,Test
2499,1,1,0.5079,Medium,Train
2501,1,0,0.4997,Medium,Train
2503,1,0,0.4563,Medium,Train
2504,1,1,0.6422,Medium,Train
2505,1,1,0.5012,Medium,Test
2506,1,0,0.4462,Medium,Train
2507,1,0,0.4566,Medium,Train
2509,1,1,0.5016,Medium,Train
2510,1,1,0.5188,Medium,Test
2511,1,1,0.5436,Medium,Test
2513,1,1,0.5258,Medium,Train
2514,1,0,0.4614,Medium,Test
2515,1,1,0.5263,Medium,Test
2516,0,1,0.5609,Medium,Train
2517,1,0,0.4937,Medium,Test
2518,1,1,0.6189,Medium,Train
2519,0,0,0.4364,Medium,Train
2520,1,1,0.5241,Medium,Train
2522,1,0,0.4345,Medium,Test
2523,1,0,0.4817,Medium,Train
2525,1,0,0.4157,Medium,Train
2526,1,1,0.516,Medium,Train
2527,1,0,0.4353,Medium,Train
2528,1,1,0.5455,Medium,Train
2530,1,1,0.5545,Medium,Train
2531,1,1,0.544,Medium,Train
2532,1,0,0.3571,Medium,Test
2533,0,0,0.4664,Medium,Train
2534,1,1,0.6099,Medium,Test
2535,1,1,0.5091,Medium,Train
2537,1,1,0.6338,Medium,Train
2539,1,0,0.4753,Medium,Train
2540,1,0,0.4644,Medium,Train
2541,0,1,0.6251,Medium,Train
2542,1,1,0.511,Medium,Train
2543,1,0,0.4637,Medium,Train
2544,1,0,0.4302,Medium,Train
2546,1,0,0.4583,Medium,Train
2547,1,0,0.4188,Medium,Train
2551,1,1,0.5675,Medium,Test
2552,0,0,0.458,Medium,Train
2553,1,0,0.4871,Medium,Train
2554,1,1,0.5116,Medium,Train
2555,1,1,0.6306,Medium,Train
2556,1,0,0.412,Medium,Train
2557,1,0,0.4708,Medium,Train
2560,1,0,0.4469,Medium,Train
2561,0,0,0.4788,Medium,Test
2564,1,1,0.5421,Medium,Test
2565,1,1,0.5335,Medium,Train
2566,1,0,0.4721,Medium,Train
2567,1,0,0.4888,Medium,Train
2568,1,0,0.4788,Medium,Train
2569,1,1,0.5267,Medium,Train
2570,1,1,0.6005,Medium,Train
2571,1,1,0.5276,Medium,Train
2572,1,0,0.4287,Medium,Test
2573,1,1,0.6659,High,Train
2574,0,0,0.4464,Medium,Train
2575,0,0,0.4982,Medium,Train
2576,1,0,0.4908,Medium,Train
2577,1,0,0.4756,Medium,Train
2578,1,0,0.4766,Medium,Train
2580,1,1,0.5968,Medium,Train
2581,0,1,0.6307,Medium,Train
2582,1,1,0.6333,Medium,Train
2583,1,0,0.4882,Medium,Train
2584,0,1,0.5116,Medium,Train
2585,1,0,0.4362,Medium,Train
2586,1,0,0.3947,Medium,Test
2587,1,1,0.5139,Medium,Train
2588,1,0,0.4588,Medium,Train
2589,1,0,0.4516,Medium,Test
2591,1,1,0.578,Medium,Test
2592,1,1,0.5355,Medium,Train
2594,1,1,0.5216,Medium,Train
2595,1,1,0.6795,High,Test
2596,1,0,0.4177,Medium,Train
2597,0,1,0.5191,Medium,Train
2598,1,1,0.505,Medium,Train
2599,1,0,0.4817,Medium,Train
2600,1,1,0.5481,Medium,Train
2601,1,0,0.4275,Medium,Test
2602,1,1,0.5416,Medium,Train
2603,1,0,0.4844,Medium,Train
2604,1,0,0.4389,Medium,Train
2605,0,0,0.4951,Medium,Test
2606,1,0,0.4975,Medium,Train
2607,1,0,0.479,Medium,Train
2608,0,1,0.5355,Medium,Train
2610,0,0,0.4051,Medium,Train
2611,1,1,0.6986,High,Train
2614,1,1,0.5335,Medium,Train
2615,1,1,0.5596,Medium,Train
2616,1,0,0.4381,Medium,Train
2617,1,1,0.5822,Medium,Train
2618,1,1,0.5337,Medium,Train
2620,1,0,0.3979,Medium,Train
2621,1,0,0.4768,Medium,Train
2622,1,1,0.5408,Medium,Test
2623,0,0,0.4732,Medium,Train
2626,1,1,0.5237,Medium,Train
2627,1,0,0.4958,Medium,Train
2628,1,0,0.426,Medium,Train
2629,1,1,0.542,Medium,Train
2630,1,1,0.5254,Medium,Train
2631,1,1,0.6159,Medium,Train
2633,1,1,0.5032,Medium,Test
2634,1,1,0.5053,Medium,Train
2635,1,1,0.5712,Medium,Train
2636,1,1,0.5363,Medium,Train
2637,1,0,0.4894,Medium,Test
2638,1,1,0.5022,Medium,Test
2639,1,0,0.4565,Medium,Test
2640,1,0,0.4633,Medium,Test
2641,1,0,0.4518,Medium,Train
2642,1,1,0.5089,Medium,Train
2643,1,0,0.4332,Medium,Train
2645,1,1,0.5179,Medium,Train
2646,1,1,0.7373,High,Test
2647,1,1,0.6831,High,Train
2650,1,0,0.4758,Medium,Train
2651,1,1,0.5934,Medium,Train
2652,0,1,0.5261,Medium,Train
2653,1,1,0.5604,Medium,Train
2654,1,0,0.484,Medium,Test
2655,1,1,0.504,Medium,Train
2656,1,1,0.5017,Medium,Train
2657,1,1,0.7,High,Train
2658,1,0,0.4304,Medium,Train
2660,0,0,0.4761,Medium,Train
2661,0,0,0.4158,Medium,Train
2662,1,1,0.6693,High,Train
2663,1,1,0.5155,Medium,Train
2664,1,1,0.5851,Medium,Train
2665,1,1,0.5197,Medium,Train
2666,1,1,0.5206,Medium,Train
2667,1,0,0.4906,Medium,Train
2669,1,1,0.5046,Medium,Train
2670,1,1,0.6509,Medium,Train
2671,1,0,0.4239,Medium,Train
2672,1,0,0.4966,Medium,Test
2673,0,0,0.4481,Medium,Train
2674,1,0,0.4628,Medium,Train
2675,1,1,0.5108,Medium,Train
2676,1,1,0.518,Medium,Test
2677,1,0,0.4461,Medium,Train
2678,1,1,0.5659,Medium,Test
2679,1,1,0.5711,Medium,Train
2680,1,1,0.5313,Medium,Train
2681,1,1,0.6566,Medium,Train
2682,1,1,0.5394,Medium,Train
2683,1,1,0.6032,Medium,Train
2684,1,1,0.6369,Medium,Train
2685,1,1,0.5396,Medium,Train
2686,1,0,0.4876,Medium,Train
2687,1,1,0.5485,Medium,Train
2688,1,1,0.6163,Medium,Test
2689,1,1,0.5398,Medium,Train
2690,1,0,0.4434,Medium,Train
2691,1,0,0.4462,Medium,Train
2692,1,1,0.6123,Medium,Train
2693,1,0,0.4706,Medium,Train
2694,1,0,0.4342,Medium,Train
2695,1,1,0.519,Medium,Test
2696,1,1,0.5177,Medium,Train
2697,1,1,0.5361,Medium,Train
2698,1,1,0.5399,Medium,Train
2701,1,0,0.4139,Medium,Train
2703,0,0,0.413,Medium,Train
2704,1,1,0.5792,Medium,Train
2705,1,1,0.5084,Medium,Train
2706,1,1,0.5857,Medium,Train
2707,1,1,0.5368,Medium,Train
2708,1,1,0.5833,Medium,Test
2710,1,0,0.4923,Medium,Test
2712,1,1,0.5147,Medium,Train
2713,1,0,0.4348,Medium,Train
2714,1,1,0.5306,Medium,Train
2715,1,1,0.6665,High,Train
2716,1,1,0.5073,Medium,Train
2720,0,1,0.6222,Medium,Test
2721,1,0,0.427,Medium,Train
2722,1,0,0.4519,Medium,Train
2724,1,0,0.3994,Medium,Test
2725,1,0,0.4783,Medium,Train
2727,1,1,0.6066,Medium,Train
2728,1,1,0.5273,Medium,Train
2729,1,0,0.4927,Medium,Train
2730,1,1,0.513,Medium,Test
2731,1,0,0.4622,Medium,Train
2732,1,0,0.4707,Medium,Train
2733,1,1,0.5053,Medium,Train
2734,1,1,0.5051,Medium,Train
2735,1,1,0.5388,Medium,Train
2736,1,1,0.5847,Medium,Train
2737,1,0,0.4838,Medium,Test
2738,1,0,0.4463,Medium,Train
2739,0,0,0.4929,Medium,Train
2740,1,1,0.5628,Medium,Train
2741,1,0,0.4564,Medium,Train
2742,1,0,0.4118,Medium,Train
2743,1,1,0.55,Medium,Train
2744,1,0,0.4041,Medium,Train
2745,1,0,0.4147,Medium,Train
2746,1,1,0.5018,Medium,Train
2747,1,1,0.544,Medium,Test
2748,1,1,0.6087,Medium,Train
2749,1,1,0.5704,Medium,Train
2751,1,1,0.5613,Medium,Test
2752,1,0,0.4821,Medium,Train
2753,1,0,0.4778,Medium,Train
2754,0,1,0.5282,Medium,Test
2755,1,0,0.4749,Medium,Train
2756,1,1,0.537,Medium,Train
2757,0,0,0.4147,Medium,Train
2758,1,1,0.5198,Medium,Train
2759,1,1,0.6273,Medium,Train
2760,1,0,0.4449,Medium,Train
2761,1,1,0.5253,Medium,Test
2763,1,1,0.527,Medium,Train
2764,1,1,0.5329,Medium,Train
2766,1,1,0.5443,Medium,Train
2768,1,0,0.4361,Medium,Train
2769,1,1,0.5999,Medium,Train
2770,1,0,0.3919,Medium,Test
2771,1,0,0.4251,Medium,Train
2772,1,1,0.5076,Medium,Train
2773,1,0,0.4779,Medium,Train
2774,1,0,0.4845,Medium,Train
2775,1,0,0.4425,Medium,Train
2776,1,0,0.4573,Medium,Train
2777,1,1,0.6034,Medium,Train
2778,1,0,0.4752,Medium,Train
2779,1,1,0.5599,Medium,Train
2780,1,0,0.4308,Medium,Train
2781,1,0,0.477,Medium,Train
2783,1,0,0.4186,Medium,Test
2784,0,0,0.4654,Medium,Train
2785,1,0,0.424,Medium,Test
2786,1,1,0.5853,Medium,Train
2787,1,1,0.5117,Medium,Train
2788,1,1,0.6444,Medium,Train
2789,1,0,0.4161,Medium,Train
2790,0,0,0.4468,Medium,Train
2791,1,0,0.4955,Medium,Train
2793,1,1,0.5056,Medium,Test
2794,0,0,0.489,Medium,Train
2795,1,1,0.5146,Medium,Train
2796,1,0,0.4356,Medium,Train
2797,1,0,0.4313,Medium,Train
2800,1,0,0.4078,Medium,Train
2801,1,1,0.6056,Medium,Test
2802,0,1,0.5067,Medium,Train
2804,1,0,0.4139,Medium,Train
2805,1,1,0.525,Medium,Test
2806,1,1,0.6379,Medium,Train
2807,1,1,0.5066,Medium,Train
2808,1,1,0.5392,Medium,Train
2809,1,1,0.6059,Medium,Test
2810,1,0,0.4431,Medium,Train
2811,1,0,0.4508,Medium,Test
2813,1,1,0.5419,Medium,Train
2814,1,1,0.5594,Medium,Train
2816,1,1,0.5754,Medium,Train
2817,1,0,0.4989,Medium,Train
2818,1,0,0.4809,Medium,Train
2820,1,1,0.5634,Medium,Test
2821,1,1,0.5159,Medium,Train
2822,1,0,0.4807,Medium,Train
2823,1,0,0.4687,Medium,Train
2824,1,1,0.5266,Medium,Train
2825,0,1,0.5244,Medium,Train
2826,1,1,0.5247,Medium,Train
2827,1,0,0.4856,Medium,Train
2828,1,0,0.4892,Medium,Train
2829,1,1,0.6719,High,Test
2830,1,0,0.4017,Medium,Train
2831,1,1,0.5658,Medium,Test
2832,1,0,0.4693,Medium,Train
2833,0,1,0.6775,High,Test
2834,1,0,0.4011,Medium,Train
2836,1,1,0.6095,Medium,Train
2837,1,1,0.5778,Medium,Test
2838,1,1,0.5292,Medium,Train
2839,0,0,0.3963,Medium,Train
2840,0,0,0.4648,Medium,Train
2842,1,0,0.4363,Medium,Train
2843,1,1,0.5403,Medium,Train
2845,1,0,0.4695,Medium,Train
2846,1,0,0.4845,Medium,Train
2848,1,0,0.4415,Medium,Train
2849,1,1,0.5545,Medium,Test
2850,1,1,0.5064,Medium,Train
2851,1,1,0.6255,Medium,Train
2852,1,0,0.4803,Medium,Train
2853,1,0,0.3563,Medium,Train
2854,1,0,0.3984,Medium,Train
2855,1,0,0.4805,Medium,Train
2856,1,1,0.5157,Medium,Train
2857,0,0,0.4394,Medium,Test
2858,1,0,0.4183,Medium,Train
2859,1,1,0.631,Medium,Test
2860,1,1,0.6333,Medium,Train
2861,0,0,0.3929,Medium,Train
2864,1,1,0.5021,Medium,Train
2865,1,0,0.4324,Medium,Train
2866,0,1,0.508,Medium,Train
2867,0,1,0.6199,Medium,Test
2868,1,1,0.5357,Medium,Train
2869,1,1,0.5064,Medium,Train
2870,1,1,0.5243,Medium,Train
2871,1,1,0.5346,Medium,Train
2873,1,1,0.6107,Medium,Test
2874,1,1,0.5435,Medium,Train
2875,1,1,0.5589,Medium,Train
2876,1,1,0.5184,Medium,Test
2877,1,1,0.5743,Medium,Train
2878,1,0,0.4661,Medium,Train
2879,1,0,0.4533,Medium,Train
2880,1,0,0.4082,Medium,Train
2881,1,1,0.5531,Medium,Test
2882,0,1,0.544,Medium,Train
2885,1,0,0.4598,Medium,Train
2886,1,1,0.5281,Medium,Train
2887,1,0,0.4726,Medium,Train
2889,1,0,0.4687,Medium,Test
2890,1,0,0.4696,Medium,Test
2892,1,0,0.4756,Medium,Train
2893,1,0,0.4656,Medium,Train
2895,1,1,0.5438,Medium,Test
2896,1,1,0.5161,Medium,Train
2897,0,0,0.4511,Medium,Train
2898,1,1,0.6313,Medium,Train
2899,1,0,0.4469,Medium,Test
2900,1,1,0.5311,Medium,Train
2901,1,1,0.6158,Medium,Train
2902,1,1,0.5127,Medium,Train
2903,1,0,0.4949,Medium,Train
2905,1,1,0.5538,Medium,Train
2906,1,0,0.4567,Medium,Train
2907,1,1,0.5095,Medium,Train
2908,1,1,0.6065,Medium,Train
2909,1,0,0.3843,Medium,Train
2910,1,1,0.5024,Medium,Train
2911,1,1,0.5053,Medium,Train
2913,1,0,0.4367,Medium,Train
2915,1,1,0.5341,Medium,Train
2916,1,1,0.5366,Medium,Train
2917,1,1,0.5466,Medium,Train
2920,1,1,0.5895,Medium,Test
2921,1,1,0.5117,Medium,Test
2922,1,0,0.4152,Medium,Train
2923,1,1,0.5606,Medium,Train
2924,1,1,0.546,Medium,Train
2925,1,0,0.4542,Medium,Train
2928,1,0,0.479,Medium,Train
2930,0,1,0.519,Medium,Train
2935,1,1,0.5083,Medium,Train
2936,1,0,0.413,Medium,Train
2937,1,1,0.5991,Medium,Train
2938,1,1,0.5443,Medium,Train
2939,1,1,0.6337,Medium,Train
2940,1,0,0.4292,Medium,Train
2941,1,0,0.4877,Medium,Train
2942,1,1,0.5105,Medium,Train
2945,1,1,0.5414,Medium,Train
2946,1,1,0.5181,Medium,Train
2947,1,1,0.5425,Medium,Train
2948,1,0,0.4207,Medium,Test
2950,1,0,0.3728,Medium,Train
2951,1,0,0.3942,Medium,Test
2952,1,0,0.4466,Medium,Test
2953,1,1,0.5097,Medium,Train
2954,1,1,0.5572,Medium,Train
2955,0,0,0.3882,Medium,Train
2956,0,1,0.6942,High,Train
2957,1,0,0.4972,Medium,Train
2958,1,0,0.4539,Medium,Train
2961,1,1,0.5072,Medium,Train
2962,1,1,0.5671,Medium,Train
2963,1,1,0.5004,Medium,Test
2965,1,1,0.6282,Medium,Test
2966,1,1,0.5313,Medium,Train
2967,1,1,0.552,Medium,Test
2968,1,0,0.4918,Medium,Train
2969,1,1,0.6435,Medium,Train
2970,1,0,0.4606,Medium,Test
2971,1,1,0.5261,Medium,Train
2972,1,0,0.4156,Medium,Train
2973,1,0,0.4209,Medium,Train
2974,1,1,0.5152,Medium,Test
2976,0,1,0.7073,High,Test
2977,1,0,0.442,Medium,Test
2978,1,0,0.4455,Medium,Train
2979,1,1,0.5182,Medium,Train
2980,0,0,0.4027,Medium,Train
2981,1,0,0.476,Medium,Test
2982,1,1,0.5036,Medium,Train
2983,1,1,0.5599,Medium,Test
2984,1,1,0.5515,Medium,Train
2985,1,0,0.467,Medium,Test
2986,0,1,0.512,Medium,Train
2989,1,0,0.4673,Medium,Train
2990,1,1,0.6229,Medium,Train
2991,1,0,0.4706,Medium,Train
2993,1,1,0.527,Medium,Train
2994,1,1,0.5271,Medium,Train
2996,1,1,0.581,Medium,Test
2997,1,1,0.5511,Medium,Test
2999,1,1,0.5241,Medium,Train
3001,0,0,0.4822,Medium,Train
3002,1,1,0.5403,Medium,Train
3003,1,0,0.4986,Medium,Train
3005,1,1,0.5632,Medium,Train
3006,1,0,0.4368,Medium,Train
3007,1,0,0.4416,Medium,Test
3008,1,1,0.5254,Medium,Train
3009,1,1,0.5655,Medium,Train
3010,0,0,0.3561,Medium,Train
3012,0,1,0.5319,Medium,Test
3013,1,0,0.4326,Medium,Test
3014,1,1,0.5918,Medium,Train
3016,1,1,0.5365,Medium,Test
3021,1,1,0.5324,Medium,Train
3022,1,1,0.5022,Medium,Train
3023,1,1,0.6065,Medium,Test
3026,1,1,0.5461,Medium,Train
3027,1,0,0.42,Medium,Test
3029,1,0,0.4363,Medium,Train
3030,1,0,0.4841,Medium,Train
3032,1,1,0.5997,Medium,Test
3033,1,0,0.4911,Medium,Train
3034,1,1,0.5962,Medium,Train
3035,1,0,0.4198,Medium,Train
3036,1,1,0.5138,Medium,Train
3037,1,0,0.4532,Medium,Test
3038,1,0,0.4143,Medium,Train
3039,0,0,0.4659,Medium,Train
3040,1,1,0.6022,Medium,Train
3041,1,0,0.4381,Medium,Train
3042,1,1,0.5509,Medium,Train
3043,1,1,0.5529,Medium,Train
3044,0,0,0.343,Medium,Test
3045,1,0,0.4273,Medium,Train
3046,1,0,0.4532,Medium,Train
3047,1,0,0.4952,Medium,Train
3048,1,0,0.4728,Medium,Train
3049,1,1,0.5244,Medium,Train
3051,1,0,0.4716,Medium,Train
3052,0,0,0.3491,Medium,Train
3053,1,0,0.4119,Medium,Train
3054,1,0,0.4454,Medium,Test
3055,1,0,0.4751,Medium,Train
3056,1,1,0.5148,Medium,Train
3057,1,0,0.4527,Medium,Train
3058,1,1,0.5209,Medium,Test
3059,0,0,0.4769,Medium,Train
3060,1,1,0.611,Medium,Train
3062,1,1,0.5297,Medium,Test
3063,1,1,0.533,Medium,Test
3064,1,0,0.4705,Medium,Train
3065,1,1,0.5308,Medium,Train
3066,1,0,0.4532,Medium,Train
3067,1,0,0.479,Medium,Test
3068,1,0,0.4086,Medium,Train
3069,1,1,0.5017,Medium,Train
3070,1,1,0.5474,Medium,Train
3071,1,0,0.3804,Medium,Train
3072,1,1,0.5831,Medium,Train
3073,1,0,0.4024,Medium,Train
3074,1,1,0.5668,Medium,Test
3075,1,0,0.4469,Medium,Train
3076,1,0,0.482,Medium,Test
3077,0,0,0.4584,Medium,Train
3078,1,0,0.4681,Medium,Train
3079,1,1,0.5146,Medium,Train
3080,1,1,0.5076,Medium,Train
3081,1,1,0.5572,Medium,Train
3083,1,1,0.5839,Medium,Train
3084,1,1,0.5178,Medium,Train
3085,1,0,0.4714,Medium,Test
3086,1,0,0.4936,Medium,Train
3087,1,1,0.5448,Medium,Train
3088,1,0,0.461,Medium,Train
3089,1,0,0.4457,Medium,Train
3090,1,1,0.58,Medium,Test
3091,1,0,0.4487,Medium,Train
3093,1,1,0.6501,Medium,Train
3094,1,1,0.5668,Medium,Test
3095,1,1,0.5103,Medium,Train
3096,1,0,0.4178,Medium,Test
3097,1,0,0.4426,Medium,Train
3098,0,1,0.5661,Medium,Train
3099,1,0,0.4191,Medium,Train
3101,1,0,0.4595,Medium,Train
3102,1,1,0.5954,Medium,Test
3103,1,0,0.4409,Medium,Train
3104,1,0,0.4161,Medium,Train
3105,1,1,0.6229,Medium,Train
3106,1,0,0.4443,Medium,Test
3107,1,1,0.5416,Medium,Train
3108,1,0,0.4971,Medium,Train
3109,1,0,0.4831,Medium,Train
3110,1,1,0.5498,Medium,Train
3111,1,0,0.4307,Medium,Train
3112,1,1,0.5876,Medium,Train
3113,0,1,0.6231,Medium,Train
3116,0,0,0.4834,Medium,Train
3118,0,0,0.4296,Medium,Train
3119,1,0,0.4431,Medium,Train
3120,0,0,0.485,Medium,Train
3121,1,0,0.4231,Medium,Train
3123,1,0,0.4877,Medium,Train
3124,1,1,0.6008,Medium,Train
3125,1,0,0.4592,Medium,Train
3127,1,0,0.4885,Medium,Train
3128,1,0,0.4173,Medium,Train
3129,1,1,0.5534,Medium,Test
3130,1,0,0.379,Medium,Test
3131,1,0,0.4266,Medium,Train
3132,1,0,0.4718,Medium,Train
3133,1,0,0.4046,Medium,Train
3134,1,0,0.3847,Medium,Train
3135,1,1,0.6233,Medium,Train
3137,0,0,0.4962,Medium,Train
3138,1,1,0.5586,Medium,Train
3139,0,0,0.4553,Medium,Train
3140,1,0,0.4816,Medium,Test
3143,1,1,0.5908,Medium,Train
3144,1,0,0.3913,Medium,Train
3145,1,1,0.6659,High,Train
3146,1,0,0.4929,Medium,Train
3147,1,1,0.5216,Medium,Train
3148,1,1,0.5253,Medium,Test
3149,1,1,0.5519,Medium,Train
3150,0,0,0.4754,Medium,Train
3152,1,0,0.4742,Medium,Train
3153,1,0,0.4778,Medium,Train
3154,1,1,0.5153,Medium,Train
3155,1,0,0.4853,Medium,Train
3156,1,0,0.4707,Medium,Train
3157,1,1,0.5661,Medium,Train
3160,1,0,0.496,Medium,Train
3161,0,0,0.4588,Medium,Train
3162,1,0,0.4688,Medium,Train
3164,1,0,0.4035,Medium,Train
3165,1,1,0.5569,Medium,Train
3168,1,0,0.4363,Medium,Train
3169,0,0,0.4527,Medium,Train
3170,1,1,0.6541,Medium,Train
3172,1,0,0.4681,Medium,Train
3173,1,1,0.5156,Medium,Test
3174,1,0,0.484,Medium,Train
3175,1,0,0.4953,Medium,Train
3176,1,1,0.5154,Medium,Train
3177,0,0,0.4485,Medium,Train
3178,0,0,0.4291,Medium,Train
3179,1,1,0.5243,Medium,Train
3180,1,0,0.4801,Medium,Train
3181,1,0,0.4306,Medium,Train
3183,1,1,0.5801,Medium,Train
3184,1,0,0.4709,Medium,Test
3185,1,0,0.4456,Medium,Train
3186,1,0,0.4689,Medium,Train
3187,0,1,0.5056,Medium,Train
3188,1,1,0.7135,High,Train
3189,1,0,0.4089,Medium,Train
3191,1,0,0.467,Medium,Test
3192,1,0,0.4366,Medium,Test
3193,1,1,0.5226,Medium,Train
3194,1,0,0.4784,Medium,Train
3201,1,0,0.3925,Medium,Train
3202,1,1,0.5763,Medium,Train
3203,1,1,0.5328,Medium,Train
3204,1,1,0.5812,Medium,Train
3205,1,1,0.5242,Medium,Train
3210,1,0,0.4696,Medium,Test
3212,0,0,0.4339,Medium,Train
3215,1,0,0.4577,Medium,Train
3216,1,1,0.532,Medium,Train
3217,1,1,0.5691,Medium,Train
3218,1,1,0.5159,Medium,Train
3219,1,1,0.5243,Medium,Train
3220,1,0,0.4957,Medium,Train
3222,0,0,0.4412,Medium,Train
3223,1,0,0.4527,Medium,Train
3224,1,1,0.7241,High,Train
3225,0,0,0.4357,Medium,Train
3226,1,1,0.5152,Medium,Train
3227,1,0,0.4201,Medium,Train
3228,1,0,0.4357,Medium,Train
3230,1,1,0.5131,Medium,Train
3232,1,1,0.501,Medium,Train
3234,1,0,0.3823,Medium,Train
3235,1,0,0.484,Medium,Train
3236,1,0,0.468,Medium,Train
3237,1,1,0.5598,Medium,Train
3238,1,1,0.5404,Medium,Train
3239,1,1,0.5627,Medium,Train
3240,1,0,0.4478,Medium,Train
3241,1,1,0.5198,Medium,Train
3242,1,0,0.4882,Medium,Test
3243,1,1,0.5479,Medium,Train
3244,1,0,0.4268,Medium,Train
3245,1,0,0.4825,Medium,Train
3246,1,1,0.5275,Medium,Train
3248,0,1,0.5542,Medium,Test
3249,1,1,0.5108,Medium,Train
3250,1,0,0.4865,Medium,Train
3251,1,0,0.4534,Medium,Test
3253,1,1,0.5217,Medium,Train
3254,1,1,0.6192,Medium,Train
3255,1,0,0.4003,Medium,Train
3256,1,0,0.4151,Medium,Train
3257,1,1,0.5309,Medium,Train
3258,1,1,0.5281,Medium,Train
3259,1,1,0.5986,Medium,Train
3260,0,1,0.5103,Medium,Train
3261,1,0,0.4382,Medium,Train
3262,1,0,0.4722,Medium,Train
3263,1,0,0.4864,Medium,Train
3265,1,1,0.5529,Medium,Train
3266,1,1,0.5292,Medium,Test
3269,1,1,0.5517,Medium,Train
3272,1,1,0.5964,Medium,Test
3273,1,1,0.5347,Medium,Train
3274,1,0,0.4332,Medium,Train
3276,1,0,0.4197,Medium,Train
3277,1,1,0.57,Medium,Train
3278,1,0,0.3802,Medium,Train
3279,1,1,0.5131,Medium,Train
3280,1,0,0.4707,Medium,Test
3281,1,0,0.4674,Medium,Train
3282,1,1,0.5117,Medium,Train
3283,1,1,0.5151,Medium,Test
3284,1,0,0.4521,Medium,Train
3286,1,0,0.4973,Medium,Train
3287,1,0,0.4717,Medium,Train
3288,1,1,0.513,Medium,Train
3289,1,0,0.4292,Medium,Test
3290,0,1,0.5223,Medium,Test
3292,1,1,0.7433,High,Train
3294,1,0,0.4646,Medium,Train
3295,1,0,0.4797,Medium,Train
3298,1,0,0.4965,Medium,Train
3299,0,1,0.507,Medium,Train
3300,1,0,0.363,Medium,Train
3301,1,1,0.5384,Medium,Train
3302,1,0,0.4879,Medium,Train
3304,1,0,0.475,Medium,Test
3305,1,1,0.5117,Medium,Train
3306,1,1,0.5421,Medium,Train
3307,1,0,0.425,Medium,Train
3308,1,1,0.5197,Medium,Train
3309,1,0,0.4845,Medium,Train
3311,1,0,0.4554,Medium,Train
3312,1,1,0.6914,High,Train
3313,1,1,0.587,Medium,Train
3314,1,0,0.4966,Medium,Train
3315,1,0,0.4919,Medium,Train
3316,1,1,0.5336,Medium,Test
3317,1,0,0.4787,Medium,Train
3318,1,1,0.5097,Medium,Train
3319,1,0,0.4869,Medium,Train
3320,1,0,0.4707,Medium,Train
3321,1,1,0.5223,Medium,Train
3322,1,0,0.4163,Medium,Train
3323,1,1,0.5396,Medium,Train
3324,1,0,0.4252,Medium,Train
3325,1,1,0.6584,Medium,Train
3326,0,1,0.5092,Medium,Train
3327,1,1,0.5163,Medium,Train
3328,1,0,0.3946,Medium,Train
3329,1,1,0.5213,Medium,Train
3330,1,0,0.4632,Medium,Train
3332,1,0,0.4807,Medium,Train
3333,1,1,0.5167,Medium,Train
3334,1,1,0.5565,Medium,Train
3338,1,0,0.4444,Medium,Train
3340,1,1,0.5073,Medium,Train
3341,0,0,0.4645,Medium,Train
3343,1,1,0.5502,Medium,Train
3344,0,1,0.5247,Medium,Train
3345,1,0,0.4629,Medium,Train
3346,1,1,0.5004,Medium,Train
3347,1,0,0.4357,Medium,Train
3348,1,1,0.5356,Medium,Train
3353,1,0,0.4939,Medium,Train
3354,1,0,0.4664,Medium,Train
3355,1,1,0.5526,Medium,Train
3356,1,0,0.4927,Medium,Train
3357,1,0,0.4487,Medium,Train
3360,1,0,0.4016,Medium,Train
3361,1,1,0.5614,Medium,Train
3363,1,1,0.6349,Medium,Train
3364,1,1,0.5143,Medium,Train
3365,1,1,0.55,Medium,Test
3366,1,1,0.5039,Medium,Train
3367,1,1,0.6047,Medium,Train
3368,1,1,0.6721,High,Train
3369,0,0,0.411,Medium,Train
3370,1,0,0.4335,Medium,Train
3371,1,0,0.4799,Medium,Train
3373,1,1,0.5489,Medium,Train
3374,1,1,0.5203,Medium,Train
3375,1,1,0.5701,Medium,Train
3377,1,1,0.5524,Medium,Train
3379,1,1,0.5045,Medium,Test
3381,1,1,0.5218,Medium,Train
3382,0,1,0.64,Medium,Train
3383,1,0,0.4908,Medium,Test
3385,1,0,0.4544,Medium,Test
3386,1,1,0.528,Medium,Train
3387,1,0,0.4811,Medium,Train
3388,1,1,0.5637,Medium,Train
3389,1,0,0.4942,Medium,Train
3390,1,0,0.4769,Medium,Test
3391,1,0,0.4541,Medium,Train
3392,1,0,0.401,Medium,Train
3393,1,0,0.4667,Medium,Test
3394,1,0,0.4007,Medium,Train
3395,1,1,0.5338,Medium,Train
3396,1,1,0.6442,Medium,Train
3401,1,1,0.5212,Medium,Train
3402,1,0,0.4821,Medium,Train
3403,1,0,0.4013,Medium,Test
3405,1,1,0.5165,Medium,Train
3406,1,1,0.5683,Medium,Train
3408,1,0,0.4733,Medium,Test
3410,1,1,0.6167,Medium,Test
3411,1,0,0.3937,Medium,Train
3413,1,1,0.5238,Medium,Train
3414,1,0,0.3985,Medium,Test
3416,1,1,0.5522,Medium,Train
3417,1,1,0.5812,Medium,Train
3418,0,1,0.5485,Medium,Train
3419,1,1,0.6899,High,Test
3420,0,1,0.5915,Medium,Train
3422,1,0,0.448,Medium,Test
3423,1,1,0.5047,Medium,Train
3424,1,0,0.4489,Medium,Train
3425,1,1,0.6872,High,Train
3426,1,1,0.5344,Medium,Train
3427,1,1,0.6034,Medium,Test
3428,1,0,0.4581,Medium,Train
3429,1,0,0.4179,Medium,Train
3431,1,0,0.469,Medium,Test
3432,1,0,0.4882,Medium,Train
3433,1,0,0.4271,Medium,Train
3434,1,0,0.478,Medium,Train
3436,1,0,0.3916,Medium,Train
3437,1,0,0.4441,Medium,Train
3440,1,0,0.4545,Medium,Train
3442,1,1,0.554,Medium,Train
3443,1,1,0.531,Medium,Test
3444,1,1,0.5186,Medium,Train
3445,1,0,0.3253,Low,Train
3446,1,0,0.4086,Medium,Train
3448,1,0,0.4317,Medium,Train
3449,1,1,0.5279,Medium,Test
3451,1,0,0.4584,Medium,Test
3452,1,1,0.5845,Medium,Test
3453,1,1,0.5076,Medium,Train
3454,1,1,0.5449,Medium,Train
3455,1,1,0.5029,Medium,Train
3457,1,1,0.5945,Medium,Train
3459,1,1,0.5075,Medium,Train
3460,1,0,0.4714,Medium,Train
3461,1,0,0.3967,Medium,Test
3462,1,1,0.516,Medium,Train
3463,0,0,0.4642,Medium,Train
3464,1,0,0.4251,Medium,Train
3465,1,0,0.4298,Medium,Train
3466,0,0,0.4703,Medium,Train
3467,1,0,0.4543,Medium,Train
3468,1,0,0.4826,Medium,Train
3470,1,1,0.5088,Medium,Test
3471,1,0,0.4152,Medium,Train
3472,1,1,0.5687,Medium,Train
3474,1,1,0.5068,Medium,Train
3476,1,0,0.4827,Medium,Train
3477,0,1,0.6002,Medium,Train
3478,1,1,0.544,Medium,Test
3479,0,0,0.4641,Medium,Train
3480,0,0,0.4543,Medium,Test
3481,1,1,0.5284,Medium,Train
3482,1,0,0.4744,Medium,Test
3483,1,1,0.5559,Medium,Train
3485,0,0,0.4914,Medium,Train
3486,0,0,0.4311,Medium,Train
3487,0,1,0.5518,Medium,Train
3490,1,1,0.5352,Medium,Train
3491,1,1,0.5463,Medium,Train
3492,1,0,0.3982,Medium,Train
3494,0,1,0.5095,Medium,Train
3495,1,1,0.5364,Medium,Test
3496,1,0,0.4263,Medium,Train
3499,0,0,0.3875,Medium,Train
3500,1,1,0.5418,Medium,Train
3501,1,1,0.5133,Medium,Test
3502,1,0,0.4882,Medium,Train
3503,1,0,0.4974,Medium,Train
3504,1,1,0.5477,Medium,Train
3506,0,0,0.4208,Medium,Train
3507,1,0,0.4507,Medium,Train
3508,1,0,0.4964,Medium,Train
3510,1,0,0.4173,Medium,Train
3511,1,0,0.449,Medium,Train
3513,1,1,0.5595,Medium,Test
3515,1,1,0.5702,Medium,Train
3517,1,1,0.6398,Medium,Test
3518,1,1,0.5009,Medium,Train
3520,1,0,0.462,Medium,Train
3521,1,0,0.357,Medium,Test
3523,1,1,0.6262,Medium,Test
3524,1,1,0.5327,Medium,Train
3525,1,1,0.5677,Medium,Train
3527,1,1,0.556,Medium,Test
3528,1,1,0.5671,Medium,Train
3529,1,0,0.4986,Medium,Test
3530,1,0,0.4325,Medium,Train
3537,1,0,0.4483,Medium,Train
3539,1,1,0.5879,Medium,Test
3540,1,1,0.5032,Medium,Train
3541,1,0,0.4345,Medium,Train
3542,1,1,0.6819,High,Train
3543,1,1,0.5694,Medium,Train
3546,1,0,0.4071,Medium,Train
3548,1,1,0.5392,Medium,Train
3550,1,0,0.3888,Medium,Train
3552,1,1,0.5389,Medium,Train
3554,1,0,0.4446,Medium,Train
3555,1,0,0.4438,Medium,Train
3556,1,1,0.5128,Medium,Train
3558,1,0,0.4025,Medium,Train
3559,1,0,0.4575,Medium,Train
3560,1,0,0.4767,Medium,Train
3561,1,0,0.4866,Medium,Test
3563,1,1,0.5257,Medium,Train
3564,1,0,0.492,Medium,Train
3565,1,0,0.4933,Medium,Train
3566,1,0,0.4273,Medium,Train
3567,1,1,0.5024,Medium,Train
3568,1,0,0.4916,Medium,Train
3569,1,1,0.5452,Medium,Train
3570,1,1,0.5151,Medium,Train
3571,0,1,0.5171,Medium,Test
3572,1,0,0.443,Medium,Train
3573,1,1,0.5918,Medium,Train
3574,1,0,0.4698,Medium,Train
3575,1,1,0.5433,Medium,Train
3576,1,1,0.5221,Medium,Test
3578,1,0,0.4227,Medium,Train
3580,1,1,0.5782,Medium,Train
3581,1,1,0.5699,Medium,Train
3582,1,1,0.5553,Medium,Train
3583,1,1,0.5349,Medium,Test
3584,1,1,0.5181,Medium,Train
3585,0,0,0.3457,Medium,Train
3586,1,1,0.5487,Medium,Train
3587,1,1,0.5138,Medium,Test
3588,1,1,0.6148,Medium,Train
3589,0,0,0.4725,Medium,Test
3590,1,0,0.49,Medium,Train
3591,0,0,0.4683,Medium,Train
3593,1,0,0.4882,Medium,Test
3596,1,0,0.4645,Medium,Train
3597,1,0,0.4416,Medium,Test
3598,1,0,0.4819,Medium,Test
3599,1,1,0.5123,Medium,Train
3600,1,1,0.5305,Medium,Train
3601,1,1,0.5343,Medium,Train
3602,0,0,0.4529,Medium,Train
3603,1,0,0.4592,Medium,Train
3605,1,0,0.4293,Medium,Train
3607,1,1,0.5926,Medium,Train
3608,1,0,0.3849,Medium,Test
3609,1,1,0.534,Medium,Train
3610,1,0,0.4282,Medium,Train
3611,1,0,0.4664,Medium,Train
3613,1,1,0.5285,Medium,Train
3614,0,1,0.5609,Medium,Train
3615,1,1,0.5976,Medium,Train
3616,1,1,0.523,Medium,Train
3617,1,0,0.3707,Medium,Train
3618,1,0,0.4668,Medium,Test
3619,0,0,0.4406,Medium,Test
3621,1,0,0.4254,Medium,Train
3622,1,0,0.4939,Medium,Train
3623,0,1,0.5482,Medium,Train
3624,1,0,0.4708,Medium,Test
3625,1,0,0.4571,Medium,Test
3626,0,1,0.6176,Medium,Train
3628,1,1,0.5082,Medium,Train
3629,0,0,0.4548,Medium,Train
3630,1,0,0.416,Medium,Test
3631,1,1,0.5557,Medium,Train
3632,1,0,0.4708,Medium,Train
3633,1,1,0.5629,Medium,Train
3634,1,0,0.458,Medium,Train
3635,1,0,0.4274,Medium,Test
3637,1,1,0.642,Medium,Train
3638,1,1,0.5887,Medium,Train
3639,1,0,0.4484,Medium,Train
3640,1,0,0.3884,Medium,Train
3643,1,0,0.4894,Medium,Test
3644,0,0,0.4037,Medium,Test
3645,1,1,0.5341,Medium,Test
3646,1,1,0.5269,Medium,Train
3648,1,1,0.5253,Medium,Train
3650,1,1,0.5139,Medium,Train
3651,1,0,0.4425,Medium,Train
3652,1,1,0.7261,High,Train
3653,1,1,0.5295,Medium,Train
3654,1,1,0.639,Medium,Test
3655,1,0,0.4757,Medium,Train
3656,1,0,0.4748,Medium,Train
3657,1,0,0.4642,Medium,Train
3658,0,1,0.5049,Medium,Train
3659,1,0,0.4835,Medium,Train
3660,1,0,0.4926,Medium,Train
3661,1,0,0.4082,Medium,Train
3663,1,1,0.5573,Medium,Train
3665,1,0,0.4585,Medium,Train
3666,0,1,0.577,Medium,Train
3667,1,1,0.5222,Medium,Train
3668,1,1,0.5019,Medium,Train
3670,1,0,0.4343,Medium,Train
3671,1,1,0.5371,Medium,Train
3673,1,0,0.4998,Medium,Train
3674,1,0,0.3812,Medium,Train
3675,1,0,0.4994,Medium,Test
3676,1,1,0.5099,Medium,Test
3677,1,0,0.4905,Medium,Train
3678,1,0,0.4624,Medium,Test
3679,1,0,0.4412,Medium,Train
3680,1,1,0.5173,Medium,Train
3681,1,0,0.4935,Medium,Train
3682,1,1,0.5648,Medium,Train
3684,1,1,0.6035,Medium,Train
3687,1,1,0.5714,Medium,Test
3688,1,1,0.5381,Medium,Train
3689,1,1,0.5175,Medium,Train
3690,1,1,0.554,Medium,Test
3691,1,0,0.4501,Medium,Train
3692,1,0,0.4629,Medium,Train
3693,1,1,0.5321,Medium,Train
3695,1,0,0.4756,Medium,Test
3696,0,0,0.4602,Medium,Train
3697,1,1,0.546,Medium,Train
3698,1,1,0.5245,Medium,Train
3699,0,0,0.4819,Medium,Train
3701,1,1,0.525,Medium,Train
3702,1,1,0.5833,Medium,Train
3703,1,0,0.3788,Medium,Train
3704,0,1,0.5954,Medium,Train
3705,1,0,0.4695,Medium,Train
3706,1,0,0.4517,Medium,Train
3707,1,0,0.3983,Medium,Test
3709,1,1,0.5139,Medium,Train
3710,1,1,0.538,Medium,Train
3711,1,1,0.5072,Medium,Test
3712,1,1,0.6462,Medium,Train
3714,1,0,0.4242,Medium,Train
3716,1,0,0.4562,Medium,Train
3718,1,0,0.4452,Medium,Train
3719,1,1,0.5251,Medium,Train
3721,1,1,0.6896,High,Test
3722,1,0,0.3941,Medium,Train
3723,1,0,0.4601,Medium,Test
3724,1,1,0.5387,Medium,Train
3725,1,0,0.4793,Medium,Train
3728,1,1,0.6715,High,Train
3730,1,0,0.4921,Medium,Train
3731,1,0,0.4705,Medium,Train
3732,0,1,0.7199,High,Train
3733,1,0,0.434,Medium,Train
3734,1,1,0.5408,Medium,Train
3735,1,0,0.4633,Medium,Train
3736,1,1,0.6014,Medium,Test
3737,1,1,0.6362,Medium,Train
3738,1,0,0.4866,Medium,Train
3739,1,1,0.5291,Medium,Train
3741,1,1,0.5426,Medium,Train
3745,1,1,0.6444,Medium,Train
3746,1,1,0.5648,Medium,Train
3747,1,0,0.4937,Medium,Train
3748,1,1,0.554,Medium,Train
3751,1,1,0.5285,Medium,Train
3754,1,1,0.5308,Medium,Train
3755,1,1,0.5452,Medium,Train
3757,1,0,0.4361,Medium,Train
3758,1,0,0.4437,Medium,Train
3759,1,0,0.4131,Medium,Train
3760,1,1,0.5452,Medium,Train
3761,1,1,0.5332,Medium,Train
3762,0,0,0.4548,Medium,Train
3764,1,1,0.5224,Medium,Train
3767,0,0,0.4435,Medium,Train
3768,1,1,0.5623,Medium,Train
3770,0,0,0.482,Medium,Train
3771,1,1,0.5212,Medium,Train
3773,1,0,0.4965,Medium,Train
3774,1,1,0.5394,Medium,Train
3776,1,0,0.4542,Medium,Train
3777,1,0,0.4997,Medium,Train
3778,1,1,0.7227,High,Train
3779,1,1,0.5051,Medium,Train
3780,1,0,0.437,Medium,Test
3781,1,0,0.4676,Medium,Train
3782,0,1,0.6505,Medium,Train
3784,1,1,0.5282,Medium,Test
3785,1,1,0.5928,Medium,Train
3786,1,0,0.477,Medium,Train
3788,0,1,0.5551,Medium,Test
3790,1,0,0.4093,Medium,Test
3791,1,1,0.6415,Medium,Train
3792,1,1,0.5169,Medium,Train
3793,1,1,0.6816,High,Train
3795,1,0,0.3604,Medium,Train
3796,1,0,0.4513,Medium,Train
3797,1,0,0.4349,Medium,Train
3798,1,0,0.472,Medium,Train
3799,1,1,0.5354,Medium,Train
3800,0,0,0.4439,Medium,Train
3801,1,1,0.5389,Medium,Train
3802,1,0,0.4449,Medium,Train
3803,0,0,0.4858,Medium,Train
3804,1,1,0.5576,Medium,Train
3805,1,1,0.5712,Medium,Train
3806,0,1,0.5463,Medium,Train
3809,1,0,0.4742,Medium,Train
3810,0,1,0.5275,Medium,Train
3811,1,1,0.6034,Medium,Train
3812,1,1,0.5174,Medium,Train
3813,1,1,0.5591,Medium,Train
3814,1,0,0.4279,Medium,Train
3815,1,0,0.4606,Medium,Train
3816,1,1,0.557,Medium,Train
3817,1,0,0.4315,Medium,Test
3818,1,1,0.5297,Medium,Test
3820,1,1,0.5548,Medium,Train
3823,0,0,0.476,Medium,Train
3825,1,1,0.5474,Medium,Train
3826,1,1,0.5049,Medium,Train
3828,1,1,0.5234,Medium,Train
3829,1,1,0.5517,Medium,Train
3830,1,0,0.4719,Medium,Test
3831,1,1,0.5204,Medium,Test
3832,1,1,0.5218,Medium,Train
3833,1,0,0.4494,Medium,Train
3834,1,1,0.6765,High,Train
3836,1,1,0.5628,Medium,Test
3837,1,1,0.5373,Medium,Test
3839,1,0,0.4447,Medium,Train
3841,1,0,0.4955,Medium,Test
3842,1,0,0.4818,Medium,Train
3843,1,0,0.4362,Medium,Train
3844,1,0,0.4804,Medium,Train
3845,1,1,0.5093,Medium,Train
3846,1,1,0.5114,Medium,Train
3847,0,0,0.398,Medium,Train
3848,1,1,0.7,High,Train
3849,1,1,0.5879,Medium,Train
3850,1,0,0.4789,Medium,Train
3851,1,0,0.434,Medium,Train
3852,1,0,0.4765,Medium,Train
3854,1,1,0.5029,Medium,Train
3855,0,1,0.5033,Medium,Train
3856,0,0,0.4615,Medium,Train
3857,1,0,0.3833,Medium,Train
3858,1,0,0.4318,Medium,Train
3859,1,1,0.5591,Medium,Train
3860,1,1,0.5397,Medium,Train
3861,0,0,0.4761,Medium,Train
3862,1,1,0.6388,Medium,Train
3863,1,1,0.5064,Medium,Train
3864,1,0,0.441,Medium,Test
3865,1,1,0.5039,Medium,Train
3866,1,0,0.4618,Medium,Train
3867,1,1,0.624,Medium,Train
3868,1,0,0.4655,Medium,Test
3869,1,1,0.6965,High,Train
3870,1,0,0.4941,Medium,Train
3871,1,1,0.5474,Medium,Train
3872,1,1,0.5235,Medium,Test
3873,0,1,0.5162,Medium,Train
3874,1,1,0.5289,Medium,Train
3875,1,0,0.4626,Medium,Test
3877,1,0,0.475,Medium,Train
3878,1,0,0.4501,Medium,Train
3879,0,1,0.6558,Medium,Train
3880,1,0,0.3688,Medium,Train
3881,1,0,0.4784,Medium,Train
3882,0,1,0.5539,Medium,Train
3883,1,1,0.5667,Medium,Train
3885,1,1,0.513,Medium,Train
3886,1,0,0.4784,Medium,Train
3887,1,1,0.5291,Medium,Train
3888,1,0,0.4658,Medium,Train
3889,1,1,0.6203,Medium,Train
3890,1,0,0.4762,Medium,Train
3891,1,0,0.4482,Medium,Test
3892,1,0,0.4895,Medium,Train
3893,1,1,0.5626,Medium,Test
3894,1,0,0.4572,Medium,Test
3895,1,0,0.4697,Medium,Train
3897,1,0,0.4569,Medium,Train
3898,1,1,0.5253,Medium,Train
3900,1,0,0.4843,Medium,Train
3901,1,0,0.4111,Medium,Train
3902,1,0,0.493,Medium,Train
3903,0,0,0.3897,Medium,Train
3904,1,1,0.5887,Medium,Train
3905,1,0,0.4698,Medium,Train
3906,0,0,0.4942,Medium,Train
3908,1,1,0.554,Medium,Train
3909,1,0,0.4278,Medium,Train
3910,1,1,0.5533,Medium,Train
3911,1,1,0.6775,High,Train
3912,1,0,0.4746,Medium,Train
3913,1,1,0.5063,Medium,Train
3914,1,0,0.434,Medium,Train
3916,1,0,0.4795,Medium,Train
3919,1,1,0.5583,Medium,Train
3920,1,0,0.4931,Medium,Train
3921,1,0,0.3895,Medium,Train
3922,1,1,0.5266,Medium,Train
3923,1,0,0.4912,Medium,Train
3925,1,1,0.5172,Medium,Train
3926,0,1,0.5425,Medium,Test
3927,1,0,0.4816,Medium,Train
3928,1,0,0.4693,Medium,Train
3929,1,1,0.552,Medium,Train
3930,0,1,0.5522,Medium,Train
3931,0,0,0.4742,Medium,Train
3932,0,0,0.4601,Medium,Test
3933,1,1,0.5021,Medium,Test
3934,1,0,0.43,Medium,Train
3935,0,1,0.5287,Medium,Train
3936,1,0,0.4845,Medium,Test
3937,1,0,0.4813,Medium,Test
3938,1,0,0.4806,Medium,Train
3939,1,0,0.4633,Medium,Test
3940,1,1,0.5241,Medium,Train
3941,1,0,0.4892,Medium,Train
3942,1,1,0.5907,Medium,Train
3943,1,0,0.3832,Medium,Test
3944,1,1,0.5131,Medium,Train
3946,1,1,0.5455,Medium,Test
3947,1,1,0.5306,Medium,Test
3949,1,0,0.4751,Medium,Train
3951,1,1,0.5924,Medium,Train
3952,1,1,0.508,Medium,Train
3953,1,1,0.5272,Medium,Train
3954,0,0,0.4782,Medium,Test
3955,1,0,0.4927,Medium,Test
3957,1,1,0.5382,Medium,Train
3958,1,0,0.4989,Medium,Train
3959,1,1,0.5026,Medium,Train
3960,1,0,0.4827,Medium,Train
3962,1,1,0.5097,Medium,Train
3963,1,1,0.5333,Medium,Train
3964,1,1,0.5858,Medium,Train
3966,1,1,0.5545,Medium,Train
3967,1,1,0.6238,Medium,Test
3968,1,0,0.4276,Medium,Train
3970,1,0,0.4916,Medium,Test
3971,1,1,0.5116,Medium,Test
3972,1,0,0.4406,Medium,Train
3973,1,1,0.5109,Medium,Train
3974,1,0,0.4804,Medium,Test
3975,1,1,0.512,Medium,Train
3976,0,0,0.4657,Medium,Test
3977,1,1,0.5132,Medium,Train
3978,1,0,0.4926,Medium,Train
3979,1,0,0.4599,Medium,Train
3980,1,1,0.5533,Medium,Test
3981,1,0,0.4452,Medium,Train
3982,1,1,0.5086,Medium,Train
3983,1,0,0.39,Medium,Train
3984,1,1,0.6077,Medium,Train
3985,1,0,0.4831,Medium,Train
3986,1,0,0.4805,Medium,Train
3987,0,0,0.4788,Medium,Train
3990,1,1,0.5088,Medium,Test
3991,1,0,0.4929,Medium,Train
3992,1,0,0.4076,Medium,Train
3993,1,0,0.4841,Medium,Train
3994,1,0,0.371,Medium,Train
3995,1,0,0.4509,Medium,Train
3996,0,1,0.5302,Medium,Train
3997,1,1,0.5196,Medium,Train
3998,1,0,0.486,Medium,Train
3999,0,0,0.4408,Medium,Train
4000,1,1,0.54,Medium,Train
4002,1,0,0.436,Medium,Test
4003,1,1,0.5655,Medium,Train
4004,1,1,0.5231,Medium,Train
4005,1,0,0.4434,Medium,Train
4006,0,1,0.5149,Medium,Train
4007,1,1,0.602,Medium,Train
4008,1,0,0.4737,Medium,Train
4009,1,0,0.4743,Medium,Train
4011,1,0,0.476,Medium,Test
4017,1,0,0.4145,Medium,Test
4018,1,0,0.4705,Medium,Train
4022,0,0,0.3748,Medium,Test
4023,1,1,0.8031,High,Train
4024,1,0,0.4637,Medium,Test
4025,0,0,0.4922,Medium,Test
4026,1,0,0.4319,Medium,Train
4027,1,0,0.4825,Medium,Test
4028,1,1,0.5153,Medium,Train
4030,1,0,0.4695,Medium,Train
4032,1,0,0.4912,Medium,Train
4033,1,1,0.5253,Medium,Train
4034,1,0,0.4975,Medium,Test
4035,1,1,0.5322,Medium,Train
4036,1,0,0.4079,Medium,Train
4037,1,0,0.4741,Medium,Train
4040,0,1,0.5787,Medium,Test
4042,1,0,0.4657,Medium,Train
4043,1,1,0.6456,Medium,Train
4044,1,0,0.4556,Medium,Test
4045,1,1,0.566,Medium,Train
4046,1,1,0.5112,Medium,Train
4047,1,0,0.4087,Medium,Train
4049,1,1,0.5581,Medium,Train
4050,1,1,0.5369,Medium,Train
4052,1,0,0.4729,Medium,Train
4053,1,0,0.4702,Medium,Train
4055,1,0,0.4693,Medium,Test
4056,0,0,0.419,Medium,Test
4057,0,0,0.4852,Medium,Train
4058,1,1,0.5524,Medium,Train
4060,1,0,0.4225,Medium,Train
4062,1,0,0.4601,Medium,Train
4063,1,1,0.5069,Medium,Train
4064,1,1,0.5553,Medium,Train
4066,0,1,0.5231,Medium,Train
4067,1,1,0.5797,Medium,Train
4068,1,0,0.4538,Medium,Test
4069,1,1,0.5031,Medium,Train
4070,1,1,0.5563,Medium,Train
4071,1,1,0.5695,Medium,Train
4072,1,1,0.5397,Medium,Train
4073,1,1,0.635,Medium,Train
4074,1,1,0.5821,Medium,Test
4075,1,1,0.5084,Medium,Train
4076,1,1,0.6797,High,Test
4077,1,0,0.4866,Medium,Train
4081,1,1,0.527,Medium,Train
4082,1,0,0.4466,Medium,Train
4086,1,0,0.4521,Medium,Train
4087,1,1,0.5044,Medium,Train
4088,1,0,0.4542,Medium,Train
4090,1,1,0.5095,Medium,Train
4091,1,0,0.3917,Medium,Train
4092,1,1,0.5246,Medium,Test
4094,1,1,0.5232,Medium,Train
4098,0,0,0.4733,Medium,Train
4099,1,0,0.3878,Medium,Train
4100,1,1,0.5737,Medium,Train
4101,1,1,0.5246,Medium,Train
4102,1,1,0.5109,Medium,Train
4103,1,0,0.4438,Medium,Test
4104,0,1,0.559,Medium,Test
4105,1,0,0.4917,Medium,Train
4106,1,1,0.5105,Medium,Train
4107,1,0,0.4675,Medium,Train
4109,1,1,0.5671,Medium,Train
4110,1,0,0.4775,Medium,Train
4111,1,0,0.4802,Medium,Train
4112,1,0,0.3886,Medium,Test
4113,1,0,0.4718,Medium,Test
4114,0,1,0.597,Medium,Test
4115,0,0,0.4962,Medium,Train
4116,1,1,0.5085,Medium,Train
4117,1,1,0.55,Medium,Train
4118,1,1,0.565,Medium,Train
4119,1,1,0.5763,Medium,Train
4120,1,1,0.6737,High,Train
4121,1,1,0.6288,Medium,Train
4122,1,1,0.5145,Medium,Train
4124,1,1,0.6887,High,Train
4125,1,1,0.5726,Medium,Train
4126,0,0,0.4846,Medium,Train
4128,1,0,0.429,Medium,Train
4129,1,0,0.4871,Medium,Train
4130,1,0,0.4938,Medium,Train
4131,1,1,0.5425,Medium,Test
4132,1,0,0.4631,Medium,Train
4133,1,1,0.5095,Medium,Train
4135,1,0,0.4266,Medium,Train
4136,1,0,0.4548,Medium,Test
4137,1,1,0.5815,Medium,Train
4138,1,0,0.489,Medium,Train
4140,0,0,0.4733,Medium,Train
4141,1,0,0.4498,Medium,Train
4142,1,0,0.3839,Medium,Test
4143,1,0,0.4969,Medium,Train
4144,0,0,0.48,Medium,Train
4145,1,0,0.4538,Medium,Test
4146,1,1,0.5475,Medium,Train
4147,1,1,0.5039,Medium,Train
4148,1,0,0.4148,Medium,Train
4151,1,0,0.3755,Medium,Train
4154,1,0,0.4304,Medium,Train
4155,1,1,0.5394,Medium,Train
4156,1,1,0.526,Medium,Test
4157,1,0,0.4711,Medium,Train
4158,0,0,0.4638,Medium,Test
4160,1,1,0.5207,Medium,Test
4162,1,1,0.5312,Medium,Train
4163,0,0,0.4087,Medium,Train
4167,1,1,0.6979,High,Train
4168,1,1,0.569,Medium,Test
4170,1,1,0.587,Medium,Train
4171,1,1,0.5048,Medium,Train
4172,1,1,0.5545,Medium,Train
4173,1,0,0.4478,Medium,Train
4175,1,0,0.4858,Medium,Train
4176,1,1,0.6157,Medium,Test
4177,1,0,0.4291,Medium,Train
4178,1,1,0.5911,Medium,Train
4179,1,0,0.3862,Medium,Test
4180,1,0,0.4297,Medium,Train
4181,1,0,0.4612,Medium,Train
4183,0,0,0.4099,Medium,Train
4184,1,0,0.4232,Medium,Train
4186,0,1,0.5168,Medium,Test
4187,0,0,0.4981,Medium,Test
4188,1,0,0.4164,Medium,Train
4189,1,0,0.4194,Medium,Train
4191,1,1,0.5717,Medium,Train
4192,1,1,0.5119,Medium,Train
4195,1,1,0.5135,Medium,Train
4196,1,0,0.4291,Medium,Train
4197,1,0,0.4096,Medium,Train
4198,1,0,0.4614,Medium,Train
4199,1,1,0.5735,Medium,Train
4200,1,1,0.5838,Medium,Train
4201,1,1,0.5889,Medium,Test
4203,1,0,0.4713,Medium,Train
4204,0,1,0.5288,Medium,Test
4205,1,1,0.5362,Medium,Test
4206,1,0,0.4349,Medium,Train
4208,1,1,0.5157,Medium,Train
4209,0,1,0.5731,Medium,Train
4210,1,1,0.5991,Medium,Train
4211,1,1,0.6444,Medium,Train
4213,1,0,0.4932,Medium,Test
4215,1,1,0.6297,Medium,Train
4217,1,0,0.4711,Medium,Train
4218,1,1,0.5087,Medium,Train
4220,1,1,0.6022,Medium,Train
4221,1,1,0.6601,High,Test
4223,1,1,0.5773,Medium,Train
4224,1,1,0.5261,Medium,Train
4226,1,0,0.4325,Medium,Train
4227,1,1,0.5514,Medium,Train
4228,1,1,0.5669,Medium,Train
4229,1,1,0.5879,Medium,Train
4230,0,1,0.526,Medium,Train
4231,1,0,0.4844,Medium,Train
4233,0,1,0.5184,Medium,Train
4234,1,0,0.4934,Medium,Train
4236,1,0,0.4953,Medium,Train
4238,1,0,0.4667,Medium,Train
4239,1,0,0.434,Medium,Train
4241,1,1,0.5314,Medium,Train
4242,1,1,0.5164,Medium,Test
4244,1,1,0.6693,High,Train
4245,1,0,0.4841,Medium,Train
4246,1,1,0.5582,Medium,Train
4247,1,0,0.4581,Medium,Train
4248,1,0,0.3915,Medium,Train
4249,1,1,0.5041,Medium,Test
4251,1,1,0.5551,Medium,Train
4252,0,0,0.4503,Medium,Test
4253,1,0,0.4673,Medium,Train
4254,1,0,0.4576,Medium,Train
4255,1,0,0.4786,Medium,Train
4257,1,0,0.4078,Medium,Train
4258,1,1,0.6453,Medium,Train
4259,1,1,0.5818,Medium,Train
4260,0,0,0.3692,Medium,Train
4262,1,0,0.4631,Medium,Train
4263,0,1,0.5711,Medium,Train
4265,1,1,0.5929,Medium,Train
4266,1,0,0.4948,Medium,Test
4268,1,1,0.5114,Medium,Train
4269,1,1,0.5838,Medium,Train
4271,1,1,0.5352,Medium,Train
4272,1,1,0.5185,Medium,Train
4273,0,0,0.477,Medium,Train
4274,1,0,0.4511,Medium,Test
4275,1,1,0.5461,Medium,Test
4276,1,1,0.5428,Medium,Train
4277,1,0,0.4668,Medium,Test
4278,1,0,0.4353,Medium,Train
4279,1,0,0.485,Medium,Train
4280,1,0,0.4769,Medium,Train
4281,1,0,0.4406,Medium,Train
4282,1,1,0.5947,Medium,Train
4284,1,1,0.5015,Medium,Train
4285,1,0,0.4982,Medium,Train
4286,1,0,0.46,Medium,Test
4287,0,1,0.6729,High,Test
4289,1,1,0.5404,Medium,Train
4290,1,1,0.5875,Medium,Train
4291,1,1,0.5237,Medium,Train
4294,0,0,0.3943,Medium,Train
4295,1,1,0.5044,Medium,Train
4297,1,0,0.4538,Medium,Train
4298,1,1,0.557,Medium,Train
4300,1,0,0.4081,Medium,Test
4301,1,0,0.4845,Medium,Train
4302,1,0,0.4609,Medium,Train
4303,1,1,0.5394,Medium,Test
4304,0,0,0.3778,Medium,Train
4307,1,1,0.5812,Medium,Train
4308,1,1,0.5995,Medium,Test
4309,1,1,0.567,Medium,Test
4311,0,1,0.63,Medium,Train
4312,0,0,0.4989,Medium,Train
4313,1,1,0.5377,Medium,Train
4314,1,1,0.5595,Medium,Train
4315,1,1,0.5222,Medium,Train
4316,1,1,0.5237,Medium,Train
4317,1,1,0.684,High,Test
4318,1,0,0.4256,Medium,Train
4319,1,0,0.4605,Medium,Train
4320,0,1,0.5032,Medium,Test
4321,1,0,0.4542,Medium,Train
4322,1,1,0.6034,Medium,Train
4323,0,0,0.4176,Medium,Train
4324,1,1,0.5988,Medium,Test
4325,0,0,0.4458,Medium,Train
4326,1,1,0.5215,Medium,Train
4327,1,1,0.597,Medium,Test
4329,1,0,0.4899,Medium,Train
4331,1,0,0.4482,Medium,Train
4333,1,0,0.3947,Medium,Train
4334,0,0,0.4583,Medium,Test
4337,1,1,0.5595,Medium,Train
4338,1,1,0.5095,Medium,Train
4339,1,0,0.4862,Medium,Train
4340,1,0,0.4985,Medium,Test
4341,1,1,0.5496,Medium,Test
4342,1,1,0.6679,High,Train
4343,1,1,0.5815,Medium,Train
4344,1,1,0.5229,Medium,Train
4345,1,0,0.4417,Medium,Test
4346,1,1,0.5965,Medium,Train
4347,1,0,0.435,Medium,Train
4349,0,0,0.4944,Medium,Train
4350,1,0,0.4911,Medium,Train
4351,1,0,0.4157,Medium,Train
4353,1,1,0.5193,Medium,Train
4357,0,0,0.4753,Medium,Train
4358,1,1,0.53,Medium,Test
4359,1,1,0.5184,Medium,Train
4360,1,1,0.5542,Medium,Train
4361,1,0,0.4311,Medium,Train
4362,1,1,0.5256,Medium,Train
4363,1,1,0.6132,Medium,Test
4365,1,1,0.5068,Medium,Train
4366,1,1,0.5536,Medium,Train
4367,1,1,0.5601,Medium,Train
4369,1,0,0.4452,Medium,Train
4370,1,1,0.6324,Medium,Train
4371,0,1,0.5715,Medium,Train
4372,0,0,0.4943,Medium,Train
4373,1,0,0.47,Medium,Train
4374,1,0,0.4411,Medium,Train
4378,1,1,0.5385,Medium,Train
4379,1,0,0.4726,Medium,Train
4380,0,1,0.512,Medium,Train
4381,1,1,0.5184,Medium,Test
4383,1,1,0.5765,Medium,Train
4384,1,1,0.5305,Medium,Train
4386,1,0,0.477,Medium,Train
4387,1,0,0.4504,Medium,Train
4388,1,0,0.4452,Medium,Train
4389,1,0,0.4284,Medium,Train
4390,0,0,0.4968,Medium,Train
4391,0,0,0.4234,Medium,Train
4392,1,1,0.5619,Medium,Train
4393,1,1,0.5966,Medium,Train
4394,1,0,0.4561,Medium,Train
4395,1,0,0.4699,Medium,Train
4396,1,0,0.4416,Medium,Test
4397,1,1,0.5301,Medium,Train
4399,1,1,0.5207,Medium,Train
4400,1,1,0.5812,Medium,Train
4401,1,1,0.609,Medium,Train
4403,1,1,0.5507,Medium,Test
4404,1,1,0.6607,High,Train
4405,1,0,0.4821,Medium,Test
4406,1,1,0.577,Medium,Train
4409,1,1,0.5206,Medium,Train
4410,0,0,0.4305,Medium,Train
4411,1,1,0.5865,Medium,Train
4412,1,0,0.4633,Medium,Train
4413,1,0,0.4337,Medium,Train
4415,1,0,0.4849,Medium,Test
4416,1,0,0.491,Medium,Train
4417,0,0,0.4833,Medium,Train
4418,1,1,0.6202,Medium,Test
4420,0,1,0.5001,Medium,Train
4422,1,0,0.4982,Medium,Train
4424,1,1,0.7101,High,Train
4429,1,0,0.4017,Medium,Train
4430,1,1,0.5786,Medium,Train
4431,0,1,0.6422,Medium,Train
4433,1,1,0.6118,Medium,Train
4438,1,0,0.4336,Medium,Test
4439,1,0,0.4375,Medium,Train
4440,0,0,0.4784,Medium,Train
4441,1,1,0.5055,Medium,Train
4442,1,0,0.422,Medium,Train
4443,1,1,0.5795,Medium,Test
4444,1,0,0.4336,Medium,Test
4445,1,1,0.5056,Medium,Test
4446,1,1,0.5145,Medium,Train
4447,0,1,0.5105,Medium,Train
4450,1,1,0.5811,Medium,Train
4451,1,1,0.5433,Medium,Train
4452,1,0,0.4829,Medium,Test
4453,0,0,0.4703,Medium,Train
4455,1,0,0.4833,Medium,Train
4456,1,0,0.3514,Medium,Train
4458,1,1,0.5427,Medium,Train
4459,0,1,0.5549,Medium,Train
4460,1,1,0.5455,Medium,Train
4461,1,0,0.4783,Medium,Train
4462,1,0,0.4547,Medium,Test
4464,1,1,0.5571,Medium,Train
4465,1,0,0.4602,Medium,Test
4467,1,0,0.4773,Medium,Train
4468,1,0,0.4139,Medium,Test
4469,1,0,0.4691,Medium,Test
4470,1,0,0.4249,Medium,Train
4471,1,1,0.545,Medium,Train
4472,1,1,0.7523,High,Train
4473,1,0,0.4329,Medium,Test
4474,1,1,0.5626,Medium,Train
4475,1,1,0.537,Medium,Train
4476,1,1,0.5084,Medium,Train
4477,1,1,0.5876,Medium,Train
4478,1,1,0.5346,Medium,Train
4482,1,1,0.5488,Medium,Test
4483,1,1,0.5764,Medium,Train
4485,0,0,0.4188,Medium,Train
4486,1,0,0.4174,Medium,Train
4488,1,0,0.4837,Medium,Train
4489,1,0,0.4032,Medium,Train
4491,1,1,0.5107,Medium,Test
4492,1,0,0.405,Medium,Train
4493,1,1,0.5196,Medium,Train
4494,1,0,0.4982,Medium,Train
4496,1,0,0.4895,Medium,Train
4497,1,0,0.4091,Medium,Train
4498,1,0,0.43,Medium,Train
4499,0,0,0.4323,Medium,Train
4500,1,0,0.4939,Medium,Test
4502,1,1,0.5209,Medium,Train
4503,1,1,0.6524,Medium,Test
4504,1,1,0.5208,Medium,Train
4505,1,1,0.5262,Medium,Test
4506,0,1,0.5605,Medium,Train
4507,1,0,0.4913,Medium,Train
4508,1,0,0.4939,Medium,Train
4509,1,1,0.5244,Medium,Train
4512,1,0,0.4745,Medium,Train
4513,1,0,0.491,Medium,Train
4514,1,1,0.5657,Medium,Train
4515,1,0,0.4651,Medium,Train
4516,1,0,0.383,Medium,Train
4517,1,1,0.5184,Medium,Train
4518,1,0,0.4666,Medium,Test
4519,1,0,0.4511,Medium,Train
4520,1,1,0.5001,Medium,Train
4522,1,0,0.4863,Medium,Train
4523,1,0,0.4593,Medium,Test
4524,1,0,0.4839,Medium,Train
4525,1,1,0.5446,Medium,Train
4528,1,0,0.4721,Medium,Train
4529,1,1,0.622,Medium,Train
4530,1,0,0.4011,Medium,Train
4531,1,0,0.4735,Medium,Train
4533,1,1,0.5306,Medium,Test
4534,1,1,0.5836,Medium,Train
4535,0,0,0.4094,Medium,Train
4537,1,0,0.4512,Medium,Train
4538,1,1,0.5523,Medium,Train
4539,1,1,0.5147,Medium,Train
4540,1,1,0.517,Medium,Train
4541,1,1,0.5301,Medium,Train
4543,1,0,0.3967,Medium,Test
4546,1,1,0.55,Medium,Train
4547,0,1,0.5254,Medium,Test
4548,1,0,0.4598,Medium,Train
4549,0,1,0.5031,Medium,Train
4550,1,1,0.5052,Medium,Train
4551,1,1,0.5176,Medium,Test
4552,1,1,0.5665,Medium,Train
4553,1,0,0.4113,Medium,Test
4554,1,0,0.4598,Medium,Train
4556,1,1,0.5462,Medium,Train
4557,1,1,0.5329,Medium,Test
4560,1,1,0.5759,Medium,Train
4562,1,0,0.4442,Medium,Train
4565,1,0,0.3869,Medium,Train
4566,1,0,0.4313,Medium,Test
4567,1,1,0.5757,Medium,Train
4568,1,0,0.4721,Medium,Train
4569,1,1,0.5074,Medium,Train
4572,1,0,0.4599,Medium,Train
4573,1,0,0.4025,Medium,Train
4574,1,1,0.7468,High,Train
4575,1,1,0.5123,Medium,Train
4577,0,1,0.5172,Medium,Train
4578,1,0,0.4201,Medium,Train
4582,1,1,0.5903,Medium,Train
4583,1,0,0.364,Medium,Train
4584,1,1,0.6083,Medium,Train
4585,0,1,0.5737,Medium,Test
4586,1,0,0.4027,Medium,Train
4587,1,0,0.438,Medium,Train
4589,1,1,0.6101,Medium,Test
4590,1,1,0.5063,Medium,Train
4591,1,1,0.5286,Medium,Train
4592,1,1,0.5225,Medium,Train
4593,1,1,0.5418,Medium,Train
4594,1,1,0.5798,Medium,Train
4595,0,0,0.4732,Medium,Train
4596,1,1,0.5336,Medium,Test
4597,1,1,0.7175,High,Train
4598,1,0,0.4657,Medium,Train
4599,1,1,0.6473,Medium,Test
4600,1,0,0.4013,Medium,Train
4602,1,1,0.7173,High,Train
4603,1,1,0.6799,High,Train
4604,1,0,0.3829,Medium,Train
4605,1,1,0.5027,Medium,Test
4606,1,1,0.5573,Medium,Train
4607,1,1,0.5107,Medium,Train
4608,1,0,0.4962,Medium,Test
4609,1,0,0.4945,Medium,Test
4610,1,1,0.566,Medium,Test
4612,0,0,0.4744,Medium,Train
4613,0,1,0.5144,Medium,Train
4614,0,0,0.4542,Medium,Train
4616,1,0,0.4828,Medium,Train
4617,1,0,0.3987,Medium,Train
4618,1,1,0.5234,Medium,Test
4621,1,0,0.4365,Medium,Train
4622,1,1,0.5236,Medium,Train
4623,1,0,0.3867,Medium,Train
4624,1,1,0.6586,Medium,Train
4625,1,1,0.6417,Medium,Train
4626,1,0,0.3984,Medium,Train
4627,1,0,0.4928,Medium,Train
4628,1,1,0.5407,Medium,Train
4629,1,1,0.6465,Medium,Train
4630,1,1,0.5708,Medium,Test
4631,1,0,0.4903,Medium,Train
4632,1,1,0.6402,Medium,Train
4634,1,0,0.4443,Medium,Test
4636,1,1,0.6117,Medium,Test
4637,1,1,0.5036,Medium,Train
4638,1,0,0.4856,Medium,Train
4639,0,1,0.5043,Medium,Train
4640,1,1,0.5192,Medium,Test
4641,1,0,0.4777,Medium,Test
4642,0,0,0.4988,Medium,Train
4643,1,1,0.5267,Medium,Test
4644,1,1,0.5114,Medium,Test
4647,1,1,0.5171,Medium,Train
4648,1,0,0.492,Medium,Train
4650,1,1,0.5944,Medium,Train
4651,1,1,0.6576,Medium,Train
4652,1,1,0.533,Medium,Train
4653,1,0,0.478,Medium,Test
4654,1,0,0.4712,Medium,Train
4656,1,0,0.38,Medium,Test
4657,0,0,0.4568,Medium,Train
4658,1,1,0.5177,Medium,Train
4659,1,0,0.4919,Medium,Test
4660,1,0,0.4012,Medium,Test
4662,1,1,0.5969,Medium,Test
4663,1,1,0.5885,Medium,Train
4664,1,0,0.4806,Medium,Train
4665,1,1,0.5125,Medium,Train
4666,0,1,0.5317,Medium,Train
4667,1,1,0.5548,Medium,Train
4668,1,0,0.4028,Medium,Train
4669,1,1,0.5323,Medium,Train
4670,1,0,0.3936,Medium,Train
4672,1,0,0.4408,Medium,Train
4673,0,0,0.4814,Medium,Train
4675,1,0,0.4764,Medium,Test
4676,1,0,0.4222,Medium,Train
4677,1,0,0.4535,Medium,Train
4678,1,0,0.4989,Medium,Train
4679,1,0,0.462,Medium,Train
4680,1,1,0.5494,Medium,Train
4681,0,1,0.5392,Medium,Train
4682,0,1,0.6199,Medium,Train
4683,1,1,0.5386,Medium,Train
4684,0,1,0.5288,Medium,Train
4685,0,0,0.4268,Medium,Train
4686,1,1,0.5113,Medium,Train
4687,1,0,0.4522,Medium,Train
4688,1,1,0.5025,Medium,Train
4690,1,1,0.6392,Medium,Train
4691,0,0,0.4264,Medium,Test
4692,1,1,0.632,Medium,Test
4693,1,0,0.4745,Medium,Train
4694,1,1,0.5195,Medium,Train
4697,1,0,0.4986,Medium,Train
4698,1,0,0.4988,Medium,Test
4700,1,0,0.4586,Medium,Train
4702,1,0,0.4627,Medium,Train
4703,1,1,0.5795,Medium,Train
4705,1,1,0.5162,Medium,Train
4706,1,0,0.4203,Medium,Train
4708,1,0,0.4687,Medium,Train
4709,1,1,0.5309,Medium,Test
4710,1,0,0.4885,Medium,Test
4711,1,0,0.4064,Medium,Test
4713,1,0,0.4682,Medium,Train
4714,1,0,0.4304,Medium,Train
4715,1,1,0.5134,Medium,Train
4716,1,0,0.486,Medium,Test
4717,1,0,0.4389,Medium,Test
4718,1,1,0.5935,Medium,Train
4719,1,1,0.5404,Medium,Test
4721,1,1,0.5073,Medium,Test
4724,1,0,0.4561,Medium,Train
4725,1,1,0.5387,Medium,Train
4726,1,0,0.4247,Medium,Train
4727,1,0,0.4584,Medium,Train
4728,1,1,0.5238,Medium,Train
4730,1,0,0.4909,Medium,Test
4731,1,0,0.4081,Medium,Train
4732,1,1,0.6327,Medium,Test
4738,1,1,0.5581,Medium,Train
4740,1,0,0.4439,Medium,Train
4741,1,0,0.434,Medium,Train
4742,1,1,0.5542,Medium,Train
4743,1,1,0.7036,High,Train
4745,1,1,0.6624,High,Train
4747,1,1,0.6769,High,Train
4748,1,0,0.4288,Medium,Test
4749,1,0,0.4342,Medium,Train
4750,1,1,0.5196,Medium,Train
4751,1,1,0.5121,Medium,Train
4752,0,0,0.4428,Medium,Train
4753,1,0,0.4137,Medium,Train
4754,0,0,0.4452,Medium,Train
4756,1,0,0.413,Medium,Train
4757,1,1,0.5617,Medium,Train
4758,1,0,0.4992,Medium,Train
4759,1,0,0.4625,Medium,Train
4760,1,1,0.5043,Medium,Train
4762,1,1,0.6718,High,Train
4763,1,1,0.5408,Medium,Train
4765,1,1,0.5213,Medium,Train
4766,1,1,0.5455,Medium,Train
4768,1,1,0.6012,Medium,Train
4769,1,1,0.5076,Medium,Train
4770,1,0,0.4655,Medium,Train
4771,1,0,0.4801,Medium,Train
4772,1,1,0.6311,Medium,Test
4773,1,0,0.4119,Medium,Train
4774,1,0,0.4405,Medium,Train
4775,1,1,0.6017,Medium,Train
4776,1,1,0.535,Medium,Train
4777,1,0,0.401,Medium,Train
4779,1,1,0.6159,Medium,Test
4780,1,1,0.5123,Medium,Train
4781,1,0,0.4747,Medium,Train
4782,1,0,0.3962,Medium,Train
4783,1,1,0.5697,Medium,Train
4784,0,0,0.4371,Medium,Train
4785,1,1,0.6553,Medium,Train
4788,1,1,0.5629,Medium,Train
4789,1,0,0.4134,Medium,Test
4790,1,1,0.5003,Medium,Test
4791,1,1,0.5107,Medium,Train
4793,0,1,0.5349,Medium,Test
4797,0,1,0.5752,Medium,Test
4799,1,0,0.4872,Medium,Train
4800,1,1,0.5743,Medium,Train
4801,1,1,0.5668,Medium,Train
4802,1,1,0.5617,Medium,Train
4803,1,1,0.5123,Medium,Test
4804,0,1,0.6566,Medium,Train
4805,1,1,0.5143,Medium,Train
4806,1,1,0.5163,Medium,Train
4807,1,0,0.4488,Medium,Train
4808,0,1,0.5398,Medium,Train
4810,0,0,0.4082,Medium,Train
4811,1,0,0.3933,Medium,Test
4812,1,0,0.455,Medium,Train
4813,1,0,0.38,Medium,Test
4815,1,0,0.4833,Medium,Test
4817,1,0,0.4297,Medium,Train
4819,1,0,0.4094,Medium,Train
4821,1,1,0.5293,Medium,Train
4825,1,0,0.4647,Medium,Train
4826,0,0,0.4223,Medium,Train
4827,1,0,0.4651,Medium,Train
4828,1,0,0.456,Medium,Test
4829,0,0,0.4558,Medium,Train
4831,1,1,0.5949,Medium,Train
4832,1,0,0.4709,Medium,Train
4833,1,1,0.7029,High,Train
4834,0,1,0.7791,High,Test
4835,1,0,0.4788,Medium,Train
4836,1,1,0.5511,Medium,Train
4838,1,0,0.4858,Medium,Train
4839,0,0,0.4564,Medium,Train
4840,1,0,0.4877,Medium,Train
4842,1,0,0.4686,Medium,Train
4843,1,1,0.5034,Medium,Train
4844,1,0,0.4666,Medium,Test
4845,1,0,0.4555,Medium,Train
4846,1,0,0.4508,Medium,Train
4847,1,1,0.5846,Medium,Train
4849,0,0,0.4455,Medium,Train
4851,1,1,0.5394,Medium,Train
4852,1,0,0.4468,Medium,Train
4853,1,1,0.6434,Medium,Train
4855,1,1,0.5273,Medium,Train
4856,1,0,0.4582,Medium,Train
4857,1,0,0.465,Medium,Train
4859,0,0,0.4349,Medium,Train
4860,1,0,0.4792,Medium,Train
4861,1,1,0.5265,Medium,Train
4862,1,1,0.5221,Medium,Train
4863,0,1,0.5343,Medium,Train
4864,1,0,0.4553,Medium,Train
4865,1,0,0.4898,Medium,Train
4866,1,1,0.5868,Medium,Train
4867,1,1,0.5697,Medium,Train
4868,1,0,0.4691,Medium,Train
4869,0,0,0.4706,Medium,Test
4870,1,0,0.4917,Medium,Train
4871,1,1,0.6299,Medium,Test
4873,0,0,0.4942,Medium,Test
4874,1,0,0.4696,Medium,Train
4876,0,0,0.4984,Medium,Train
4877,1,0,0.4581,Medium,Train
4880,1,1,0.5143,Medium,Train
4881,0,0,0.4632,Medium,Test
4882,0,0,0.4982,Medium,Train
4883,1,0,0.4672,Medium,Train
4885,1,1,0.5624,Medium,Train
4886,0,1,0.5156,Medium,Train
4887,1,0,0.481,Medium,Test
4888,1,0,0.409,Medium,Train
4889,1,0,0.4144,Medium,Train
4890,1,1,0.5186,Medium,Test
4891,1,0,0.4155,Medium,Train
4892,1,0,0.4653,Medium,Train
4893,1,1,0.5175,Medium,Train
4894,1,1,0.5314,Medium,Test
4896,1,0,0.432,Medium,Train
4897,1,1,0.5033,Medium,Test
4898,1,0,0.4442,Medium,Train
4899,1,1,0.678,High,Train
4900,1,0,0.4938,Medium,Train
4902,0,0,0.4284,Medium,Train
4903,1,1,0.5097,Medium,Train
4904,1,1,0.5221,Medium,Train
4907,1,1,0.5413,Medium,Train
4909,1,0,0.4856,Medium,Test
4910,1,1,0.6021,Medium,Train
4911,1,0,0.4532,Medium,Train
4912,1,0,0.4186,Medium,Train
4913,1,1,0.6173,Medium,Train
4915,1,0,0.4782,Medium,Test
4916,1,0,0.4369,Medium,Train
4918,1,0,0.4986,Medium,Train
4919,1,1,0.5053,Medium,Test
4920,0,0,0.426,Medium,Train
4921,1,0,0.4523,Medium,Train
4925,1,0,0.4572,Medium,Train
4926,1,1,0.5246,Medium,Train
4927,1,0,0.4277,Medium,Test
4930,1,0,0.477,Medium,Test
4932,1,0,0.4196,Medium,Train
4933,1,1,0.503,Medium,Train
4934,0,0,0.4303,Medium,Train
4935,1,1,0.5415,Medium,Test
4936,1,0,0.4718,Medium,Test
4937,1,1,0.5301,Medium,Test
4938,1,0,0.3878,Medium,Train
4939,1,1,0.5756,Medium,Test
4941,1,1,0.5003,Medium,Train
4942,1,1,0.5465,Medium,Train
4943,1,1,0.5266,Medium,Test
4945,1,0,0.4572,Medium,Train
4946,1,1,0.6076,Medium,Test
4947,1,1,0.5303,Medium,Train
4948,1,0,0.4964,Medium,Train
4949,1,1,0.5392,Medium,Train
4950,1,0,0.441,Medium,Test
4951,1,1,0.5939,Medium,Train
4952,1,1,0.5044,Medium,Train
4953,1,0,0.3897,Medium,Train
4954,1,1,0.5789,Medium,Train
4955,1,1,0.5263,Medium,Test
4956,1,1,0.5031,Medium,Train
4957,1,0,0.4792,Medium,Test
4958,1,0,0.3825,Medium,Train
4960,1,1,0.5371,Medium,Test
4961,1,0,0.4181,Medium,Train
4962,1,0,0.468,Medium,Train
4963,1,1,0.506,Medium,Train
4964,1,1,0.613,Medium,Train
4965,1,1,0.5001,Medium,Train
4966,0,1,0.5213,Medium,Train
4967,1,0,0.4997,Medium,Train
4968,1,0,0.4809,Medium,Train
4970,1,1,0.5497,Medium,Train
4971,1,0,0.4511,Medium,Train
4972,0,1,0.545,Medium,Train
4973,1,0,0.4429,Medium,Train
4975,1,1,0.5189,Medium,Train
4976,1,1,0.5119,Medium,Test
4977,1,0,0.4436,Medium,Train
4979,1,0,0.4388,Medium,Train
4981,1,1,0.5,Medium,Train
4982,1,1,0.565,Medium,Train
4983,1,1,0.5459,Medium,Train
4984,1,0,0.4756,Medium,Train
4985,1,0,0.4487,Medium,Train
4986,1,0,0.4729,Medium,Train
4988,1,1,0.53,Medium,Train
4989,1,0,0.4612,Medium,Train
4990,1,1,0.7126,High,Train
4991,0,1,0.5023,Medium,Train
4992,1,0,0.4978,Medium,Train
4993,1,1,0.6543,Medium,Train
4994,1,0,0.4653,Medium,Test
4995,1,0,0.4707,Medium,Test
4996,1,1,0.5331,Medium,Test
4997,1,1,0.5377,Medium,Train
4998,1,0,0.4269,Medium,Train
5000,1,1,0.5574,Medium,Train
5002,0,1,0.5548,Medium,Train
5004,1,1,0.5403,Medium,Train
5006,1,0,0.4557,Medium,Train
5007,1,0,0.4125,Medium,Train
5008,1,0,0.4704,Medium,Train
5010,1,1,0.6849,High,Train
5013,1,1,0.5287,Medium,Train
5014,0,1,0.6176,Medium,Test
5015,0,1,0.5373,Medium,Train
5016,0,0,0.4939,Medium,Train
5017,1,1,0.5375,Medium,Test
5018,1,0,0.4034,Medium,Train
5020,0,0,0.4987,Medium,Train
5021,1,0,0.4607,Medium,Train
5022,1,0,0.4904,Medium,Test
5026,1,1,0.5825,Medium,Train
5027,1,1,0.5558,Medium,Test
5028,1,1,0.6151,Medium,Train
5029,1,1,0.6277,Medium,Train
5030,1,0,0.471,Medium,Train
5031,1,1,0.5649,Medium,Train
5033,1,1,0.5423,Medium,Train
5034,1,1,0.6428,Medium,Train
5035,1,1,0.5495,Medium,Train
5036,1,1,0.551,Medium,Train
5038,1,1,0.5391,Medium,Train
5039,1,0,0.4681,Medium,Train
5040,1,0,0.4067,Medium,Train
5041,0,0,0.4543,Medium,Train
5042,1,1,0.5334,Medium,Train
5043,1,1,0.5583,Medium,Train
5044,1,0,0.4737,Medium,Train
5045,1,1,0.5379,Medium,Train
5046,1,1,0.5343,Medium,Train
5047,1,0,0.4073,Medium,Test
5048,1,1,0.706,High,Train
5049,1,0,0.4901,Medium,Test
5050,1,0,0.4062,Medium,Test
5051,1,1,0.5245,Medium,Test
5052,1,1,0.5009,Medium,Train
5053,1,0,0.3813,Medium,Train
5054,1,0,0.4942,Medium,Train
5057,1,0,0.4789,Medium,Train
5058,1,1,0.6659,High,Train
5059,1,1,0.5058,Medium,Train
5060,1,1,0.5616,Medium,Train
5061,0,0,0.45,Medium,Train
5062,1,0,0.4461,Medium,Test
5063,1,1,0.5644,Medium,Test
5064,1,0,0.4203,Medium,Train
5065,1,0,0.4192,Medium,Train
5066,1,0,0.4361,Medium,Train
5067,1,0,0.4563,Medium,Test
5068,0,1,0.5565,Medium,Train
5069,1,1,0.5607,Medium,Train
5070,1,1,0.5094,Medium,Train
5072,0,0,0.4253,Medium,Train
5073,1,0,0.4548,Medium,Train
5074,1,1,0.5445,Medium,Train
5075,1,0,0.3727,Medium,Train
5077,0,0,0.473,Medium,Test
5078,1,1,0.5354,Medium,Test
5080,1,1,0.5653,Medium,Train
5081,1,1,0.5687,Medium,Train
5083,1,0,0.4723,Medium,Train
5084,1,0,0.4605,Medium,Test
5086,1,0,0.4311,Medium,Train
5087,1,1,0.5599,Medium,Train
5088,1,1,0.6242,Medium,Train
5089,1,1,0.5283,Medium,Train
5090,1,0,0.429,Medium,Train
5091,0,0,0.4914,Medium,Train
5094,1,0,0.4122,Medium,Train
5095,1,1,0.5013,Medium,Train
5097,1,1,0.5428,Medium,Train
5098,1,1,0.5394,Medium,Test
5100,1,0,0.4764,Medium,Train
5101,1,0,0.4492,Medium,Train
5103,1,1,0.5135,Medium,Train
5109,1,0,0.4328,Medium,Train
5110,1,1,0.5135,Medium,Train
5111,1,1,0.5634,Medium,Train
5112,1,1,0.5488,Medium,Train
5115,1,1,0.6373,Medium,Train
5116,1,1,0.5454,Medium,Train
5117,1,1,0.5557,Medium,Test
5118,1,1,0.5282,Medium,Test
5120,1,0,0.4492,Medium,Train
5123,1,0,0.4653,Medium,Train
5125,1,0,0.4294,Medium,Train
5126,1,0,0.3851,Medium,Test
5127,1,1,0.5517,Medium,Train
5128,1,1,0.7333,High,Test
5130,1,1,0.5418,Medium,Test
5132,1,1,0.556,Medium,Train
5133,1,0,0.4725,Medium,Train
5135,1,0,0.4352,Medium,Train
5136,1,1,0.5816,Medium,Test
5137,1,1,0.6033,Medium,Test
5138,1,0,0.4805,Medium,Train
5139,1,0,0.4772,Medium,Train
5140,1,1,0.5724,Medium,Test
5141,1,1,0.658,Medium,Train
5142,1,1,0.5958,Medium,Train
5144,1,1,0.5411,Medium,Train
5145,1,1,0.5146,Medium,Train
5147,1,0,0.4984,Medium,Train
5148,1,0,0.4853,Medium,Train
5150,1,1,0.5174,Medium,Train
5151,0,0,0.4035,Medium,Train
5153,1,0,0.4525,Medium,Train
5155,1,0,0.4796,Medium,Train
5156,1,0,0.414,Medium,Test
5157,1,0,0.3364,Medium,Train
5159,1,1,0.5965,Medium,Train
5160,1,1,0.5593,Medium,Train
5161,1,1,0.5268,Medium,Train
5162,0,1,0.5137,Medium,Train
5163,1,1,0.5472,Medium,Test
5164,1,0,0.4189,Medium,Train
5166,1,0,0.4312,Medium,Train
5167,0,0,0.4678,Medium,Test
5168,1,0,0.4477,Medium,Train
5172,1,0,0.4319,Medium,Test
5174,1,1,0.5552,Medium,Train
5175,0,1,0.5611,Medium,Train
5176,1,0,0.4305,Medium,Train
5178,1,0,0.462,Medium,Test
5180,1,1,0.5551,Medium,Train
5181,1,1,0.5146,Medium,Train
5183,1,0,0.428,Medium,Train
5184,1,0,0.4935,Medium,Train
5185,1,1,0.5164,Medium,Train
5186,1,1,0.5388,Medium,Train
5187,0,0,0.391,Medium,Train
5188,1,0,0.4716,Medium,Train
5189,1,0,0.4409,Medium,Train
5191,1,1,0.56,Medium,Train
5192,1,1,0.5277,Medium,Train
5193,1,0,0.4657,Medium,Train
5194,1,0,0.4455,Medium,Train
5195,1,0,0.4506,Medium,Train
5196,1,0,0.4296,Medium,Train
5197,1,1,0.656,Medium,Train
5198,1,1,0.5623,Medium,Test
5199,1,0,0.4891,Medium,Train
5200,1,0,0.4722,Medium,Train
5201,1,1,0.5112,Medium,Train
5202,1,1,0.5588,Medium,Test
5204,1,0,0.4656,Medium,Train
5205,1,0,0.4102,Medium,Train
5206,1,1,0.6506,Medium,Train
5207,1,0,0.478,Medium,Train
5208,1,0,0.4761,Medium,Train
5212,1,0,0.4246,Medium,Train
5213,1,1,0.5093,Medium,Train
5214,1,0,0.4921,Medium,Test
5215,1,1,0.5241,Medium,Train
5216,1,0,0.4407,Medium,Train
5217,1,1,0.5394,Medium,Test
5218,1,1,0.6048,Medium,Train
5219,1,1,0.566,Medium,Test
5220,1,1,0.5388,Medium,Train
5221,0,0,0.4465,Medium,Train
5222,1,1,0.6344,Medium,Test
5223,1,0,0.4686,Medium,Test
5224,1,0,0.4302,Medium,Train
5225,1,0,0.4748,Medium,Train
5226,1,0,0.4133,Medium,Test
5227,0,0,0.4203,Medium,Train
5228,1,1,0.5273,Medium,Train
5229,1,1,0.5052,Medium,Train
5230,1,1,0.511,Medium,Train
5231,0,1,0.5163,Medium,Train
5232,1,0,0.4591,Medium,Train
5233,1,0,0.4549,Medium,Test
5235,1,0,0.4485,Medium,Train
5236,1,1,0.56,Medium,Train
5237,1,0,0.4545,Medium,Train
5238,1,1,0.5352,Medium,Train
5239,1,1,0.6343,Medium,Train
5242,1,1,0.552,Medium,Train
5243,1,0,0.4733,Medium,Train
5244,1,1,0.525,Medium,Train
5245,1,0,0.3915,Medium,Train
5246,1,0,0.4607,Medium,Test
5247,1,1,0.5248,Medium,Train
5248,1,1,0.5945,Medium,Train
5249,1,1,0.5492,Medium,Train
5250,1,1,0.5747,Medium,Test
5251,1,0,0.3866,Medium,Train
5252,1,1,0.5036,Medium,Train
5254,0,0,0.4747,Medium,Test
5255,1,0,0.4956,Medium,Test
5256,1,1,0.55,Medium,Test
5257,1,1,0.5217,Medium,Train
5258,1,0,0.436,Medium,Train
5259,1,1,0.5383,Medium,Test
5261,1,0,0.489,Medium,Train
5262,1,1,0.5935,Medium,Test
5264,1,0,0.4924,Medium,Train
5265,1,0,0.4542,Medium,Test
5267,1,0,0.3855,Medium,Test
5268,0,0,0.4729,Medium,Train
5269,1,1,0.5096,Medium,Train
5270,1,1,0.5235,Medium,Train
5271,1,1,0.5362,Medium,Train
5272,1,0,0.4314,Medium,Train
5276,0,0,0.4869,Medium,Train
5279,1,0,0.46,Medium,Train
5280,1,0,0.4558,Medium,Test
5281,1,1,0.5466,Medium,Test
5282,0,0,0.4527,Medium,Test
5283,1,1,0.5129,Medium,Train
5284,1,1,0.5134,Medium,Train
5285,1,0,0.4401,Medium,Train
5286,1,0,0.4654,Medium,Train
5288,1,1,0.6403,Medium,Train
5289,1,1,0.5303,Medium,Train
5290,1,0,0.3722,Medium,Train
5291,1,1,0.5019,Medium,Train
5294,1,1,0.6539,Medium,Test
5295,1,1,0.5203,Medium,Train
5296,1,1,0.507,Medium,Train
5298,1,0,0.4132,Medium,Train
5299,1,0,0.4634,Medium,Test
5300,1,0,0.4691,Medium,Train
5301,1,0,0.4455,Medium,Train
5302,1,0,0.4849,Medium,Train
5303,1,1,0.5834,Medium,Train
5304,1,1,0.5916,Medium,Train
5305,1,1,0.563,Medium,Test
5307,1,0,0.4886,Medium,Train
5308,1,0,0.4658,Medium,Train
5311,1,1,0.5277,Medium,Train
5313,1,1,0.6322,Medium,Test
5314,1,1,0.6594,Medium,Train
5315,1,1,0.5248,Medium,Test
5316,1,1,0.5543,Medium,Train
5317,1,1,0.5394,Medium,Train
5318,1,1,0.575,Medium,Test
5319,1,1,0.61,Medium,Train
5321,1,0,0.4658,Medium,Test
5326,1,0,0.4964,Medium,Train
5327,1,1,0.51,Medium,Test
5328,0,1,0.5079,Medium,Train
5329,1,0,0.4844,Medium,Train
5331,1,0,0.4354,Medium,Train
5333,0,0,0.4908,Medium,Train
5334,1,0,0.3983,Medium,Train
5335,1,0,0.4663,Medium,Train
5337,1,1,0.5244,Medium,Train
5339,1,1,0.5184,Medium,Train
5340,1,0,0.463,Medium,Train
5341,0,1,0.6475,Medium,Test
5342,1,1,0.5237,Medium,Train
5343,1,1,0.5774,Medium,Train
5344,1,1,0.6335,Medium,Train
5345,1,1,0.5009,Medium,Train
5346,1,0,0.4825,Medium,Test
5348,1,1,0.6783,High,Train
5349,1,0,0.4887,Medium,Train
5350,1,0,0.4257,Medium,Train
5351,1,0,0.4975,Medium,Train
5353,1,1,0.6399,Medium,Train
5354,1,1,0.6815,High,Train
5355,0,0,0.4738,Medium,Test
5356,1,0,0.4912,Medium,Train
5357,1,0,0.4301,Medium,Train
5358,1,1,0.5616,Medium,Test
5359,1,1,0.5166,Medium,Train
5360,1,1,0.5201,Medium,Test
5361,1,1,0.5695,Medium,Train
5362,0,1,0.5427,Medium,Test
5363,1,1,0.5954,Medium,Train
5365,0,0,0.4671,Medium,Train
5366,1,0,0.4876,Medium,Train
5367,1,0,0.4271,Medium,Train
5368,1,0,0.4963,Medium,Train
5369,1,1,0.5062,Medium,Train
5370,1,0,0.4951,Medium,Train
5371,1,0,0.4599,Medium,Test
5373,1,1,0.6428,Medium,Train
5374,1,0,0.4715,Medium,Test
5375,0,0,0.4038,Medium,Train
5376,1,0,0.4781,Medium,Test
5377,0,0,0.3778,Medium,Train
5378,1,0,0.4519,Medium,Train
5379,0,1,0.5746,Medium,Train
5381,0,0,0.416,Medium,Train
5382,1,0,0.4845,Medium,Train
5384,1,1,0.5532,Medium,Test
5385,0,0,0.4754,Medium,Train
5386,0,0,0.4655,Medium,Train
5387,1,1,0.6062,Medium,Train
5388,1,0,0.4907,Medium,Test
5389,1,0,0.3898,Medium,Train
5390,1,0,0.4451,Medium,Test
5391,1,0,0.4427,Medium,Train
5392,1,0,0.4594,Medium,Train
5393,1,0,0.4776,Medium,Train
5394,1,0,0.4879,Medium,Train
5395,1,0,0.4901,Medium,Train
5396,1,0,0.4005,Medium,Train
5397,1,0,0.4494,Medium,Train
5398,1,0,0.4602,Medium,Train
5401,0,0,0.4786,Medium,Train
5403,1,0,0.497,Medium,Train
5404,1,0,0.4573,Medium,Train
5407,1,0,0.4293,Medium,Train
5408,1,1,0.5234,Medium,Test
5409,1,0,0.4968,Medium,Train
5410,1,0,0.4673,Medium,Train
5411,1,0,0.4912,Medium,Train
5412,0,0,0.4793,Medium,Train
5413,1,0,0.4543,Medium,Train
5414,1,0,0.4471,Medium,Train
5415,1,1,0.5528,Medium,Test
5416,1,1,0.5179,Medium,Test
5417,1,1,0.5311,Medium,Train
5418,1,0,0.4732,Medium,Train
5419,1,1,0.6992,High,Train
5420,1,0,0.3901,Medium,Train
5421,1,0,0.453,Medium,Train
5422,1,0,0.4709,Medium,Train
5423,1,0,0.4796,Medium,Train
5424,1,1,0.5301,Medium,Train
5426,1,0,0.455,Medium,Train
5427,1,0,0.4237,Medium,Test
5428,1,0,0.4542,Medium,Test
5429,1,1,0.5375,Medium,Test
5430,1,1,0.5256,Medium,Train
5431,1,1,0.5846,Medium,Train
5432,0,1,0.7248,High,Test
5433,1,1,0.5015,Medium,Train
5434,1,1,0.6424,Medium,Train
5435,1,1,0.5993,Medium,Test
5438,1,0,0.471,Medium,Train
5439,0,1,0.5033,Medium,Train
5440,1,0,0.4905,Medium,Train
5441,1,1,0.6126,Medium,Train
5442,1,1,0.5353,Medium,Train
5443,1,0,0.4649,Medium,Test
5444,1,0,0.4869,Medium,Test
5447,1,0,0.4251,Medium,Test
5449,1,0,0.4168,Medium,Train
5450,1,0,0.4738,Medium,Train
5451,1,1,0.5029,Medium,Test
5452,1,0,0.4739,Medium,Train
5454,1,1,0.5024,Medium,Train
5455,1,1,0.5689,Medium,Train
5456,1,1,0.6268,Medium,Train
5458,1,1,0.5962,Medium,Train
5459,1,0,0.424,Medium,Train
5461,0,1,0.5275,Medium,Train
5462,1,0,0.4865,Medium,Train
5464,1,0,0.482,Medium,Train
5465,1,1,0.524,Medium,Test
5466,1,0,0.4031,Medium,Train
5467,1,1,0.6909,High,Train
5468,1,0,0.4177,Medium,Test
5469,1,0,0.4855,Medium,Train
5470,1,0,0.4129,Medium,Train
5471,1,1,0.5605,Medium,Train
5472,1,1,0.525,Medium,Train
5473,1,1,0.6445,Medium,Train
5474,1,1,0.5242,Medium,Test
5475,1,0,0.4835,Medium,Train
5476,1,1,0.5406,Medium,Train
5477,1,0,0.4006,Medium,Train
5478,1,1,0.5162,Medium,Train
5480,1,0,0.3794,Medium,Train
5483,1,0,0.3989,Medium,Train
5484,1,1,0.5872,Medium,Train
5485,1,1,0.6567,Medium,Train
5486,1,1,0.7053,High,Train
5487,1,1,0.512,Medium,Train
5488,0,0,0.4829,Medium,Train
5489,0,0,0.4373,Medium,Test
5491,1,1,0.5823,Medium,Train
5492,1,0,0.4631,Medium,Train
5493,1,1,0.5085,Medium,Test
5494,1,0,0.4743,Medium,Train
5495,1,1,0.5165,Medium,Test
5497,1,1,0.5455,Medium,Train
5498,1,1,0.5695,Medium,Train
5500,1,1,0.5027,Medium,Train
5501,0,0,0.4052,Medium,Train
5503,1,1,0.654,Medium,Train
5504,1,0,0.456,Medium,Train
5505,1,1,0.5919,Medium,Train
5506,1,0,0.4772,Medium,Train
5508,1,1,0.6313,Medium,Train
5509,1,1,0.512,Medium,Train
5510,1,1,0.7048,High,Train
5513,1,1,0.5463,Medium,Train
5514,1,0,0.4786,Medium,Train
5515,1,1,0.5466,Medium,Train
5516,1,1,0.6203,Medium,Test
5517,1,1,0.5658,Medium,Train
5518,1,1,0.5146,Medium,Test
5519,1,1,0.5882,Medium,Train
5520,1,1,0.5407,Medium,Train
5522,1,0,0.4846,Medium,Train
5524,1,1,0.7206,High,Train
5528,1,1,0.5244,Medium,Train
5530,1,1,0.5094,Medium,Train
5532,1,0,0.4634,Medium,Train
5533,1,1,0.5135,Medium,Train
5534,1,1,0.5696,Medium,Train
5536,1,1,0.5396,Medium,Test
5537,1,0,0.4817,Medium,Train
5538,1,1,0.5992,Medium,Train
5539,1,1,0.5406,Medium,Train
5540,1,1,0.5121,Medium,Train
5541,1,1,0.57,Medium,Train
5542,1,0,0.4881,Medium,Train
5543,1,1,0.5063,Medium,Train
5544,1,0,0.4938,Medium,Train
5545,1,1,0.5408,Medium,Test
5547,1,0,0.4719,Medium,Test
5549,1,0,0.4465,Medium,Train
5550,1,0,0.4681,Medium,Train
5552,1,1,0.5327,Medium,Train
5553,1,0,0.3714,Medium,Train
5555,1,1,0.5302,Medium,Train
5556,1,1,0.5232,Medium,Test
5557,1,1,0.513,Medium,Train
5559,1,1,0.583,Medium,Train
5561,1,1,0.5143,Medium,Train
5562,0,1,0.5255,Medium,Train
5563,1,0,0.4489,Medium,Train
5565,1,0,0.4973,Medium,Train
5566,1,1,0.5289,Medium,Test
5567,1,1,0.7326,High,Test
5568,1,0,0.4162,Medium,Train
5570,1,0,0.4248,Medium,Train
5571,1,0,0.4416,Medium,Test
5572,1,0,0.4434,Medium,Train
5575,0,0,0.4134,Medium,Train
5576,1,1,0.5069,Medium,Train
5577,1,0,0.4848,Medium,Train
5578,1,0,0.4859,Medium,Train
5579,1,0,0.4802,Medium,Train
5580,1,1,0.5904,Medium,Train
5581,0,1,0.6256,Medium,Train
5582,0,1,0.5694,Medium,Train
5584,1,1,0.6199,Medium,Train
5585,1,0,0.4957,Medium,Train
5586,1,0,0.4983,Medium,Train
5587,1,1,0.5374,Medium,Train
5588,1,0,0.4385,Medium,Train
5589,0,0,0.4014,Medium,Train
5591,1,1,0.5778,Medium,Train
5592,1,1,0.6134,Medium,Train
5593,1,1,0.5696,Medium,Test
5594,1,0,0.4506,Medium,Train
5595,1,0,0.4862,Medium,Train
5597,1,1,0.5063,Medium,Train
5598,1,1,0.5056,Medium,Train
5599,1,1,0.5181,Medium,Train
5600,1,1,0.5623,Medium,Train
5603,0,1,0.5076,Medium,Train
5605,1,1,0.5105,Medium,Train
5606,1,1,0.5162,Medium,Train
5608,1,1,0.6192,Medium,Train
5610,1,1,0.5029,Medium,Train
5611,1,0,0.4836,Medium,Train
5613,1,1,0.5082,Medium,Train
5616,1,0,0.4393,Medium,Train
5617,1,0,0.4126,Medium,Train
5620,1,1,0.5056,Medium,Train
5621,1,0,0.4202,Medium,Train
5624,1,1,0.5006,Medium,Test
5625,0,0,0.4443,Medium,Train
5626,0,0,0.4166,Medium,Train
5628,1,0,0.46,Medium,Train
5630,1,0,0.4754,Medium,Train
5631,1,1,0.5001,Medium,Test
5632,1,1,0.5922,Medium,Train
5633,1,0,0.4627,Medium,Test
5634,1,1,0.6328,Medium,Train
5635,1,1,0.6851,High,Train
5636,1,1,0.5425,Medium,Test
5638,1,1,0.5446,Medium,Test
5639,1,0,0.4807,Medium,Train
5640,1,0,0.4143,Medium,Train
5641,1,0,0.3911,Medium,Train
5642,1,0,0.4782,Medium,Train
5643,1,0,0.4297,Medium,Train
5644,1,0,0.4994,Medium,Test
5645,1,1,0.5344,Medium,Train
5646,1,1,0.5232,Medium,Train
5647,0,0,0.479,Medium,Train
5648,1,0,0.4229,Medium,Train
5649,1,1,0.537,Medium,Train
5651,1,0,0.4347,Medium,Test
5654,1,0,0.4648,Medium,Train
5655,1,1,0.5081,Medium,Train
5656,1,0,0.4581,Medium,Test
5657,1,1,0.5182,Medium,Train
5658,1,1,0.5403,Medium,Train
5661,1,1,0.5865,Medium,Train
5662,0,0,0.4899,Medium,Train
5663,1,0,0.4677,Medium,Train
5664,1,1,0.5273,Medium,Test
5665,1,0,0.4733,Medium,Test
5666,1,1,0.6697,High,Train
5667,1,0,0.4839,Medium,Test
5668,1,0,0.4485,Medium,Train
5670,1,1,0.5922,Medium,Train
5671,1,1,0.5672,Medium,Train
5672,1,1,0.5504,Medium,Train
5673,1,1,0.6123,Medium,Train
5675,0,1,0.5804,Medium,Train
5676,1,1,0.5087,Medium,Train
5677,0,0,0.4268,Medium,Train
5678,1,0,0.4668,Medium,Test
5679,1,1,0.5083,Medium,Train
5684,1,1,0.6706,High,Train
5686,1,1,0.5468,Medium,Train
5687,1,0,0.4788,Medium,Train
5688,1,1,0.5237,Medium,Test
5689,1,1,0.5844,Medium,Train
5691,1,1,0.5337,Medium,Train
5693,1,1,0.5174,Medium,Train
5694,1,0,0.4468,Medium,Train
5695,1,1,0.5297,Medium,Train
5696,1,0,0.4412,Medium,Test
5697,1,1,0.5585,Medium,Train
5699,1,1,0.6709,High,Train
5701,1,1,0.5601,Medium,Train
5702,1,0,0.4399,Medium,Train
5703,1,1,0.5984,Medium,Test
5705,1,0,0.4486,Medium,Train
5707,1,1,0.5891,Medium,Train
5709,1,1,0.6435,Medium,Test
5710,1,1,0.553,Medium,Train
5711,1,1,0.6121,Medium,Train
5712,1,0,0.4313,Medium,Train
5713,1,1,0.6076,Medium,Test
5714,1,0,0.4713,Medium,Train
5717,0,1,0.5034,Medium,Train
5718,1,1,0.6704,High,Train
5719,1,0,0.3605,Medium,Train
5720,1,1,0.5583,Medium,Train
5721,1,0,0.3894,Medium,Test
5723,1,1,0.5149,Medium,Train
5726,1,1,0.5544,Medium,Train
5727,1,0,0.4887,Medium,Train
5728,1,0,0.4099,Medium,Train
5729,1,1,0.5765,Medium,Train
5730,1,0,0.4716,Medium,Train
5731,1,0,0.4646,Medium,Train
5732,0,0,0.4001,Medium,Train
5733,0,1,0.5426,Medium,Test
5734,1,0,0.4843,Medium,Test
5735,1,1,0.6005,Medium,Test
5736,1,1,0.5263,Medium,Train
5737,1,0,0.425,Medium,Train
5738,1,0,0.416,Medium,Test
5741,1,0,0.4581,Medium,Test
5742,1,0,0.4193,Medium,Train
5743,0,0,0.4064,Medium,Train
5744,1,0,0.4951,Medium,Train
5745,1,0,0.4704,Medium,Train
5746,1,1,0.637,Medium,Test
5747,1,0,0.4947,Medium,Train
5748,1,0,0.4542,Medium,Test
5749,1,0,0.4132,Medium,Train
5750,1,0,0.4468,Medium,Train
5751,0,1,0.5791,Medium,Train
5752,1,0,0.4786,Medium,Train
5753,1,0,0.3986,Medium,Train
5754,1,0,0.4888,Medium,Train
5755,1,1,0.6286,Medium,Train
5756,1,0,0.493,Medium,Train
5758,1,0,0.4815,Medium,Train
5759,1,0,0.4704,Medium,Train
5760,1,0,0.4678,Medium,Train
5763,1,0,0.4689,Medium,Train
5766,1,0,0.4829,Medium,Train
5767,1,0,0.4188,Medium,Test
5770,1,1,0.5135,Medium,Train
5771,1,0,0.4962,Medium,Train
5772,1,0,0.3865,Medium,Train
5773,1,0,0.4325,Medium,Train
5774,1,1,0.5147,Medium,Train
5775,1,0,0.4523,Medium,Train
5776,1,1,0.5159,Medium,Train
5777,1,1,0.6008,Medium,Train
5778,1,1,0.5553,Medium,Test
5779,1,0,0.4181,Medium,Test
5780,1,1,0.5687,Medium,Train
5781,1,0,0.4961,Medium,Train
5782,1,0,0.4679,Medium,Train
5783,1,1,0.66,High,Test
5784,1,0,0.3755,Medium,Train
5786,1,0,0.4047,Medium,Test
5787,1,0,0.4661,Medium,Train
5788,1,0,0.4454,Medium,Train
5789,1,0,0.4708,Medium,Train
5790,1,1,0.5889,Medium,Test
5791,1,1,0.6477,Medium,Train
5792,1,0,0.4424,Medium,Test
5794,1,1,0.5793,Medium,Train
5795,0,0,0.4486,Medium,Train
5796,1,1,0.5606,Medium,Train
5797,1,1,0.5779,Medium,Train
5799,0,0,0.4602,Medium,Train
5800,1,0,0.3689,Medium,Train
5801,1,1,0.5336,Medium,Train
5802,1,0,0.3704,Medium,Train
5803,0,0,0.3911,Medium,Train
5804,1,0,0.448,Medium,Test
5805,0,1,0.5531,Medium,Train
5806,1,0,0.4864,Medium,Train
5807,1,0,0.4256,Medium,Train
5808,1,1,0.5909,Medium,Train
5809,1,1,0.554,Medium,Test
5810,1,0,0.4791,Medium,Train
5811,1,1,0.5652,Medium,Train
5812,1,0,0.4929,Medium,Train
5813,1,0,0.4781,Medium,Train
5814,1,1,0.6052,Medium,Train
5815,1,0,0.451,Medium,Train
5816,1,0,0.4673,Medium,Test
5817,1,0,0.4674,Medium,Train
5818,1,1,0.7235,High,Train
5819,1,0,0.4348,Medium,Test
5821,1,0,0.4179,Medium,Train
5825,1,1,0.5421,Medium,Train
5826,1,1,0.5673,Medium,Train
5827,1,1,0.6358,Medium,Test
5828,1,1,0.5781,Medium,Train
5829,1,1,0.7228,High,Train
5830,1,0,0.4656,Medium,Test
5831,1,1,0.5027,Medium,Train
5832,1,0,0.3973,Medium,Train
5834,1,1,0.5055,Medium,Train
5835,1,0,0.4667,Medium,Train
5836,1,1,0.5562,Medium,Test
5837,1,1,0.5549,Medium,Test
5838,1,1,0.6623,High,Train
5839,0,0,0.3651,Medium,Train
5840,1,0,0.4648,Medium,Train
5841,1,0,0.4984,Medium,Train
5842,1,0,0.4913,Medium,Train
5843,1,1,0.5575,Medium,Train
5844,0,0,0.4159,Medium,Train
5845,1,0,0.4384,Medium,Test
5846,0,0,0.4922,Medium,Train
5849,1,1,0.5555,Medium,Train
5851,1,0,0.4739,Medium,Train
5852,0,0,0.4578,Medium,Train
5853,0,1,0.5759,Medium,Train
5854,1,0,0.4462,Medium,Test
5855,1,0,0.464,Medium,Test
5856,1,0,0.4287,Medium,Train
5857,0,1,0.5905,Medium,Train
5858,1,0,0.4998,Medium,Train
5859,1,0,0.4688,Medium,Train
5860,1,0,0.4118,Medium,Train
5861,1,1,0.5017,Medium,Train
5862,1,1,0.5351,Medium,Train
5863,1,1,0.506,Medium,Test
5864,1,1,0.5127,Medium,Train
5865,1,1,0.5241,Medium,Train
5866,1,0,0.4912,Medium,Train
5868,1,1,0.5103,Medium,Train
5869,1,1,0.5662,Medium,Test
5871,1,0,0.412,Medium,Train
5872,1,0,0.3197,Low,Test
5873,1,1,0.5975,Medium,Train
5874,1,1,0.505,Medium,Train
5875,1,0,0.4524,Medium,Test
5877,1,0,0.4054,Medium,Train
5878,1,0,0.4573,Medium,Train
5879,1,1,0.5308,Medium,Train
5880,1,1,0.5537,Medium,Train
5881,1,1,0.6296,Medium,Train
5882,0,0,0.4548,Medium,Train
5883,1,1,0.5873,Medium,Train
5886,1,1,0.6387,Medium,Test
5887,1,0,0.4861,Medium,Train
5888,1,1,0.5491,Medium,Train
5889,1,0,0.4158,Medium,Test
5891,1,0,0.4835,Medium,Test
5892,1,1,0.5817,Medium,Train
5893,1,1,0.5004,Medium,Train
5895,1,0,0.4584,Medium,Train
5896,1,1,0.5267,Medium,Train
5897,1,0,0.4521,Medium,Train
5898,1,1,0.5225,Medium,Train
5899,1,0,0.4708,Medium,Test
5900,1,0,0.4251,Medium,Train
5902,1,0,0.4279,Medium,Train
5903,1,0,0.456,Medium,Train
5904,1,1,0.5318,Medium,Train
5905,1,0,0.4814,Medium,Test
5906,1,0,0.4577,Medium,Train
5908,0,0,0.475,Medium,Train
5909,1,0,0.4956,Medium,Train
5911,1,1,0.5581,Medium,Test
5912,1,0,0.4905,Medium,Train
5913,1,0,0.4825,Medium,Train
5915,1,0,0.4773,Medium,Train
5917,1,1,0.6161,Medium,Train
5920,1,0,0.4425,Medium,Train
5921,1,0,0.4374,Medium,Train
5922,0,1,0.5471,Medium,Test
5923,1,0,0.4611,Medium,Train
5924,1,1,0.5056,Medium,Train
5925,1,1,0.5327,Medium,Train
5927,1,1,0.6351,Medium,Test
5928,1,1,0.5232,Medium,Train
5929,1,1,0.5264,Medium,Test
5930,0,0,0.4539,Medium,Test
5931,1,1,0.7477,High,Test
5932,1,0,0.4152,Medium,Train
5933,1,1,0.6661,High,Train
5935,1,0,0.4045,Medium,Test
5936,1,1,0.5439,Medium,Test
5937,1,1,0.5527,Medium,Train
5938,1,1,0.6035,Medium,Train
5941,1,1,0.5115,Medium,Train
5942,1,0,0.3029,Low,Test
5943,1,0,0.4048,Medium,Train
5945,0,0,0.4775,Medium,Train
5946,1,0,0.4707,Medium,Train
5947,0,0,0.4618,Medium,Train
5948,1,0,0.4688,Medium,Train
5950,1,1,0.617,Medium,Train
5952,1,0,0.4761,Medium,Train
5953,1,0,0.3539,Medium,Train
5954,1,0,0.4739,Medium,Train
5955,1,1,0.6271,Medium,Train
5956,1,1,0.5232,Medium,Train
5957,1,1,0.5291,Medium,Train
5960,1,1,0.5011,Medium,Train
5963,1,0,0.4829,Medium,Train
5964,1,1,0.5442,Medium,Train
5965,1,0,0.4533,Medium,Train
5966,1,0,0.471,Medium,Train
5967,1,1,0.6983,High,Test
5968,1,0,0.4749,Medium,Test
5969,1,0,0.4449,Medium,Train
5970,1,1,0.5811,Medium,Train
5971,1,0,0.4936,Medium,Train
5972,1,0,0.4299,Medium,Train
5973,1,0,0.4943,Medium,Train
5974,0,1,0.5795,Medium,Train
5975,1,0,0.4519,Medium,Train
5976,1,1,0.5419,Medium,Test
5977,1,0,0.4286,Medium,Train
5978,1,1,0.6489,Medium,Train
5979,1,1,0.6072,Medium,Train
5980,1,1,0.5275,Medium,Train
5981,1,1,0.5175,Medium,Train
5982,1,1,0.5504,Medium,Train
5984,1,1,0.5731,Medium,Train
5985,1,0,0.4749,Medium,Train
5986,1,1,0.7129,High,Train
5987,1,1,0.5241,Medium,Test
5988,1,0,0.4295,Medium,Train
5990,1,1,0.5016,Medium,Test
5991,1,0,0.4792,Medium,Train
5992,1,0,0.4774,Medium,Test
5995,1,0,0.4078,Medium,Train
5996,1,0,0.4988,Medium,Train
5998,1,1,0.5249,Medium,Test
5999,1,0,0.4398,Medium,Train
6000,1,0,0.4483,Medium,Test
6002,1,0,0.4278,Medium,Train
6003,1,1,0.6247,Medium,Train
6004,1,0,0.4881,Medium,Train
6006,1,0,0.4389,Medium,Test
6007,1,0,0.458,Medium,Train
6009,1,0,0.459,Medium,Train
6010,1,1,0.575,Medium,Train
6011,1,1,0.532,Medium,Test
6012,0,1,0.5248,Medium,Train
6013,1,0,0.4955,Medium,Train
6016,1,0,0.4776,Medium,Train
6017,1,0,0.3721,Medium,Train
6018,1,0,0.4776,Medium,Train
6019,1,1,0.6165,Medium,Train
6020,1,0,0.4658,Medium,Test
6021,1,1,0.5203,Medium,Test
6024,0,0,0.4609,Medium,Train
6025,1,0,0.4952,Medium,Train
6026,1,1,0.5055,Medium,Test
6027,1,0,0.4642,Medium,Train
6028,1,1,0.5272,Medium,Test
6029,1,1,0.5042,Medium,Train
6030,0,1,0.5205,Medium,Test
6031,0,1,0.5368,Medium,Test
6035,1,1,0.5501,Medium,Test
6036,1,1,0.5013,Medium,Test
6038,0,0,0.4814,Medium,Test
6039,1,1,0.5199,Medium,Train
6040,1,1,0.5585,Medium,Train
6041,1,1,0.6198,Medium,Train
6042,1,1,0.501,Medium,Train
6043,0,1,0.6045,Medium,Test
6044,1,0,0.4567,Medium,Train
6045,1,0,0.4993,Medium,Train
6047,1,1,0.5085,Medium,Test
6048,1,0,0.4986,Medium,Test
6049,1,0,0.3755,Medium,Train
6052,1,1,0.6772,High,Train
6054,1,1,0.5163,Medium,Train
6055,0,1,0.5266,Medium,Train
6056,1,0,0.4721,Medium,Test
6057,1,0,0.4925,Medium,Train
6058,1,0,0.4199,Medium,Train
6059,1,1,0.5478,Medium,Test
6061,1,0,0.4497,Medium,Train
6062,0,0,0.4493,Medium,Train
6064,1,0,0.4941,Medium,Train
6065,1,0,0.4736,Medium,Train
6066,1,1,0.6147,Medium,Train
6067,0,1,0.5485,Medium,Train
6068,1,1,0.5338,Medium,Test
6070,1,1,0.5318,Medium,Train
6071,1,0,0.4317,Medium,Train
6072,1,1,0.5038,Medium,Train
6074,1,0,0.4884,Medium,Train
6078,1,0,0.4866,Medium,Train
6079,1,1,0.5364,Medium,Train
6081,1,1,0.5258,Medium,Train
6082,1,0,0.4375,Medium,Train
6083,1,0,0.4764,Medium,Test
6084,0,0,0.4309,Medium,Train
6086,1,0,0.4908,Medium,Train
6087,1,0,0.4237,Medium,Train
6091,1,1,0.5055,Medium,Train
6093,0,1,0.5035,Medium,Train
6094,1,1,0.6183,Medium,Train
6095,0,0,0.4433,Medium,Train
6096,1,0,0.3871,Medium,Train
6098,1,1,0.5303,Medium,Train
6099,1,1,0.5496,Medium,Train
6100,0,1,0.5341,Medium,Train
6101,1,1,0.5514,Medium,Train
6102,0,0,0.3676,Medium,Test
6103,1,1,0.5232,Medium,Train
6104,1,0,0.4839,Medium,Test
6105,1,0,0.425,Medium,Train
6107,1,0,0.4677,Medium,Test
6108,1,0,0.4764,Medium,Train
6110,1,0,0.4173,Medium,Test
6111,1,1,0.5864,Medium,Train
6112,1,0,0.4914,Medium,Train
6114,1,1,0.6245,Medium,Train
6115,1,0,0.4706,Medium,Train
6116,1,0,0.4432,Medium,Train
6117,1,0,0.4903,Medium,Test
6118,1,0,0.49,Medium,Train
6119,1,1,0.5171,Medium,Train
6120,1,0,0.4954,Medium,Train
6121,0,0,0.3119,Low,Test
6122,1,0,0.474,Medium,Train
6123,1,0,0.4147,Medium,Train
6124,1,1,0.5231,Medium,Test
6125,0,0,0.4549,Medium,Train
6126,0,1,0.5572,Medium,Train
6127,0,0,0.3866,Medium,Test
6128,1,1,0.5071,Medium,Train
6129,1,1,0.6184,Medium,Train
6130,1,1,0.627,Medium,Train
6132,1,1,0.5133,Medium,Test
6133,1,1,0.5589,Medium,Train
6135,0,0,0.4084,Medium,Train
6137,1,1,0.5391,Medium,Train
6139,1,0,0.4937,Medium,Train
6140,1,1,0.5649,Medium,Train
6141,1,0,0.4616,Medium,Train
6142,1,1,0.515,Medium,Test
6143,1,0,0.4802,Medium,Train
6144,1,1,0.5297,Medium,Train
6145,1,0,0.4353,Medium,Test
6146,1,0,0.4342,Medium,Train
6147,1,0,0.4357,Medium,Train
6148,1,0,0.4242,Medium,Train
6150,1,0,0.3667,Medium,Train
6151,1,1,0.5631,Medium,Test
6152,0,0,0.476,Medium,Train
6153,1,0,0.4667,Medium,Test
6154,1,1,0.5935,Medium,Train
6155,0,1,0.5183,Medium,Train
6158,1,0,0.4644,Medium,Train
6159,1,1,0.5428,Medium,Train
6160,1,0,0.4866,Medium,Train
6161,1,1,0.5908,Medium,Train
6162,1,0,0.4944,Medium,Train
6163,1,1,0.6171,Medium,Train
6164,1,0,0.4995,Medium,Train
6165,1,0,0.3756,Medium,Train
6168,1,0,0.3946,Medium,Train
6170,1,0,0.4636,Medium,Test
6172,0,1,0.5059,Medium,Train
6173,0,0,0.462,Medium,Train
6174,1,1,0.5265,Medium,Train
6175,1,1,0.6289,Medium,Test
6177,1,1,0.5008,Medium,Test
6178,1,1,0.5249,Medium,Train
6179,1,0,0.4988,Medium,Train
6180,1,0,0.4518,Medium,Train
6181,1,1,0.5006,Medium,Train
6182,0,0,0.4902,Medium,Train
6183,1,1,0.5224,Medium,Train
6186,1,1,0.5302,Medium,Test
6188,1,1,0.5224,Medium,Train
6190,1,1,0.552,Medium,Train
6191,0,0,0.4108,Medium,Train
6193,1,1,0.5642,Medium,Train
6194,0,0,0.4648,Medium,Train
6197,1,1,0.6831,High,Train
6198,1,1,0.5167,Medium,Train
6199,0,0,0.3993,Medium,Train
6200,1,0,0.4695,Medium,Test
6201,1,0,0.4624,Medium,Train
6202,1,0,0.4834,Medium,Train
6203,1,1,0.6043,Medium,Train
6206,1,1,0.5588,Medium,Test
6207,1,1,0.5698,Medium,Test
6208,1,0,0.4783,Medium,Train
6209,1,0,0.4663,Medium,Train
6210,1,0,0.4792,Medium,Train
6211,1,0,0.4926,Medium,Train
6212,1,0,0.4312,Medium,Train
6213,1,0,0.4092,Medium,Train
6214,1,0,0.4653,Medium,Train
6215,1,1,0.5121,Medium,Train
6216,1,1,0.5356,Medium,Train
6217,1,0,0.4983,Medium,Train
6218,1,0,0.4416,Medium,Train
6219,0,0,0.4612,Medium,Train
6220,1,1,0.5356,Medium,Test
6221,1,0,0.4909,Medium,Train
6222,1,1,0.5137,Medium,Train
6223,1,0,0.4083,Medium,Train
6224,1,1,0.5502,Medium,Test
6226,1,0,0.4831,Medium,Train
6228,1,0,0.4851,Medium,Train
6229,1,1,0.6138,Medium,Train
6230,1,0,0.4722,Medium,Test
6231,1,0,0.3976,Medium,Train
6232,1,0,0.4452,Medium,Test
6233,1,1,0.5935,Medium,Train
6234,1,0,0.3905,Medium,Train
6235,1,0,0.4271,Medium,Train
6236,1,1,0.6134,Medium,Train
6237,1,0,0.4741,Medium,Train
6238,1,0,0.4713,Medium,Train
6239,1,0,0.4876,Medium,Train
6241,1,0,0.4838,Medium,Train
6243,1,0,0.4396,Medium,Train
6244,1,0,0.4335,Medium,Train
6245,1,0,0.4676,Medium,Train
6246,1,1,0.5026,Medium,Test
6247,1,1,0.575,Medium,Test
6248,1,1,0.5754,Medium,Train
6249,1,0,0.4986,Medium,Train
6250,1,1,0.5893,Medium,Test
6251,1,0,0.4617,Medium,Train
6252,1,0,0.4787,Medium,Train
6253,1,0,0.4069,Medium,Train
6254,1,1,0.5251,Medium,Train
6255,1,0,0.4788,Medium,Test
6256,0,1,0.5275,Medium,Train
6257,1,0,0.4631,Medium,Train
6258,1,1,0.5175,Medium,Train
6260,1,0,0.4236,Medium,Test
6261,1,1,0.5398,Medium,Train
6262,0,1,0.5506,Medium,Train
6263,1,0,0.4925,Medium,Train
6265,0,0,0.4541,Medium,Train
6266,1,0,0.4609,Medium,Train
6269,1,0,0.4472,Medium,Test
6270,1,1,0.5329,Medium,Train
6271,1,0,0.4496,Medium,Train
6272,1,1,0.5094,Medium,Train
6274,1,0,0.4491,Medium,Train
6276,1,0,0.4932,Medium,Train
6278,1,1,0.5613,Medium,Train
6283,1,0,0.48,Medium,Train
6284,0,0,0.4624,Medium,Train
6285,1,1,0.592,Medium,Train
6286,1,1,0.5204,Medium,Train
6287,1,1,0.5657,Medium,Train
6288,1,1,0.6794,High,Train
6289,1,1,0.5526,Medium,Train
6290,1,0,0.4702,Medium,Train
6291,1,1,0.5556,Medium,Train
6292,1,1,0.5155,Medium,Train
6293,1,1,0.5138,Medium,Train
6294,0,1,0.6063,Medium,Test
6295,1,1,0.5123,Medium,Train
6296,1,1,0.5288,Medium,Test
6297,1,0,0.492,Medium,Test
6298,1,1,0.5259,Medium,Train
6299,1,0,0.4241,Medium,Train
6301,1,0,0.4902,Medium,Train
6302,1,1,0.5317,Medium,Train
6303,1,0,0.4922,Medium,Train
6305,1,0,0.4855,Medium,Train
6306,1,0,0.4173,Medium,Train
6307,1,0,0.3991,Medium,Train
6308,1,1,0.5122,Medium,Test
6309,1,1,0.5041,Medium,Train
6310,1,0,0.4255,Medium,Train
6313,0,0,0.4896,Medium,Train
6314,1,1,0.6518,Medium,Train
6315,1,0,0.4487,Medium,Train
6316,1,0,0.4665,Medium,Train
6317,1,0,0.4312,Medium,Train
6318,0,0,0.4679,Medium,Train
6319,1,1,0.6567,Medium,Train
6320,1,1,0.5481,Medium,Train
6322,1,1,0.5059,Medium,Train
6324,1,1,0.6419,Medium,Train
6325,1,0,0.4523,Medium,Train
6326,1,0,0.478,Medium,Train
6327,1,1,0.5682,Medium,Train
6328,1,1,0.699,High,Train
6329,1,0,0.451,Medium,Train
6330,1,0,0.4303,Medium,Test
6332,1,1,0.7034,High,Train
6334,1,1,0.5029,Medium,Train
6335,0,0,0.3209,Low,Train
6336,1,1,0.5058,Medium,Train
6338,1,1,0.5581,Medium,Train
6339,1,1,0.501,Medium,Train
6340,1,0,0.4129,Medium,Train
6341,1,0,0.4255,Medium,Train
6342,1,1,0.6099,Medium,Test
6343,1,1,0.5312,Medium,Test
6344,1,0,0.4175,Medium,Train
6345,0,0,0.4798,Medium,Train
6346,1,1,0.5118,Medium,Train
6347,0,1,0.5364,Medium,Train
6349,1,0,0.4866,Medium,Test
6350,1,0,0.4466,Medium,Train
6351,0,0,0.433,Medium,Train
6353,1,0,0.4495,Medium,Train
6355,1,0,0.397,Medium,Train
6357,1,0,0.4765,Medium,Train
6358,1,0,0.4848,Medium,Train
6360,1,0,0.4829,Medium,Train
6361,1,1,0.5582,Medium,Test
6362,1,1,0.5157,Medium,Train
6363,0,0,0.4586,Medium,Train
6364,0,0,0.3908,Medium,Test
6365,1,0,0.4234,Medium,Test
6366,0,0,0.3978,Medium,Train
6367,1,0,0.4717,Medium,Train
6369,1,1,0.5572,Medium,Train
6372,0,0,0.46,Medium,Train
6373,1,1,0.5334,Medium,Test
6374,1,0,0.4173,Medium,Train
6375,1,1,0.5256,Medium,Train
6376,0,0,0.4581,Medium,Train
6378,1,0,0.4968,Medium,Train
6380,1,1,0.6094,Medium,Train
6381,1,0,0.419,Medium,Train
6383,1,0,0.4221,Medium,Train
6384,1,0,0.4262,Medium,Train
6385,0,0,0.4937,Medium,Train
6386,1,1,0.5727,Medium,Train
6387,1,0,0.4434,Medium,Train
6388,1,0,0.4994,Medium,Train
6389,0,1,0.5256,Medium,Train
6390,0,0,0.4716,Medium,Train
6391,1,1,0.649,Medium,Train
6392,1,1,0.5651,Medium,Train
6393,0,0,0.4067,Medium,Test
6394,1,1,0.5583,Medium,Train
6395,1,0,0.4377,Medium,Train
6398,1,1,0.6302,Medium,Train
6400,0,0,0.4269,Medium,Train
6401,1,1,0.5084,Medium,Train
6402,0,0,0.4216,Medium,Test
6403,1,1,0.5761,Medium,Train
6405,0,0,0.458,Medium,Train
6406,1,1,0.5407,Medium,Train
6408,1,0,0.4765,Medium,Test
6409,0,0,0.4512,Medium,Train
6410,1,1,0.5618,Medium,Train
6411,1,1,0.5357,Medium,Train
6412,1,0,0.4508,Medium,Train
6414,0,0,0.4485,Medium,Test
6416,1,1,0.5287,Medium,Train
6417,1,0,0.4101,Medium,Train
6422,1,1,0.5259,Medium,Train
6423,1,0,0.4859,Medium,Train
6424,1,1,0.5278,Medium,Test
6425,0,0,0.4169,Medium,Train
6426,1,1,0.5188,Medium,Train
6427,1,1,0.5692,Medium,Test
6428,0,0,0.4499,Medium,Train
6433,1,1,0.5655,Medium,Train
6434,1,1,0.5523,Medium,Train
6436,1,1,0.5008,Medium,Train
6437,1,1,0.6829,High,Train
6438,1,1,0.585,Medium,Train
6439,1,0,0.4838,Medium,Test
6440,0,0,0.446,Medium,Train
6442,1,0,0.3744,Medium,Train
6443,1,1,0.6683,High,Train
6444,1,1,0.5239,Medium,Test
6445,1,1,0.6367,Medium,Test
6447,1,1,0.5806,Medium,Train
6448,1,0,0.4408,Medium,Train
6449,1,1,0.5898,Medium,Test
6450,1,0,0.4473,Medium,Train
6451,1,1,0.669,High,Train
6453,1,1,0.5249,Medium,Test
6455,1,0,0.4888,Medium,Train
6456,1,0,0.4305,Medium,Test
6457,1,0,0.4596,Medium,Train
6458,1,0,0.4891,Medium,Train
6459,1,1,0.5411,Medium,Train
6460,1,1,0.5556,Medium,Train
6461,1,0,0.4921,Medium,Test
6462,1,0,0.4659,Medium,Train
6463,1,1,0.633,Medium,Train
6464,1,1,0.5132,Medium,Train
6466,1,0,0.4766,Medium,Train
6467,1,1,0.5014,Medium,Train
6468,1,0,0.4981,Medium,Test
6469,1,1,0.5305,Medium,Train
6470,1,1,0.5334,Medium,Train
6472,1,1,0.6782,High,Test
6473,1,0,0.4659,Medium,Train
6475,1,1,0.5098,Medium,Train
6476,1,0,0.4421,Medium,Test
6480,1,0,0.4379,Medium,Train
6481,1,0,0.4914,Medium,Train
6482,1,1,0.6343,Medium,Train
6483,1,0,0.4774,Medium,Train
6484,1,1,0.5921,Medium,Test
6485,1,0,0.3909,Medium,Test
6486,1,1,0.5312,Medium,Train
6488,1,0,0.4815,Medium,Test
6491,1,1,0.5259,Medium,Train
6492,1,1,0.5533,Medium,Test
6493,1,0,0.4835,Medium,Train
6494,1,0,0.492,Medium,Test
6495,1,1,0.5628,Medium,Train
6496,0,1,0.5701,Medium,Train
6497,1,0,0.4727,Medium,Train
6500,0,0,0.4437,Medium,Train
6501,1,0,0.3892,Medium,Test
6502,1,1,0.512,Medium,Train
6503,0,1,0.5734,Medium,Train
6505,1,1,0.5564,Medium,Train
6506,0,1,0.5421,Medium,Test
6507,1,1,0.5393,Medium,Test
6509,0,1,0.5004,Medium,Train
6511,1,0,0.4633,Medium,Test
6513,1,0,0.4627,Medium,Test
6515,1,1,0.6328,Medium,Train
6518,1,1,0.7037,High,Train
6519,1,1,0.5301,Medium,Test
6521,1,0,0.4368,Medium,Train
6522,1,1,0.5754,Medium,Train
6526,1,1,0.6539,Medium,Test
6527,1,1,0.6719,High,Train
6528,1,0,0.4515,Medium,Train
6529,1,1,0.7156,High,Train
6530,1,0,0.4898,Medium,Test
6531,1,1,0.5599,Medium,Train
6532,1,0,0.4566,Medium,Train
6533,1,1,0.5519,Medium,Train
6534,1,0,0.4437,Medium,Test
6535,1,1,0.6098,Medium,Test
6538,1,1,0.569,Medium,Train
6539,1,1,0.6219,Medium,Train
6540,1,0,0.4818,Medium,Train
6541,1,1,0.5553,Medium,Train
6542,1,1,0.5134,Medium,Train
6543,0,1,0.5174,Medium,Train
6545,1,0,0.3952,Medium,Train
6546,1,1,0.506,Medium,Train
6547,0,0,0.4893,Medium,Train
6548,1,1,0.6504,Medium,Train
6549,1,0,0.405,Medium,Train
6550,1,0,0.4379,Medium,Test
6551,1,1,0.5745,Medium,Train
6552,1,0,0.4216,Medium,Train
6553,1,1,0.5066,Medium,Test
6554,0,0,0.4208,Medium,Train
6556,0,1,0.5691,Medium,Test
6557,1,1,0.5086,Medium,Train
6558,1,0,0.4363,Medium,Train
6560,1,1,0.5063,Medium,Test
6561,1,1,0.5702,Medium,Train
6562,1,0,0.4732,Medium,Train
6564,1,0,0.3917,Medium,Train
6565,1,0,0.4881,Medium,Train
6566,1,0,0.4973,Medium,Train
6568,1,0,0.4559,Medium,Train
6569,1,1,0.568,Medium,Train
6570,1,1,0.5146,Medium,Test
6571,1,0,0.4711,Medium,Test
6572,1,0,0.462,Medium,Train
6573,1,1,0.5034,Medium,Train
6574,1,1,0.5086,Medium,Train
6576,1,1,0.5177,Medium,Train
6577,1,0,0.4549,Medium,Train
6578,1,0,0.4953,Medium,Test
6579,1,1,0.5213,Medium,Train
6580,1,0,0.4884,Medium,Train
6581,1,1,0.7268,High,Test
6584,1,0,0.4997,Medium,Train
6585,1,1,0.5319,Medium,Train
6586,0,0,0.4847,Medium,Train
6587,1,0,0.4887,Medium,Test
6588,1,1,0.5553,Medium,Train
6589,1,1,0.5981,Medium,Train
6590,1,1,0.7291,High,Train
6591,1,0,0.4735,Medium,Test
6592,1,0,0.4021,Medium,Train
6593,1,1,0.5566,Medium,Train
6594,1,1,0.5058,Medium,Train
6595,0,0,0.4621,Medium,Train
6596,1,1,0.5448,Medium,Train
6598,1,0,0.4468,Medium,Train
6601,1,0,0.4709,Medium,Train
6602,0,1,0.5545,Medium,Test
6603,1,1,0.5893,Medium,Train
6604,1,0,0.4395,Medium,Train
6605,1,1,0.5734,Medium,Train
6607,1,1,0.5529,Medium,Train
6608,1,0,0.4334,Medium,Train
6610,1,0,0.4651,Medium,Train
6611,1,1,0.5268,Medium,Train
6612,1,1,0.5525,Medium,Train
6613,1,1,0.5304,Medium,Train
6615,1,1,0.5228,Medium,Train
6618,1,0,0.397,Medium,Train
6619,1,0,0.4149,Medium,Train
6620,1,0,0.4877,Medium,Train
6622,1,0,0.493,Medium,Test
6624,0,0,0.4746,Medium,Train
6626,0,0,0.4079,Medium,Train
6627,1,0,0.4299,Medium,Train
6628,1,0,0.4034,Medium,Train
6629,1,1,0.5226,Medium,Test
6630,1,0,0.4231,Medium,Train
6631,1,0,0.4134,Medium,Train
6632,1,1,0.5184,Medium,Train
6633,1,1,0.5018,Medium,Train
6635,1,1,0.56,Medium,Train
6636,1,0,0.4659,Medium,Train
6638,1,1,0.7425,High,Train
6639,1,0,0.4578,Medium,Train
6640,1,1,0.6733,High,Train
6641,1,0,0.4932,Medium,Train
6642,1,0,0.4575,Medium,Train
6644,1,0,0.4431,Medium,Train
6645,1,0,0.4566,Medium,Train
6648,1,1,0.521,Medium,Train
6649,0,0,0.467,Medium,Train
6650,1,1,0.5785,Medium,Train
6651,1,0,0.389,Medium,Test
6652,1,0,0.4961,Medium,Train
6653,1,0,0.4759,Medium,Train
6654,1,0,0.4325,Medium,Test
6655,1,1,0.6644,High,Train
6656,1,0,0.471,Medium,Train
6657,1,1,0.5256,Medium,Train
6658,1,1,0.5836,Medium,Test
6659,1,0,0.462,Medium,Train
6660,0,0,0.4858,Medium,Train
6661,1,1,0.527,Medium,Test
6662,1,0,0.4528,Medium,Train
6663,1,1,0.5089,Medium,Test
6664,0,0,0.4749,Medium,Test
6666,1,0,0.4455,Medium,Train
6667,1,1,0.6469,Medium,Train
6668,1,0,0.4617,Medium,Train
6670,1,1,0.6682,High,Test
6671,1,0,0.4388,Medium,Train
6672,1,1,0.5706,Medium,Train
6674,1,1,0.5234,Medium,Train
6675,1,1,0.5864,Medium,Train
6676,1,0,0.4628,Medium,Train
6677,0,1,0.6027,Medium,Train
6679,1,1,0.6022,Medium,Train
6680,1,1,0.5518,Medium,Train
6683,1,0,0.4411,Medium,Train
6685,1,0,0.4892,Medium,Train
6686,1,1,0.7408,High,Test
6687,1,0,0.4205,Medium,Test
6688,1,1,0.5222,Medium,Train
6689,1,0,0.4615,Medium,Train
6691,1,1,0.5443,Medium,Test
6692,1,1,0.5172,Medium,Train
6693,1,0,0.4531,Medium,Train
6694,1,0,0.4833,Medium,Test
6695,1,1,0.5633,Medium,Test
6696,1,0,0.4673,Medium,Train
6697,1,0,0.4242,Medium,Train
6698,1,0,0.4361,Medium,Test
6700,1,1,0.5414,Medium,Train
6701,1,1,0.5437,Medium,Train
6702,1,0,0.4772,Medium,Test
6703,1,0,0.4655,Medium,Train
6704,0,1,0.5075,Medium,Train
6705,1,0,0.4305,Medium,Train
6706,0,0,0.4991,Medium,Train
6707,1,1,0.6404,Medium,Train
6708,1,1,0.5669,Medium,Train
6709,1,1,0.5357,Medium,Train
6710,1,1,0.5144,Medium,Test
6711,1,1,0.6134,Medium,Train
6712,1,0,0.4606,Medium,Train
6716,1,1,0.5088,Medium,Train
6717,1,1,0.5114,Medium,Test
6718,1,0,0.3937,Medium,Train
6720,1,1,0.5702,Medium,Train
6721,0,1,0.518,Medium,Train
6722,1,0,0.4912,Medium,Train
6723,1,1,0.542,Medium,Train
6724,0,1,0.512,Medium,Test
6725,1,1,0.5265,Medium,Train
6727,1,1,0.5655,Medium,Train
6728,1,1,0.5936,Medium,Train
6733,1,0,0.4128,Medium,Train
6734,1,0,0.3898,Medium,Train
6735,1,0,0.4531,Medium,Test
6736,1,1,0.5808,Medium,Train
6738,1,0,0.4807,Medium,Train
6740,1,0,0.4832,Medium,Train
6742,1,0,0.4895,Medium,Train
6743,1,0,0.4716,Medium,Train
6744,1,1,0.5497,Medium,Train
6745,0,1,0.5558,Medium,Train
6746,1,0,0.4479,Medium,Train
6747,1,0,0.4748,Medium,Train
6748,1,0,0.493,Medium,Train
6750,1,0,0.4609,Medium,Train
6751,1,1,0.5329,Medium,Train
6752,1,1,0.589,Medium,Test
6753,1,1,0.5308,Medium,Test
6754,0,1,0.751,High,Test
6755,0,1,0.5479,Medium,Train
6756,1,1,0.6665,High,Train
6757,0,1,0.5094,Medium,Test
6758,1,1,0.5238,Medium,Train
6759,1,0,0.4622,Medium,Train
6760,1,0,0.4265,Medium,Test
6761,1,1,0.5929,Medium,Train
6762,1,0,0.4534,Medium,Train
6763,1,1,0.5077,Medium,Train
6764,1,0,0.3471,Medium,Train
6765,1,0,0.4791,Medium,Train
6766,1,1,0.5751,Medium,Train
6768,1,1,0.5675,Medium,Train
6769,1,0,0.4528,Medium,Train
6770,1,0,0.4496,Medium,Train
6771,1,1,0.5553,Medium,Train
6773,1,1,0.5582,Medium,Train
6774,1,1,0.5717,Medium,Train
6775,1,1,0.52,Medium,Train
6776,1,1,0.6594,Medium,Train
6777,1,0,0.4328,Medium,Train
6778,1,0,0.4638,Medium,Train
6779,1,0,0.4568,Medium,Train
6780,1,1,0.578,Medium,Train
6782,0,1,0.6708,High,Test
6783,1,0,0.4256,Medium,Train
6784,0,0,0.4112,Medium,Train
6785,1,0,0.4035,Medium,Train
6787,1,0,0.387,Medium,Train
6788,1,0,0.4368,Medium,Train
6789,1,1,0.6066,Medium,Train
6790,0,1,0.527,Medium,Train
6791,1,0,0.4683,Medium,Train
6793,1,0,0.469,Medium,Train
6794,1,0,0.4765,Medium,Train
6795,1,0,0.4452,Medium,Train
6796,0,0,0.3837,Medium,Test
6798,1,1,0.5043,Medium,Test
6799,1,1,0.5192,Medium,Train
6801,1,1,0.531,Medium,Train
6802,1,0,0.4856,Medium,Train
6803,1,1,0.5856,Medium,Test
6804,1,1,0.5252,Medium,Train
6805,1,1,0.5501,Medium,Train
6806,0,0,0.3882,Medium,Test
6807,1,1,0.5046,Medium,Train
6808,1,0,0.4735,Medium,Train
6809,1,1,0.5199,Medium,Train
6810,0,1,0.5582,Medium,Test
6811,1,0,0.4242,Medium,Train
6812,1,1,0.6326,Medium,Train
6813,1,1,0.5236,Medium,Train
6814,1,1,0.5245,Medium,Train
6815,0,1,0.5759,Medium,Test
6817,1,1,0.5309,Medium,Train
6818,1,0,0.4168,Medium,Train
6819,1,0,0.4729,Medium,Train
6820,1,1,0.5408,Medium,Train
6822,1,1,0.5322,Medium,Test
6823,1,1,0.5403,Medium,Train
6824,1,0,0.4148,Medium,Train
6825,0,0,0.4567,Medium,Train
6826,1,1,0.5555,Medium,Test
6827,0,1,0.5518,Medium,Train
6828,0,1,0.5017,Medium,Train
6830,1,1,0.6033,Medium,Train
6831,1,1,0.5759,Medium,Train
6832,1,1,0.5289,Medium,Train
6833,1,0,0.3152,Low,Train
6834,1,0,0.445,Medium,Train
6835,1,0,0.4383,Medium,Train
6836,1,1,0.5869,Medium,Train
6838,1,1,0.5165,Medium,Train
6839,1,1,0.5032,Medium,Train
6840,0,1,0.5576,Medium,Train
6841,0,0,0.4264,Medium,Train
6842,0,0,0.4691,Medium,Test
6843,0,1,0.513,Medium,Train
6844,1,0,0.424,Medium,Test
6845,1,1,0.5274,Medium,Test
6848,0,0,0.4602,Medium,Train
6850,0,0,0.4828,Medium,Train
6852,1,1,0.6299,Medium,Train
6853,1,0,0.484,Medium,Train
6855,1,0,0.42,Medium,Train
6856,1,1,0.5533,Medium,Train
6857,1,0,0.4038,Medium,Test
6858,1,1,0.5081,Medium,Train
6860,1,1,0.5429,Medium,Test
6861,0,1,0.5494,Medium,Train
6862,1,1,0.6227,Medium,Train
6863,1,1,0.5876,Medium,Train
6864,1,1,0.5516,Medium,Train
6865,1,0,0.4672,Medium,Train
6866,1,0,0.4644,Medium,Test
6867,1,0,0.4108,Medium,Train
6869,1,0,0.495,Medium,Train
6870,0,1,0.5462,Medium,Train
6871,1,1,0.5842,Medium,Train
6872,0,0,0.4236,Medium,Train
6873,0,0,0.3767,Medium,Train
6874,1,1,0.5549,Medium,Train
6876,1,1,0.5794,Medium,Train
6877,1,0,0.407,Medium,Train
6878,1,0,0.4352,Medium,Train
6879,1,1,0.527,Medium,Train
6880,1,1,0.5883,Medium,Train
6882,1,1,0.5601,Medium,Train
6883,1,1,0.5661,Medium,Train
6887,1,0,0.4887,Medium,Train
6888,1,0,0.495,Medium,Train
6889,1,0,0.4321,Medium,Test
6893,1,1,0.5287,Medium,Test
6894,1,1,0.5037,Medium,Train
6897,0,1,0.633,Medium,Train
6899,1,0,0.443,Medium,Train
6900,1,0,0.462,Medium,Train
6901,1,0,0.4752,Medium,Train
6902,1,0,0.4889,Medium,Train
6905,1,0,0.4464,Medium,Train
6906,1,0,0.365,Medium,Train
6909,1,0,0.3877,Medium,Train
6910,1,1,0.598,Medium,Train
6912,0,1,0.538,Medium,Test
6913,1,1,0.6729,High,Train
6914,1,0,0.4787,Medium,Train
6915,1,0,0.4479,Medium,Train
6917,1,1,0.5935,Medium,Train
6919,1,0,0.488,Medium,Train
6920,1,0,0.4138,Medium,Train
6921,1,0,0.4885,Medium,Train
6922,1,0,0.4608,Medium,Train
6923,1,1,0.5228,Medium,Train
6924,1,1,0.6545,Medium,Train
6925,1,0,0.4852,Medium,Train
6926,0,0,0.4921,Medium,Train
6927,1,1,0.5431,Medium,Train
6928,1,1,0.503,Medium,Test
6929,1,1,0.5153,Medium,Train
6930,1,1,0.5376,Medium,Train
6932,1,1,0.6105,Medium,Train
6934,0,1,0.504,Medium,Train
6935,1,1,0.5003,Medium,Train
6936,1,0,0.4379,Medium,Train
6937,1,0,0.4151,Medium,Train
6938,1,0,0.4994,Medium,Test
6939,1,1,0.5973,Medium,Train
6940,0,0,0.4823,Medium,Train
6941,1,1,0.5104,Medium,Train
6942,1,0,0.4134,Medium,Train
6943,1,0,0.4347,Medium,Train
6944,1,1,0.5087,Medium,Train
6945,0,0,0.4907,Medium,Train
6946,1,1,0.5726,Medium,Train
6948,1,1,0.5621,Medium,Train
6949,1,0,0.4642,Medium,Train
6950,1,0,0.4995,Medium,Train
6951,1,1,0.5194,Medium,Train
6952,1,0,0.4034,Medium,Train
6954,1,1,0.7132,High,Train
6955,1,1,0.5173,Medium,Train
6956,1,1,0.509,Medium,Train
6960,1,1,0.6035,Medium,Train
6961,1,1,0.5319,Medium,Train
6962,1,0,0.4962,Medium,Train
6963,0,1,0.6736,High,Train
6965,1,1,0.5115,Medium,Train
6966,1,1,0.5284,Medium,Train
6967,1,0,0.422,Medium,Test
6969,1,1,0.5556,Medium,Train
6972,1,0,0.4817,Medium,Train
6974,1,0,0.42,Medium,Train
6976,1,1,0.5002,Medium,Train
6978,0,0,0.479,Medium,Train
6979,1,0,0.49,Medium,Test
6980,0,1,0.5483,Medium,Train
6981,0,1,0.511,Medium,Test
6982,1,1,0.5354,Medium,Train
6983,1,0,0.4186,Medium,Test
6984,1,1,0.5516,Medium,Test
6986,1,0,0.4701,Medium,Train
6987,1,1,0.5593,Medium,Train
6988,1,1,0.5006,Medium,Train
6989,1,1,0.5102,Medium,Train
6990,0,1,0.5967,Medium,Train
6991,1,1,0.523,Medium,Train
6992,1,1,0.5931,Medium,Train
6993,1,0,0.4952,Medium,Train
6994,1,0,0.4722,Medium,Test
6995,1,0,0.4516,Medium,Train
6997,1,0,0.4338,Medium,Test
6998,1,1,0.5243,Medium,Train
7001,1,1,0.5702,Medium,Train
7002,1,1,0.7058,High,Train
7003,1,1,0.5731,Medium,Train
7004,1,1,0.6146,Medium,Train
7005,0,0,0.421,Medium,Train
7006,1,1,0.5036,Medium,Train
7007,1,0,0.4427,Medium,Train
7008,1,0,0.4499,Medium,Train
7010,1,1,0.5973,Medium,Train
7012,1,0,0.4994,Medium,Test
7013,1,1,0.5681,Medium,Train
7014,1,1,0.6948,High,Train
7015,1,0,0.4927,Medium,Test
7016,1,0,0.4349,Medium,Train
7017,1,0,0.4956,Medium,Train
7018,1,0,0.481,Medium,Train
7019,1,1,0.6979,High,Train
7020,1,0,0.4539,Medium,Test
7022,1,0,0.4898,Medium,Train
7023,1,1,0.5528,Medium,Test
7024,0,0,0.4316,Medium,Train
7025,1,1,0.6934,High,Train
7027,0,1,0.5379,Medium,Train
7028,1,1,0.518,Medium,Test
7029,1,1,0.6836,High,Train
7030,1,1,0.6511,Medium,Train
7031,1,0,0.4369,Medium,Test
7032,1,0,0.4797,Medium,Train
7033,1,1,0.5354,Medium,Test
7034,1,0,0.4704,Medium,Train
7035,1,1,0.5809,Medium,Test
7036,1,1,0.515,Medium,Train
7037,1,1,0.5884,Medium,Train
7039,1,0,0.4288,Medium,Test
7041,1,1,0.5512,Medium,Train
7042,1,1,0.551,Medium,Train
7043,0,1,0.5067,Medium,Test
7045,1,0,0.4332,Medium,Test
7047,1,0,0.4595,Medium,Test
7048,0,0,0.4695,Medium,Train
7049,1,0,0.4779,Medium,Train
7053,1,0,0.4613,Medium,Train
7054,1,1,0.521,Medium,Train
7055,1,1,0.6512,Medium,Train
7057,1,1,0.7335,High,Test
7058,1,0,0.4971,Medium,Train
7059,1,0,0.4505,Medium,Train
7060,1,0,0.4985,Medium,Train
7061,1,1,0.5162,Medium,Test
7062,1,0,0.4024,Medium,Train
7063,1,0,0.4277,Medium,Train
7064,1,0,0.4552,Medium,Train
7065,1,1,0.5669,Medium,Train
7066,1,1,0.5047,Medium,Train
7067,1,1,0.515,Medium,Train
7068,1,1,0.5636,Medium,Test
7069,1,0,0.4125,Medium,Train
7070,1,0,0.4915,Medium,Train
7071,1,1,0.5956,Medium,Train
7073,0,1,0.5529,Medium,Train
7074,1,1,0.5975,Medium,Test
7075,1,0,0.3758,Medium,Train
7076,1,1,0.5347,Medium,Train
7078,1,1,0.5191,Medium,Train
7079,1,1,0.6712,High,Train
7080,1,0,0.4946,Medium,Test
7081,1,1,0.5121,Medium,Train
7083,1,1,0.6658,High,Test
7084,1,1,0.5433,Medium,Train
7085,0,0,0.4659,Medium,Train
7087,1,0,0.4236,Medium,Train
7088,1,0,0.4323,Medium,Train
7089,1,1,0.5149,Medium,Train
7090,0,1,0.6531,Medium,Train
7091,1,0,0.4931,Medium,Train
7092,1,1,0.5593,Medium,Test
7094,1,1,0.5543,Medium,Train
7095,1,0,0.4512,Medium,Test
7096,1,1,0.5144,Medium,Train
7097,1,0,0.4841,Medium,Test
7099,1,1,0.5792,Medium,Train
7100,1,0,0.4246,Medium,Train
7101,1,1,0.5212,Medium,Train
7102,1,0,0.4475,Medium,Train
7103,1,0,0.463,Medium,Train
7105,1,0,0.4974,Medium,Train
7107,1,0,0.4788,Medium,Test
7108,1,1,0.6373,Medium,Train
7109,1,0,0.4875,Medium,Train
7110,0,1,0.5006,Medium,Test
7111,1,0,0.49,Medium,Test
7112,1,0,0.4197,Medium,Test
7114,1,0,0.4686,Medium,Train
7115,0,0,0.4171,Medium,Train
7116,1,1,0.54,Medium,Train
7118,1,0,0.4098,Medium,Train
7119,1,1,0.5086,Medium,Test
7120,1,0,0.4333,Medium,Train
7121,1,1,0.5852,Medium,Train
7122,1,1,0.5204,Medium,Train
7123,1,0,0.436,Medium,Train
7125,1,0,0.496,Medium,Train
7126,1,0,0.4986,Medium,Train
7127,1,0,0.4113,Medium,Train
7128,1,1,0.5625,Medium,Train
7130,1,1,0.6345,Medium,Test
7131,1,0,0.4736,Medium,Train
7132,1,1,0.5768,Medium,Train
7134,1,1,0.5067,Medium,Train
7135,1,1,0.527,Medium,Train
7136,1,1,0.5564,Medium,Train
7137,1,1,0.5588,Medium,Test
7138,0,0,0.4754,Medium,Test
7140,1,1,0.6509,Medium,Train
7141,1,0,0.4537,Medium,Train
7143,1,1,0.5082,Medium,Test
7144,1,0,0.4595,Medium,Train
7145,1,1,0.5077,Medium,Train
7146,1,1,0.5676,Medium,Train
7147,1,0,0.4642,Medium,Train
7148,0,0,0.3877,Medium,Train
7149,1,1,0.6986,High,Train
7150,1,1,0.5664,Medium,Test
7151,0,1,0.7217,High,Train
7152,1,1,0.5538,Medium,Train
7153,1,1,0.5145,Medium,Test
7154,1,0,0.3949,Medium,Train
7156,1,1,0.534,Medium,Train
7157,1,0,0.4216,Medium,Train
7158,1,1,0.5666,Medium,Train
7159,1,1,0.6825,High,Test
7160,1,1,0.5106,Medium,Train
7161,1,1,0.5217,Medium,Train
7162,1,0,0.4517,Medium,Train
7163,1,1,0.523,Medium,Train
7165,1,0,0.4876,Medium,Train
7166,1,1,0.6084,Medium,Test
7167,1,0,0.4882,Medium,Train
7168,1,1,0.6019,Medium,Train
7169,0,0,0.4262,Medium,Test
7170,1,0,0.4785,Medium,Train
7171,1,1,0.5187,Medium,Train
7172,1,1,0.5319,Medium,Train
7174,1,0,0.4277,Medium,Train
7175,1,0,0.4207,Medium,Train
7176,1,1,0.5299,Medium,Train
7178,0,1,0.5088,Medium,Train
7179,1,0,0.4929,Medium,Test
7180,1,1,0.5072,Medium,Train
7181,1,0,0.4661,Medium,Train
7182,1,1,0.5797,Medium,Train
7183,1,1,0.5241,Medium,Train
7184,0,1,0.5776,Medium,Train
7185,1,0,0.4514,Medium,Test
7187,1,1,0.5887,Medium,Train
7189,1,0,0.4893,Medium,Train
7190,1,0,0.4923,Medium,Train
7192,1,0,0.4474,Medium,Train
7193,1,1,0.5001,Medium,Train
7194,1,0,0.4556,Medium,Train
7197,1,1,0.5189,Medium,Train
7199,1,0,0.4735,Medium,Test
7200,1,1,0.5624,Medium,Train
7202,1,1,0.6576,Medium,Train
7203,1,0,0.4536,Medium,Train
7204,1,0,0.4277,Medium,Train
7205,1,1,0.5005,Medium,Train
7207,0,0,0.4412,Medium,Train
7208,1,1,0.6238,Medium,Train
7211,1,1,0.6013,Medium,Train
7214,1,1,0.5185,Medium,Train
7215,1,1,0.7137,High,Test
7216,1,0,0.445,Medium,Train
7218,1,1,0.5487,Medium,Train
7219,1,0,0.4838,Medium,Train
7221,1,1,0.5026,Medium,Test
7223,1,0,0.4228,Medium,Train
7225,1,1,0.7174,High,Train
7227,1,0,0.4316,Medium,Test
7228,1,1,0.5427,Medium,Train
7229,1,0,0.4979,Medium,Train
7231,1,1,0.5526,Medium,Train
7232,1,1,0.5541,Medium,Train
7234,1,0,0.456,Medium,Train
7235,0,0,0.4133,Medium,Test
7236,1,1,0.5648,Medium,Train
7237,1,1,0.5373,Medium,Train
7238,1,0,0.3949,Medium,Train
7240,1,1,0.5369,Medium,Train
7241,1,0,0.4403,Medium,Train
7242,1,0,0.3799,Medium,Test
7243,1,0,0.4719,Medium,Train
7244,1,0,0.4151,Medium,Train
7245,1,1,0.5486,Medium,Train
7246,1,0,0.4819,Medium,Train
7247,1,0,0.4813,Medium,Train
7251,0,1,0.6409,Medium,Test
7252,1,1,0.5271,Medium,Train
7253,1,1,0.5658,Medium,Train
7254,1,0,0.4979,Medium,Train
7255,1,1,0.5997,Medium,Train
7256,1,1,0.5252,Medium,Test
7258,1,1,0.5082,Medium,Train
7259,1,0,0.4045,Medium,Train
7260,0,1,0.5715,Medium,Train
7261,1,1,0.5425,Medium,Test
7264,1,0,0.4294,Medium,Train
7265,1,1,0.7071,High,Train
7267,1,0,0.4699,Medium,Train
7268,1,1,0.5166,Medium,Train
7269,1,0,0.4905,Medium,Train
7271,1,1,0.5179,Medium,Train
7272,0,0,0.4697,Medium,Train
7273,1,1,0.6232,Medium,Test
7276,0,1,0.5212,Medium,Train
7277,1,0,0.4357,Medium,Train
7279,1,0,0.4312,Medium,Train
7281,1,1,0.504,Medium,Train
7283,1,1,0.5133,Medium,Train
7284,1,1,0.5775,Medium,Test
7285,0,1,0.5207,Medium,Train
7286,1,0,0.4981,Medium,Train
7287,1,1,0.6434,Medium,Test
7289,1,0,0.4346,Medium,Train
7290,1,0,0.4703,Medium,Train
7291,1,1,0.583,Medium,Train
7292,1,0,0.46,Medium,Train
7293,1,1,0.554,Medium,Train
7296,1,0,0.4634,Medium,Train
7297,1,0,0.495,Medium,Train
7298,1,1,0.6071,Medium,Train
7299,1,0,0.4898,Medium,Train
7300,1,0,0.4549,Medium,Train
7301,0,1,0.5308,Medium,Train
7302,1,0,0.4287,Medium,Train
7303,1,1,0.5897,Medium,Train
7304,1,0,0.4304,Medium,Train
7305,1,1,0.5591,Medium,Train
7306,1,0,0.4951,Medium,Test
7308,1,0,0.4401,Medium,Train
7309,1,1,0.5784,Medium,Train
7310,1,0,0.4551,Medium,Train
7311,1,0,0.4926,Medium,Train
7313,1,1,0.5747,Medium,Train
7314,1,1,0.507,Medium,Train
7316,1,1,0.5079,Medium,Train
7317,1,1,0.5063,Medium,Train
7318,1,0,0.4485,Medium,Train
7319,0,0,0.4247,Medium,Train
7321,1,0,0.4577,Medium,Train
7322,0,1,0.5968,Medium,Test
7323,0,0,0.4403,Medium,Test
7324,1,1,0.7258,High,Train
7325,1,1,0.5171,Medium,Train
7327,1,1,0.5667,Medium,Train
7328,0,1,0.5054,Medium,Train
7329,1,1,0.5277,Medium,Test
7330,0,1,0.5045,Medium,Train
7331,1,1,0.5668,Medium,Train
7332,1,1,0.6601,High,Train
7333,1,0,0.4639,Medium,Train
7336,1,1,0.5495,Medium,Train
7337,1,1,0.6792,High,Test
7338,1,0,0.4837,Medium,Train
7339,1,0,0.4851,Medium,Train
7340,1,1,0.5928,Medium,Train
7341,1,0,0.4211,Medium,Train
7342,1,0,0.4408,Medium,Test
7343,1,0,0.4628,Medium,Train
7346,1,0,0.4211,Medium,Train
7347,1,0,0.4075,Medium,Train
7349,1,1,0.5867,Medium,Train
7350,0,0,0.4325,Medium,Test
7352,1,1,0.5304,Medium,Train
7353,0,0,0.4444,Medium,Train
7356,1,0,0.4867,Medium,Test
7357,0,0,0.4109,Medium,Train
7359,1,0,0.4594,Medium,Train
7360,1,0,0.4692,Medium,Train
7361,1,1,0.5732,Medium,Train
7362,1,1,0.511,Medium,Train
7363,1,1,0.6169,Medium,Train
7364,1,0,0.4992,Medium,Train
7365,1,1,0.5951,Medium,Train
7366,1,0,0.446,Medium,Train
7367,1,0,0.4898,Medium,Train
7369,1,1,0.5158,Medium,Train
7371,1,0,0.4736,Medium,Train
7372,1,0,0.4678,Medium,Train
7373,1,0,0.4141,Medium,Test
7374,1,1,0.5324,Medium,Train
7375,1,1,0.5013,Medium,Test
7376,0,1,0.5224,Medium,Train
7377,1,1,0.6184,Medium,Test
7380,1,0,0.455,Medium,Train
7381,1,0,0.4856,Medium,Test
7382,1,0,0.4863,Medium,Train
7383,0,1,0.5164,Medium,Train
7384,1,1,0.5307,Medium,Train
7385,1,1,0.5231,Medium,Train
7386,1,1,0.526,Medium,Train
7388,1,1,0.6061,Medium,Train
7389,1,0,0.4172,Medium,Train
7390,0,0,0.4953,Medium,Train
7392,1,0,0.4212,Medium,Train
7393,1,0,0.4492,Medium,Train
7394,1,1,0.528,Medium,Test
7396,1,1,0.5528,Medium,Train
7397,1,1,0.508,Medium,Train
7400,1,1,0.5504,Medium,Train
7401,1,1,0.5096,Medium,Test
7402,1,1,0.5314,Medium,Train
7403,1,1,0.5436,Medium,Train
7404,0,1,0.5328,Medium,Train
7405,0,0,0.4385,Medium,Test
7406,0,1,0.525,Medium,Train
7407,1,0,0.4421,Medium,Train
7408,1,1,0.6259,Medium,Test
7409,0,0,0.4635,Medium,Train
7410,1,0,0.4243,Medium,Train
7411,1,0,0.4246,Medium,Test
7413,1,0,0.4485,Medium,Train
7414,1,1,0.5131,Medium,Train
7416,1,0,0.4618,Medium,Train
7418,0,0,0.4697,Medium,Train
7419,1,1,0.5535,Medium,Train
7421,0,0,0.4451,Medium,Train
7423,1,1,0.5339,Medium,Train
7424,0,0,0.3863,Medium,Train
7425,1,1,0.5439,Medium,Train
7426,1,0,0.419,Medium,Train
7427,1,1,0.5549,Medium,Train
7429,1,0,0.4721,Medium,Train
7432,1,1,0.5141,Medium,Train
7433,1,0,0.4585,Medium,Train
7435,1,0,0.4038,Medium,Train
7436,0,0,0.4584,Medium,Train
7438,1,0,0.3991,Medium,Test
7441,1,0,0.4939,Medium,Train
7442,0,0,0.4031,Medium,Train
7443,1,0,0.4901,Medium,Test
7445,1,1,0.6,Medium,Test
7446,1,1,0.5298,Medium,Train
7448,1,0,0.4622,Medium,Train
7449,1,1,0.5079,Medium,Train
7450,1,0,0.4089,Medium,Train
7451,1,1,0.624,Medium,Train
7452,0,1,0.536,Medium,Train
7454,1,1,0.6151,Medium,Train
7455,1,0,0.4615,Medium,Train
7456,1,0,0.4951,Medium,Train
7457,1,1,0.567,Medium,Train
7458,1,1,0.5123,Medium,Test
7459,0,0,0.4478,Medium,Train
7460,1,1,0.5569,Medium,Train
7461,1,1,0.5031,Medium,Train
7463,1,0,0.3826,Medium,Train
7465,1,0,0.4566,Medium,Test
7468,1,0,0.4525,Medium,Test
7470,1,0,0.4448,Medium,Test
7471,1,1,0.5814,Medium,Train
7472,1,1,0.5049,Medium,Train
7473,1,1,0.6771,High,Train
7474,1,0,0.4653,Medium,Test
7476,1,0,0.4871,Medium,Train
7477,1,1,0.5607,Medium,Train
7479,1,1,0.5948,Medium,Train
7480,1,0,0.4931,Medium,Train
7481,1,1,0.531,Medium,Test
7482,1,0,0.462,Medium,Train
7483,1,0,0.4858,Medium,Train
7484,1,1,0.5026,Medium,Train
7485,1,0,0.404,Medium,Test
7486,0,0,0.4926,Medium,Test
7488,1,0,0.4498,Medium,Train
7489,1,1,0.5403,Medium,Train
7492,1,0,0.4687,Medium,Test
7493,1,1,0.508,Medium,Train
7494,1,1,0.5385,Medium,Train
7495,1,0,0.4753,Medium,Train
7496,1,0,0.4664,Medium,Test
7497,1,0,0.4855,Medium,Train
7498,1,1,0.6159,Medium,Train
7499,1,1,0.5449,Medium,Train
7500,1,1,0.5117,Medium,Test
7502,1,1,0.5308,Medium,Train
7505,1,1,0.548,Medium,Train
7506,1,1,0.7294,High,Train
7507,1,0,0.4889,Medium,Train
7508,1,1,0.5615,Medium,Train
7509,1,0,0.3978,Medium,Train
7511,0,0,0.4021,Medium,Train
7512,1,1,0.5852,Medium,Train
7514,1,0,0.4929,Medium,Train
7516,1,1,0.5406,Medium,Train
7517,1,0,0.4764,Medium,Train
7518,1,1,0.5649,Medium,Train
7519,1,1,0.7097,High,Train
7520,1,0,0.4401,Medium,Train
7521,1,1,0.5265,Medium,Train
7522,1,0,0.3835,Medium,Train
7523,1,1,0.515,Medium,Train
7524,1,0,0.4562,Medium,Test
7526,1,0,0.4555,Medium,Train
7527,1,1,0.5302,Medium,Train
7528,1,1,0.5628,Medium,Train
7529,1,1,0.5383,Medium,Train
7530,1,0,0.4581,Medium,Train
7531,1,1,0.5213,Medium,Train
7532,1,1,0.5892,Medium,Train
7533,1,1,0.5615,Medium,Train
7535,0,1,0.5009,Medium,Train
7536,1,0,0.4889,Medium,Test
7537,1,0,0.4991,Medium,Test
7538,1,1,0.5471,Medium,Train
7539,1,1,0.5066,Medium,Train
7540,1,1,0.5206,Medium,Test
7542,1,1,0.611,Medium,Train
7544,1,1,0.5185,Medium,Train
7545,1,0,0.4878,Medium,Train
7547,0,0,0.4929,Medium,Train
7548,0,0,0.455,Medium,Train
7549,0,1,0.5423,Medium,Train
7550,1,1,0.5104,Medium,Train
7553,0,0,0.4684,Medium,Test
7554,1,0,0.4926,Medium,Train
7555,1,1,0.557,Medium,Train
7558,1,1,0.5005,Medium,Train
7559,1,0,0.4896,Medium,Train
7560,1,1,0.7025,High,Train
7563,1,0,0.3548,Medium,Train
7564,0,1,0.5555,Medium,Train
7565,1,1,0.5857,Medium,Test
7567,1,1,0.5213,Medium,Train
7568,1,1,0.5132,Medium,Train
7570,1,0,0.4403,Medium,Train
7571,1,1,0.5489,Medium,Train
7572,1,1,0.6085,Medium,Train
7573,1,1,0.5389,Medium,Train
7574,1,1,0.7187,High,Train
7575,1,0,0.3693,Medium,Test
7577,1,0,0.3999,Medium,Train
7578,1,1,0.5046,Medium,Train
7579,1,1,0.5361,Medium,Train
7581,0,0,0.4614,Medium,Train
7582,1,1,0.5489,Medium,Train
7583,0,1,0.6403,Medium,Train
7584,1,0,0.3907,Medium,Train
7587,1,0,0.4379,Medium,Train
7589,1,0,0.4696,Medium,Train
7591,1,0,0.4811,Medium,Train
7592,1,0,0.458,Medium,Train
7593,1,0,0.403,Medium,Train
7595,1,0,0.4122,Medium,Train
7596,1,1,0.6487,Medium,Train
7597,1,1,0.6086,Medium,Train
7600,1,1,0.507,Medium,Test
7601,1,1,0.571,Medium,Train
7603,1,1,0.5245,Medium,Train
7605,1,0,0.487,Medium,Train
7607,1,0,0.4935,Medium,Train
7608,1,1,0.5136,Medium,Train
7609,1,1,0.5135,Medium,Test
7610,1,1,0.593,Medium,Test
7611,0,0,0.3834,Medium,Test
7612,1,1,0.5504,Medium,Train
7613,1,0,0.4498,Medium,Test
7615,0,0,0.4958,Medium,Train
7617,1,1,0.5077,Medium,Test
7618,1,1,0.5941,Medium,Test
7619,1,1,0.5357,Medium,Train
7621,1,1,0.5751,Medium,Train
7623,1,1,0.5366,Medium,Train
7624,1,0,0.4783,Medium,Train
7625,1,1,0.5296,Medium,Test
7626,1,0,0.4776,Medium,Test
7627,1,0,0.4434,Medium,Train
7629,1,0,0.4702,Medium,Train
7630,1,0,0.4932,Medium,Train
7631,1,0,0.4435,Medium,Train
7632,1,0,0.4069,Medium,Train
7634,1,0,0.4994,Medium,Train
7635,1,1,0.5494,Medium,Train
7636,0,0,0.3705,Medium,Train
7637,1,1,0.5928,Medium,Train
7639,1,0,0.4989,Medium,Train
7640,1,1,0.5137,Medium,Train
7643,1,0,0.4405,Medium,Train
7644,1,1,0.5386,Medium,Train
7645,1,0,0.4461,Medium,Train
7646,1,0,0.4827,Medium,Test
7647,0,0,0.469,Medium,Train
7648,1,1,0.5077,Medium,Train
7650,1,0,0.4501,Medium,Test
7652,1,0,0.4752,Medium,Train
7653,1,1,0.6133,Medium,Test
7654,1,0,0.4469,Medium,Test
7655,1,1,0.6569,Medium,Train
7657,0,0,0.4045,Medium,Test
7658,1,1,0.5458,Medium,Train
7659,1,1,0.6202,Medium,Train
7661,1,1,0.5327,Medium,Train
7662,1,1,0.5732,Medium,Train
7663,1,0,0.4963,Medium,Train
7664,1,1,0.5435,Medium,Train
7665,1,0,0.3962,Medium,Train
7666,1,0,0.4927,Medium,Test
7670,0,1,0.5019,Medium,Train
7671,1,1,0.5072,Medium,Train
7672,1,0,0.4811,Medium,Train
7673,0,1,0.5435,Medium,Test
7674,1,1,0.5855,Medium,Train
7676,1,1,0.5117,Medium,Train
7677,1,0,0.3884,Medium,Train
7678,1,1,0.5372,Medium,Train
7679,1,0,0.4139,Medium,Train
7680,1,1,0.5568,Medium,Train
7681,1,1,0.579,Medium,Train
7682,1,1,0.5304,Medium,Train
7683,1,0,0.4177,Medium,Train
7684,1,1,0.5456,Medium,Train
7685,1,0,0.4144,Medium,Train
7686,1,0,0.4763,Medium,Train
7688,1,1,0.5265,Medium,Test
7689,1,1,0.5381,Medium,Test
7690,1,0,0.4842,Medium,Train
7692,1,1,0.5634,Medium,Train
7696,1,1,0.547,Medium,Train
7697,1,1,0.5413,Medium,Train
7699,1,0,0.4373,Medium,Test
7700,1,0,0.4726,Medium,Train
7701,1,1,0.6451,Medium,Train
7702,1,0,0.4186,Medium,Train
7703,1,0,0.4551,Medium,Train
7704,1,0,0.4243,Medium,Test
7705,1,0,0.4768,Medium,Train
7706,1,1,0.5593,Medium,Train
7708,1,1,0.5225,Medium,Train
7709,1,0,0.4475,Medium,Train
7711,1,0,0.4694,Medium,Train
7713,1,0,0.421,Medium,Test
7714,1,1,0.5259,Medium,Train
7716,1,1,0.5371,Medium,Train
7717,0,1,0.6723,High,Train
7718,1,0,0.4381,Medium,Test
7720,1,0,0.4907,Medium,Train
7721,1,0,0.4648,Medium,Train
7723,1,1,0.5068,Medium,Train
7724,1,1,0.6845,High,Train
7725,1,0,0.4896,Medium,Train
7727,1,0,0.4692,Medium,Train
7728,1,1,0.5579,Medium,Train
7729,1,1,0.5797,Medium,Train
7730,1,1,0.5412,Medium,Train
7732,1,1,0.5283,Medium,Train
7733,1,1,0.5156,Medium,Train
7734,1,0,0.4846,Medium,Train
7735,1,0,0.4492,Medium,Train
7737,1,1,0.6104,Medium,Train
7738,1,1,0.6726,High,Train
7740,1,1,0.5327,Medium,Train
7741,1,1,0.6186,Medium,Train
7743,1,1,0.6155,Medium,Train
7745,1,0,0.4265,Medium,Train
7746,1,1,0.5199,Medium,Train
7747,0,0,0.4874,Medium,Train
7748,1,1,0.5389,Medium,Train
7750,0,0,0.4427,Medium,Train
7751,1,1,0.5653,Medium,Train
7752,1,0,0.4597,Medium,Test
7753,1,1,0.502,Medium,Train
7756,1,0,0.4577,Medium,Train
7757,1,1,0.6523,Medium,Train
7758,0,1,0.525,Medium,Train
7759,1,0,0.4531,Medium,Train
7760,1,0,0.4121,Medium,Test
7761,1,0,0.4674,Medium,Train
7763,1,0,0.4877,Medium,Train
7765,0,0,0.4959,Medium,Train
7766,1,0,0.4791,Medium,Train
7767,1,0,0.4904,Medium,Train
7768,1,1,0.5805,Medium,Train
7770,1,0,0.4377,Medium,Train
7771,1,1,0.5389,Medium,Train
7772,1,1,0.6113,Medium,Train
7773,1,0,0.4969,Medium,Test
7775,1,1,0.5339,Medium,Test
7776,1,0,0.4834,Medium,Test
7777,0,0,0.4038,Medium,Train
7778,1,0,0.4845,Medium,Train
7779,1,1,0.6199,Medium,Train
7780,1,1,0.5267,Medium,Train
7782,1,1,0.5524,Medium,Test
7785,0,1,0.5402,Medium,Test
7786,0,0,0.4196,Medium,Train
7787,0,1,0.6336,Medium,Test
7788,1,0,0.4954,Medium,Train
7789,1,1,0.6143,Medium,Test
7790,1,0,0.4449,Medium,Test
7791,1,1,0.5472,Medium,Test
7793,0,1,0.5245,Medium,Train
7795,1,1,0.5009,Medium,Train
7796,1,1,0.509,Medium,Train
7798,1,0,0.4778,Medium,Train
7800,1,0,0.4799,Medium,Train
7801,1,1,0.5372,Medium,Train
7802,1,1,0.5309,Medium,Train
7803,1,0,0.4756,Medium,Train
7804,1,1,0.5467,Medium,Train
7805,1,1,0.5004,Medium,Train
7806,1,0,0.4749,Medium,Train
7807,1,0,0.4377,Medium,Train
7808,1,0,0.4744,Medium,Train
7811,1,0,0.4534,Medium,Train
7812,1,0,0.4524,Medium,Train
7813,0,1,0.5586,Medium,Train
7814,0,0,0.4636,Medium,Test
7815,1,1,0.5398,Medium,Train
7817,1,1,0.5652,Medium,Test
7818,1,1,0.5209,Medium,Train
7820,1,0,0.4468,Medium,Train
7821,1,1,0.5133,Medium,Train
7822,1,1,0.5331,Medium,Test
7823,0,0,0.4559,Medium,Test
7825,1,1,0.5474,Medium,Train
7826,1,1,0.5287,Medium,Train
7829,1,0,0.3226,Low,Train
7832,1,0,0.4744,Medium,Train
7833,1,1,0.5247,Medium,Train
7834,1,1,0.5121,Medium,Train
7835,0,1,0.5874,Medium,Train
7836,0,1,0.5518,Medium,Train
7837,1,1,0.5821,Medium,Test
7838,1,0,0.4551,Medium,Train
7841,1,0,0.4583,Medium,Train
7842,1,1,0.5737,Medium,Train
7844,0,0,0.4737,Medium,Train
7845,1,0,0.4758,Medium,Train
7846,1,0,0.3786,Medium,Train
7847,1,1,0.5118,Medium,Train
7849,0,1,0.5611,Medium,Train
7851,1,1,0.594,Medium,Train
7852,1,1,0.6221,Medium,Train
7853,1,0,0.4426,Medium,Train
7854,1,0,0.4702,Medium,Train
7855,1,1,0.5538,Medium,Train
7856,0,1,0.5389,Medium,Train
7858,1,1,0.5291,Medium,Train
7859,1,1,0.5455,Medium,Train
7860,1,1,0.6308,Medium,Train
7862,1,0,0.4332,Medium,Train
7863,1,1,0.6586,Medium,Test
7864,1,1,0.5637,Medium,Test
7867,1,1,0.5302,Medium,Train
7868,1,0,0.4505,Medium,Train
7869,0,1,0.5711,Medium,Train
7870,1,1,0.5618,Medium,Test
7872,1,0,0.4929,Medium,Train
7875,1,0,0.3917,Medium,Train
7877,1,1,0.5316,Medium,Train
7879,1,1,0.5013,Medium,Train
7880,1,0,0.4663,Medium,Train
7881,1,1,0.536,Medium,Test
7883,0,0,0.4414,Medium,Train
7884,1,0,0.4743,Medium,Train
7885,1,1,0.5313,Medium,Train
7887,1,0,0.4779,Medium,Test
7889,1,1,0.5105,Medium,Train
7890,1,1,0.5461,Medium,Train
7891,1,1,0.7032,High,Train
7892,1,0,0.4872,Medium,Train
7893,1,0,0.4477,Medium,Train
7895,1,1,0.5679,Medium,Train
7896,1,1,0.5484,Medium,Train
7897,1,1,0.5047,Medium,Train
7898,1,1,0.5652,Medium,Train
7899,1,1,0.5405,Medium,Train
7900,1,0,0.366,Medium,Train
7901,1,0,0.4609,Medium,Test
7902,1,0,0.4122,Medium,Train
7903,1,1,0.5815,Medium,Train
7905,1,0,0.4744,Medium,Test
7906,1,1,0.5129,Medium,Train
7907,1,0,0.466,Medium,Train
7910,1,0,0.4166,Medium,Train
7911,1,1,0.6344,Medium,Train
7912,1,1,0.5237,Medium,Train
7913,1,1,0.5914,Medium,Train
7914,1,1,0.6643,High,Train
7915,0,0,0.4701,Medium,Train
7916,0,0,0.3631,Medium,Train
7918,1,1,0.5101,Medium,Train
7919,1,1,0.5683,Medium,Train
7920,1,0,0.4812,Medium,Train
7922,1,0,0.4643,Medium,Train
7924,1,1,0.5349,Medium,Train
7925,1,0,0.4561,Medium,Test
7926,1,0,0.4881,Medium,Train
7927,1,1,0.618,Medium,Train
7929,1,0,0.4445,Medium,Train
7930,1,0,0.4608,Medium,Test
7931,1,0,0.4707,Medium,Train
7932,1,1,0.5002,Medium,Train
7933,1,1,0.7459,High,Test
7936,1,1,0.6267,Medium,Train
7937,1,0,0.4915,Medium,Test
7938,0,0,0.4621,Medium,Train
7940,1,1,0.5234,Medium,Test
7941,1,1,0.5455,Medium,Train
7943,0,1,0.5252,Medium,Train
7944,1,0,0.452,Medium,Train
7945,0,0,0.4503,Medium,Train
7946,0,1,0.5061,Medium,Train
7947,1,1,0.6287,Medium,Train
7948,1,0,0.445,Medium,Train
7949,0,0,0.4229,Medium,Train
7950,1,0,0.4861,Medium,Train
7952,1,1,0.722,High,Test
7953,1,1,0.5031,Medium,Train
7954,1,1,0.5925,Medium,Train
7955,1,1,0.5113,Medium,Train
7956,1,1,0.5632,Medium,Train
7958,1,0,0.4868,Medium,Train
7959,1,0,0.4964,Medium,Train
7960,0,1,0.5487,Medium,Test
7962,1,1,0.5242,Medium,Test
7963,1,0,0.4559,Medium,Train
7964,1,1,0.6908,High,Test
7965,1,1,0.5123,Medium,Train
7966,1,1,0.5497,Medium,Train
7968,0,0,0.4754,Medium,Train
7969,1,1,0.6625,High,Train
7970,1,1,0.5013,Medium,Train
7971,1,1,0.5829,Medium,Test
7973,1,0,0.4065,Medium,Train
7974,1,0,0.4607,Medium,Test
7977,1,1,0.5455,Medium,Train
7978,1,1,0.5463,Medium,Train
7979,1,1,0.5118,Medium,Train
7980,1,0,0.4695,Medium,Train
7981,1,1,0.5388,Medium,Test
7982,1,0,0.3833,Medium,Test
7983,0,1,0.5119,Medium,Train
7984,1,1,0.528,Medium,Train
7985,1,1,0.5484,Medium,Train
7986,1,0,0.4967,Medium,Test
7987,1,0,0.4901,Medium,Train
7989,1,0,0.4809,Medium,Train
7990,1,1,0.6432,Medium,Train
7991,1,0,0.3919,Medium,Train
7992,1,0,0.4586,Medium,Test
7993,1,0,0.448,Medium,Train
7995,1,0,0.4498,Medium,Train
7996,1,0,0.473,Medium,Train
7998,1,1,0.6581,Medium,Train
7999,1,1,0.5495,Medium,Train
8000,1,1,0.5197,Medium,Test
8001,1,0,0.4876,Medium,Train
8002,0,1,0.519,Medium,Test
8003,1,1,0.5317,Medium,Test
8004,0,1,0.5412,Medium,Train
8005,1,1,0.5434,Medium,Train
8006,1,1,0.5747,Medium,Test
8007,1,1,0.6267,Medium,Train
8009,1,1,0.5196,Medium,Train
8010,1,1,0.51,Medium,Test
8011,1,1,0.5603,Medium,Test
8015,1,0,0.4106,Medium,Train
8016,1,1,0.5405,Medium,Test
8017,1,1,0.576,Medium,Train
8019,1,0,0.4782,Medium,Train
8020,1,0,0.4105,Medium,Train
8021,1,0,0.4925,Medium,Train
8022,1,1,0.5545,Medium,Test
8024,0,0,0.475,Medium,Train
8025,1,1,0.6854,High,Test
8026,1,0,0.4964,Medium,Train
8027,1,1,0.6164,Medium,Test
8028,1,1,0.5643,Medium,Train
8029,1,1,0.5005,Medium,Test
8030,1,0,0.4978,Medium,Train
8031,1,0,0.4797,Medium,Train
8032,1,1,0.5262,Medium,Train
8033,1,1,0.5228,Medium,Train
8034,1,0,0.377,Medium,Train
8036,0,0,0.4304,Medium,Test
8037,1,0,0.4966,Medium,Train
8039,1,0,0.4981,Medium,Train
8043,1,0,0.4785,Medium,Test
8044,1,1,0.5324,Medium,Train
8045,1,0,0.4759,Medium,Train
8046,1,0,0.4914,Medium,Train
8048,1,1,0.5867,Medium,Train
8049,1,1,0.5591,Medium,Test
8051,1,1,0.5644,Medium,Train
8052,1,1,0.6152,Medium,Train
8053,1,0,0.4267,Medium,Train
8054,1,0,0.4901,Medium,Test
8055,1,1,0.7386,High,Train
8058,1,0,0.4301,Medium,Train
8059,1,1,0.5893,Medium,Test
8061,1,0,0.4314,Medium,Train
8062,1,0,0.4524,Medium,Test
8063,1,1,0.511,Medium,Train
8064,1,1,0.6872,High,Test
8065,1,0,0.4753,Medium,Train
8066,1,0,0.4804,Medium,Test
8067,1,1,0.5244,Medium,Train
8069,1,0,0.4605,Medium,Train
8071,1,0,0.4816,Medium,Train
8072,1,0,0.4193,Medium,Train
8073,1,1,0.5217,Medium,Train
8074,1,0,0.4637,Medium,Train
8075,1,1,0.5556,Medium,Train
8076,1,1,0.5977,Medium,Train
8077,1,0,0.4938,Medium,Test
8078,1,0,0.4002,Medium,Train
8079,1,0,0.4586,Medium,Train
8080,1,1,0.5193,Medium,Train
8082,1,1,0.5662,Medium,Train
8083,0,1,0.5357,Medium,Train
8085,1,1,0.5777,Medium,Test
8086,1,1,0.5042,Medium,Train
8087,0,0,0.46,Medium,Train
8088,1,1,0.5684,Medium,Test
8089,0,1,0.5513,Medium,Train
8090,1,1,0.5108,Medium,Train
8091,1,1,0.5459,Medium,Train
8092,1,1,0.5347,Medium,Train
8093,1,0,0.459,Medium,Train
8094,1,1,0.5293,Medium,Train
8095,1,1,0.5344,Medium,Train
8096,1,1,0.5009,Medium,Train
8098,1,0,0.4889,Medium,Train
8099,1,1,0.5751,Medium,Test
8100,1,1,0.505,Medium,Train
8101,0,0,0.4487,Medium,Train
8102,1,0,0.4569,Medium,Train
8103,1,1,0.5084,Medium,Train
8104,1,1,0.5101,Medium,Train
8105,1,0,0.4634,Medium,Test
8106,1,1,0.5089,Medium,Train
8108,1,1,0.5339,Medium,Train
8110,1,1,0.6014,Medium,Train
8111,1,1,0.5284,Medium,Train
8114,1,0,0.4475,Medium,Train
8116,1,0,0.4997,Medium,Train
8118,1,1,0.5577,Medium,Train
8119,1,0,0.442,Medium,Test
8122,1,0,0.4359,Medium,Train
8124,1,1,0.6046,Medium,Train
8125,1,1,0.5532,Medium,Train
8126,0,0,0.437,Medium,Train
8127,0,1,0.522,Medium,Test
8128,1,1,0.5318,Medium,Train
8129,1,1,0.5008,Medium,Test
8130,1,1,0.5793,Medium,Train
8131,0,0,0.3958,Medium,Test
8132,1,1,0.548,Medium,Test
8134,1,1,0.5693,Medium,Train
8135,1,1,0.5846,Medium,Train
8136,0,1,0.5292,Medium,Train
8137,1,1,0.5463,Medium,Train
8138,1,0,0.3859,Medium,Train
8139,1,0,0.4845,Medium,Train
8140,0,1,0.5116,Medium,Train
8141,1,0,0.4553,Medium,Train
8143,1,0,0.4809,Medium,Train
8144,1,0,0.4506,Medium,Train
8146,1,1,0.5582,Medium,Train
8147,1,0,0.4836,Medium,Train
8148,1,1,0.7404,High,Train
8150,1,1,0.5524,Medium,Train
8151,1,1,0.5328,Medium,Test
8152,1,1,0.5098,Medium,Train
8153,1,0,0.4909,Medium,Train
8156,1,0,0.4587,Medium,Train
8157,1,1,0.5009,Medium,Test
8158,1,1,0.507,Medium,Train
8159,1,0,0.49,Medium,Test
8160,1,1,0.6049,Medium,Train
8161,1,0,0.428,Medium,Train
8163,1,1,0.6721,High,Test
8164,1,0,0.4973,Medium,Train
8165,1,1,0.6374,Medium,Train
8168,1,1,0.513,Medium,Train
8169,1,1,0.6718,High,Train
8170,1,0,0.4929,Medium,Train
8171,1,1,0.6079,Medium,Train
8172,1,0,0.4636,Medium,Train
8174,0,0,0.4875,Medium,Test
8175,1,1,0.595,Medium,Train
8178,1,1,0.631,Medium,Train
8179,1,1,0.6117,Medium,Train
8182,1,1,0.502,Medium,Train
8183,1,0,0.4215,Medium,Train
8184,0,0,0.4212,Medium,Train
8185,1,1,0.5254,Medium,Test
8186,1,1,0.5995,Medium,Train
8187,1,0,0.4876,Medium,Train
8190,1,0,0.4684,Medium,Train
8191,1,1,0.5915,Medium,Train
8194,1,0,0.4856,Medium,Train
8195,1,0,0.4011,Medium,Train
8196,0,0,0.419,Medium,Train
8197,1,0,0.4494,Medium,Test
8198,0,1,0.533,Medium,Train
8199,1,1,0.5307,Medium,Test
8201,0,0,0.3736,Medium,Train
8202,1,0,0.4691,Medium,Train
8204,1,1,0.5627,Medium,Train
8205,1,1,0.5137,Medium,Train
8207,1,0,0.4024,Medium,Train
8209,1,1,0.5056,Medium,Train
8210,1,0,0.4493,Medium,Train
8211,1,1,0.5311,Medium,Train
8212,1,0,0.4409,Medium,Train
8214,1,1,0.6285,Medium,Train
8216,1,0,0.4722,Medium,Train
8217,1,0,0.4359,Medium,Train
8219,1,1,0.5677,Medium,Train
8220,1,0,0.4045,Medium,Test
8221,1,1,0.6265,Medium,Train
8222,1,0,0.4986,Medium,Train
8224,1,0,0.4559,Medium,Train
8226,1,1,0.5373,Medium,Train
8227,1,1,0.5014,Medium,Train
8228,1,1,0.6721,High,Test
8229,1,1,0.5534,Medium,Train
8230,1,0,0.4937,Medium,Train
8231,1,1,0.5997,Medium,Train
8232,1,0,0.4407,Medium,Test
8233,1,1,0.5035,Medium,Train
8234,0,1,0.5341,Medium,Train
8235,1,1,0.5299,Medium,Train
8236,0,0,0.4891,Medium,Train
8237,1,0,0.4279,Medium,Train
8238,0,0,0.4457,Medium,Train
8239,1,0,0.4032,Medium,Train
8240,1,0,0.4498,Medium,Train
8241,1,1,0.5103,Medium,Train
8242,1,1,0.7013,High,Train
8243,1,1,0.6092,Medium,Train
8246,1,1,0.5486,Medium,Train
8247,1,1,0.5013,Medium,Train
8249,1,0,0.3588,Medium,Train
8251,1,1,0.6575,Medium,Test
8252,1,1,0.6308,Medium,Train
8253,1,0,0.3912,Medium,Train
8254,0,1,0.5315,Medium,Train
8255,1,1,0.6452,Medium,Train
8256,1,0,0.4682,Medium,Train
8257,0,0,0.4984,Medium,Train
8258,1,0,0.3736,Medium,Train
8259,1,1,0.5225,Medium,Train
8260,1,1,0.5957,Medium,Train
8262,1,1,0.5802,Medium,Train
8263,1,1,0.5709,Medium,Train
8265,1,0,0.3962,Medium,Train
8267,1,1,0.5863,Medium,Train
8269,1,1,0.5412,Medium,Test
8270,1,0,0.4541,Medium,Train
8271,1,0,0.4943,Medium,Train
8272,0,1,0.506,Medium,Train
8273,1,1,0.5155,Medium,Test
8274,1,0,0.4442,Medium,Train
8278,1,1,0.5578,Medium,Train
8279,1,0,0.4054,Medium,Train
8281,1,0,0.4629,Medium,Train
8282,1,1,0.54,Medium,Train
8283,1,0,0.4719,Medium,Train
8284,1,1,0.5519,Medium,Test
8285,1,0,0.4588,Medium,Train
8286,1,0,0.4569,Medium,Train
8288,0,0,0.4463,Medium,Train
8289,1,1,0.5097,Medium,Train
8290,0,0,0.4583,Medium,Test
8291,1,1,0.5448,Medium,Train
8293,1,1,0.5658,Medium,Test
8294,1,0,0.4655,Medium,Train
8296,1,1,0.5112,Medium,Train
8298,0,1,0.6741,High,Train
8299,1,0,0.3563,Medium,Train
8300,1,0,0.4468,Medium,Train
8301,1,0,0.44,Medium,Test
8302,1,1,0.5472,Medium,Train
8304,0,1,0.5601,Medium,Train
8306,1,1,0.5634,Medium,Train
8307,0,0,0.4473,Medium,Test
8308,1,1,0.6192,Medium,Train
8309,1,1,0.5665,Medium,Test
8311,1,0,0.4544,Medium,Train
8312,1,0,0.4816,Medium,Train
8313,1,1,0.5989,Medium,Train
8314,1,0,0.4453,Medium,Test
8315,0,0,0.3852,Medium,Test
8316,1,0,0.4021,Medium,Train
8317,1,1,0.5051,Medium,Train
8318,1,1,0.5016,Medium,Train
8319,1,0,0.4712,Medium,Train
8320,1,1,0.5441,Medium,Train
8324,1,0,0.4502,Medium,Train
8325,1,0,0.457,Medium,Train
8327,0,1,0.5344,Medium,Train
8329,1,0,0.4466,Medium,Train
8330,1,1,0.5313,Medium,Train
8331,1,1,0.5393,Medium,Train
8332,1,0,0.4052,Medium,Test
8333,0,1,0.5431,Medium,Test
8334,1,0,0.4858,Medium,Test
8335,1,0,0.405,Medium,Test
8337,1,0,0.463,Medium,Test
8338,1,0,0.4692,Medium,Train
8339,1,0,0.4458,Medium,Train
8340,1,1,0.5569,Medium,Train
8343,1,0,0.4652,Medium,Train
8344,0,0,0.4306,Medium,Train
8345,0,1,0.5614,Medium,Train
8348,1,0,0.4162,Medium,Train
8350,0,1,0.6315,Medium,Train
8351,1,1,0.6853,High,Train
8352,1,0,0.4193,Medium,Train
8354,1,0,0.4779,Medium,Train
8355,1,0,0.4995,Medium,Test
8356,1,0,0.4502,Medium,Train
8357,1,0,0.4809,Medium,Train
8359,1,1,0.5198,Medium,Train
8360,1,0,0.4327,Medium,Train
8361,1,1,0.5052,Medium,Train
8363,1,0,0.4966,Medium,Train
8364,0,0,0.4842,Medium,Train
8365,0,1,0.5533,Medium,Train
8366,1,1,0.5596,Medium,Train
8367,1,0,0.4501,Medium,Train
8368,0,0,0.4532,Medium,Train
8369,1,0,0.4379,Medium,Train
8370,1,1,0.532,Medium,Train
8371,1,0,0.4335,Medium,Train
8372,1,0,0.4163,Medium,Train
8374,1,1,0.611,Medium,Train
8375,1,0,0.444,Medium,Train
8376,1,0,0.4751,Medium,Train
8377,1,0,0.4138,Medium,Train
8378,1,1,0.5154,Medium,Train
8379,0,0,0.436,Medium,Test
8380,1,1,0.5459,Medium,Train
8381,1,1,0.5257,Medium,Train
8384,1,0,0.4868,Medium,Train
8385,1,1,0.5472,Medium,Train
8386,1,1,0.5788,Medium,Train
8391,1,1,0.5517,Medium,Test
8393,1,1,0.5626,Medium,Train
8394,0,1,0.504,Medium,Test
8395,1,1,0.5057,Medium,Train
8396,1,0,0.4537,Medium,Train
8397,1,1,0.6271,Medium,Train
8399,1,1,0.5806,Medium,Test
8400,0,0,0.4999,Medium,Test
8401,1,0,0.4211,Medium,Train
8402,1,0,0.452,Medium,Train
8403,1,0,0.4989,Medium,Train
8404,1,1,0.5836,Medium,Test
8405,1,0,0.4509,Medium,Train
8407,1,1,0.6932,High,Train
8409,1,1,0.5451,Medium,Train
8410,0,1,0.5005,Medium,Train
8412,1,0,0.4731,Medium,Test
8413,1,0,0.4692,Medium,Test
8416,1,1,0.5302,Medium,Train
8417,1,1,0.5512,Medium,Train
8418,1,0,0.4865,Medium,Train
8419,1,1,0.5081,Medium,Train
8420,1,0,0.4403,Medium,Train
8422,1,0,0.4557,Medium,Train
8424,1,1,0.5941,Medium,Train
8425,1,0,0.4586,Medium,Train
8426,1,1,0.5192,Medium,Train
8427,1,0,0.4634,Medium,Train
8428,1,0,0.3427,Medium,Train
8429,1,1,0.5551,Medium,Train
8430,1,1,0.6426,Medium,Train
8431,1,1,0.5123,Medium,Test
8432,1,0,0.4566,Medium,Train
8434,1,0,0.4009,Medium,Train
8435,1,1,0.5688,Medium,Test
8436,1,1,0.5065,Medium,Train
8437,1,1,0.5002,Medium,Train
8438,1,1,0.5481,Medium,Test
8439,1,1,0.5425,Medium,Train
8440,1,1,0.5211,Medium,Train
8441,0,0,0.4741,Medium,Train
8442,1,1,0.6276,Medium,Test
8443,1,1,0.5297,Medium,Train
8444,1,1,0.5545,Medium,Train
8445,1,0,0.45,Medium,Train
8446,1,1,0.5647,Medium,Train
8447,1,1,0.51,Medium,Test
8448,1,0,0.437,Medium,Train
8449,1,1,0.5271,Medium,Train
8450,1,1,0.5407,Medium,Train
8451,1,0,0.4803,Medium,Train
8453,1,1,0.6052,Medium,Train
8455,1,1,0.5168,Medium,Train
8457,1,0,0.4883,Medium,Train
8458,1,0,0.4963,Medium,Train
8459,0,0,0.4119,Medium,Train
8460,1,1,0.6115,Medium,Train
8461,0,1,0.5643,Medium,Train
8462,1,0,0.4686,Medium,Train
8463,1,1,0.504,Medium,Train
8464,1,0,0.4999,Medium,Train
8465,1,0,0.4853,Medium,Train
8466,1,1,0.6396,Medium,Train
8467,1,1,0.5093,Medium,Train
8468,1,1,0.5094,Medium,Train
8470,1,1,0.5104,Medium,Train
8471,1,1,0.5308,Medium,Train
8473,1,1,0.5202,Medium,Train
8474,0,1,0.5557,Medium,Train
8475,1,1,0.516,Medium,Test
8477,1,1,0.6888,High,Train
8480,1,1,0.5501,Medium,Train
8481,1,0,0.4807,Medium,Train
8483,1,0,0.4963,Medium,Train
8485,1,1,0.6431,Medium,Test
8486,1,1,0.595,Medium,Train
8488,1,0,0.4077,Medium,Train
8489,1,0,0.4096,Medium,Test
8490,1,0,0.4475,Medium,Train
8492,1,1,0.5343,Medium,Train
8493,0,1,0.5025,Medium,Train
8494,1,0,0.4418,Medium,Train
8495,1,0,0.4921,Medium,Train
8497,1,1,0.5358,Medium,Train
8498,1,1,0.5235,Medium,Train
8500,1,0,0.496,Medium,Test
8501,1,0,0.4432,Medium,Train
8502,0,0,0.4317,Medium,Train
8503,1,1,0.5315,Medium,Train
8505,1,1,0.5318,Medium,Train
8508,1,0,0.4598,Medium,Train
8509,1,0,0.488,Medium,Test
8510,1,0,0.4564,Medium,Test
8511,1,0,0.4143,Medium,Train
8512,1,0,0.4763,Medium,Train
8513,1,0,0.4764,Medium,Test
8515,1,0,0.4967,Medium,Test
8516,0,0,0.4996,Medium,Train
8517,1,1,0.5038,Medium,Train
8518,1,0,0.4025,Medium,Train
8519,1,0,0.417,Medium,Train
8520,1,0,0.4259,Medium,Train
8522,1,1,0.5013,Medium,Test
8523,1,1,0.5909,Medium,Train
8524,1,0,0.4763,Medium,Train
8526,1,1,0.5709,Medium,Train
8527,1,1,0.6892,High,Train
8528,1,0,0.431,Medium,Train
8529,1,1,0.5744,Medium,Train
8530,1,1,0.6995,High,Test
8532,1,1,0.5641,Medium,Train
8533,1,0,0.4482,Medium,Test
8536,0,1,0.5798,Medium,Test
8537,1,0,0.4799,Medium,Train
8538,1,1,0.5766,Medium,Train
8539,1,1,0.5164,Medium,Train
8542,1,1,0.5012,Medium,Train
8545,1,1,0.5702,Medium,Test
8546,1,0,0.4861,Medium,Test
8547,1,1,0.5405,Medium,Train
8548,0,0,0.4421,Medium,Train
8549,1,1,0.6797,High,Train
8550,1,0,0.4142,Medium,Train
8551,1,1,0.557,Medium,Train
8553,1,1,0.5423,Medium,Test
8554,0,0,0.4082,Medium,Train
8555,1,1,0.5439,Medium,Train
8556,1,0,0.4867,Medium,Train
8557,0,0,0.4498,Medium,Test
8560,1,1,0.7351,High,Test
8562,0,1,0.5622,Medium,Train
8564,1,0,0.4536,Medium,Test
8565,1,0,0.4943,Medium,Train
8566,0,1,0.5578,Medium,Train
8568,1,1,0.6539,Medium,Train
8569,1,1,0.6026,Medium,Train
8570,1,1,0.7375,High,Train
8573,1,1,0.5172,Medium,Train
8575,0,0,0.4272,Medium,Train
8578,1,0,0.4298,Medium,Train
8579,1,0,0.4507,Medium,Train
8580,1,1,0.5523,Medium,Train
8581,1,0,0.4634,Medium,Train
8582,1,1,0.5087,Medium,Train
8583,1,1,0.5229,Medium,Train
8584,1,1,0.517,Medium,Train
8586,1,1,0.5087,Medium,Train
8589,1,0,0.4436,Medium,Train
8590,0,1,0.5777,Medium,Train
8591,1,1,0.5848,Medium,Train
8592,1,0,0.4115,Medium,Train
8593,1,1,0.5284,Medium,Train
8594,1,1,0.5145,Medium,Train
8595,1,0,0.4997,Medium,Train
8596,1,0,0.4824,Medium,Train
8597,1,0,0.3791,Medium,Train
8598,1,0,0.4912,Medium,Train
8599,1,1,0.5286,Medium,Train
8600,1,1,0.6632,High,Train
8603,0,1,0.5439,Medium,Train
8604,1,1,0.5366,Medium,Train
8607,1,0,0.4183,Medium,Train
8608,1,1,0.5233,Medium,Test
8609,1,0,0.4211,Medium,Train
8611,0,0,0.4322,Medium,Train
8612,0,1,0.5243,Medium,Train
8613,1,0,0.4044,Medium,Train
8614,0,1,0.5806,Medium,Test
8615,1,0,0.4746,Medium,Train
8617,1,1,0.5029,Medium,Train
8618,1,1,0.5785,Medium,Train
8620,1,0,0.3964,Medium,Train
8621,1,1,0.5665,Medium,Train
8623,1,1,0.6299,Medium,Train
8624,1,0,0.4594,Medium,Train
8625,0,1,0.5055,Medium,Train
8630,1,0,0.4013,Medium,Train
8631,1,0,0.4086,Medium,Test
8632,1,0,0.4437,Medium,Train
8633,1,1,0.6411,Medium,Train
8635,1,1,0.5927,Medium,Train
8636,1,0,0.437,Medium,Train
8637,1,0,0.4576,Medium,Train
8638,1,0,0.358,Medium,Train
8639,1,0,0.4716,Medium,Train
8642,0,0,0.481,Medium,Train
8643,1,1,0.5087,Medium,Train
8644,1,1,0.5006,Medium,Test
8645,1,0,0.4523,Medium,Train
8646,1,1,0.6338,Medium,Train
8648,1,1,0.6471,Medium,Train
8649,1,1,0.5355,Medium,Train
8650,1,0,0.4753,Medium,Train
8651,1,1,0.5107,Medium,Test
8652,1,1,0.5611,Medium,Test
8653,1,1,0.5113,Medium,Train
8654,1,0,0.4359,Medium,Train
8656,1,0,0.4758,Medium,Train
8657,0,1,0.5051,Medium,Test
8658,1,0,0.4452,Medium,Test
8660,1,1,0.5409,Medium,Train
8661,1,1,0.5478,Medium,Train
8662,1,0,0.4778,Medium,Train
8663,1,1,0.5439,Medium,Test
8666,1,1,0.6096,Medium,Train
8668,1,0,0.4927,Medium,Train
8669,0,1,0.5812,Medium,Train
8672,0,1,0.5005,Medium,Test
8673,1,0,0.4807,Medium,Train
8676,1,1,0.6117,Medium,Test
8677,1,1,0.5278,Medium,Train
8678,0,1,0.5179,Medium,Train
8680,1,1,0.6127,Medium,Train
8681,1,1,0.6253,Medium,Train
8682,1,0,0.4647,Medium,Train
8683,1,0,0.4853,Medium,Test
8684,1,1,0.5637,Medium,Train
8685,1,1,0.5311,Medium,Train
8686,0,0,0.4765,Medium,Train
8688,1,1,0.6551,Medium,Train
8689,1,0,0.4964,Medium,Train
8691,1,0,0.4021,Medium,Train
8692,1,0,0.4574,Medium,Train
8698,1,1,0.5645,Medium,Train
8699,1,1,0.5082,Medium,Train
8700,1,0,0.4308,Medium,Test
8701,1,1,0.5347,Medium,Train
8702,1,1,0.5297,Medium,Train
8703,0,1,0.6247,Medium,Train
8704,0,1,0.5158,Medium,Test
8705,1,0,0.4019,Medium,Train
8706,0,1,0.5209,Medium,Test
8707,1,1,0.5206,Medium,Train
8708,1,1,0.5717,Medium,Train
8709,0,0,0.4835,Medium,Train
8710,0,1,0.5183,Medium,Test
8711,1,0,0.4716,Medium,Train
8712,1,0,0.4673,Medium,Train
8713,1,0,0.4731,Medium,Train
8714,1,1,0.5505,Medium,Test
8715,1,1,0.5653,Medium,Train
8718,1,1,0.5931,Medium,Test
8719,1,1,0.5489,Medium,Train
8720,1,1,0.5545,Medium,Train
8721,1,1,0.5018,Medium,Train
8723,1,1,0.5298,Medium,Test
8724,0,0,0.4193,Medium,Train
8725,1,1,0.5566,Medium,Test
8726,1,1,0.5138,Medium,Train
8727,1,0,0.4513,Medium,Train
8728,1,1,0.5094,Medium,Train
8729,1,1,0.5282,Medium,Train
8730,1,1,0.5763,Medium,Test
8732,1,0,0.4981,Medium,Train
8734,1,1,0.5634,Medium,Train
8735,1,0,0.4666,Medium,Train
8738,1,1,0.5243,Medium,Train
8739,1,1,0.5583,Medium,Train
8740,1,1,0.5651,Medium,Test
8741,1,1,0.5264,Medium,Train
8743,1,1,0.6816,High,Train
8744,1,1,0.5238,Medium,Train
8745,1,1,0.6249,Medium,Test
8746,1,0,0.479,Medium,Train
8747,1,1,0.5157,Medium,Train
8748,1,1,0.5173,Medium,Train
8752,1,1,0.5679,Medium,Test
8753,1,0,0.4702,Medium,Test
8754,1,1,0.5055,Medium,Test
8755,1,0,0.4721,Medium,Train
8756,0,0,0.4927,Medium,Test
8758,1,1,0.5233,Medium,Train
8759,1,0,0.4391,Medium,Train
8761,1,1,0.5233,Medium,Train
8762,0,1,0.5154,Medium,Train
8764,1,1,0.5176,Medium,Train
8765,0,1,0.5441,Medium,Train
8766,1,0,0.35,Medium,Train
8767,1,0,0.4907,Medium,Train
8768,1,1,0.5414,Medium,Train
8769,1,0,0.4586,Medium,Train
8772,1,1,0.6116,Medium,Train
8773,1,1,0.5416,Medium,Train
8775,1,0,0.4762,Medium,Train
8776,1,0,0.3543,Medium,Train
8777,1,1,0.6246,Medium,Train
8778,1,0,0.4504,Medium,Train
8779,1,1,0.5887,Medium,Train
8780,1,0,0.4479,Medium,Train
8781,1,0,0.4702,Medium,Test
8783,0,0,0.4836,Medium,Train
8784,0,0,0.4431,Medium,Train
8785,1,0,0.457,Medium,Train
8788,1,0,0.4877,Medium,Test
8791,1,1,0.5772,Medium,Train
8792,1,1,0.5326,Medium,Train
8793,0,0,0.4375,Medium,Train
8796,1,0,0.4634,Medium,Train
8798,1,0,0.4311,Medium,Test
8799,1,0,0.4935,Medium,Train
8800,1,1,0.5098,Medium,Train
8801,1,1,0.5141,Medium,Train
8803,1,0,0.4959,Medium,Train
8804,1,0,0.4901,Medium,Train
8805,1,1,0.5274,Medium,Train
8806,1,0,0.4953,Medium,Test
8807,1,0,0.4562,Medium,Train
8809,1,1,0.7245,High,Train
8812,1,0,0.4175,Medium,Train
8813,1,1,0.5247,Medium,Train
8814,0,1,0.7051,High,Train
8816,1,1,0.5979,Medium,Test
8818,1,0,0.48,Medium,Train
8820,1,1,0.5616,Medium,Train
8821,0,0,0.441,Medium,Train
8822,1,0,0.4813,Medium,Test
8823,1,1,0.5902,Medium,Train
8824,0,0,0.4275,Medium,Train
8825,0,0,0.4881,Medium,Train
8826,1,1,0.6041,Medium,Train
8828,0,0,0.4508,Medium,Train
8829,1,1,0.5296,Medium,Train
8830,1,0,0.4329,Medium,Train
8831,0,0,0.4885,Medium,Train
8832,1,1,0.5433,Medium,Train
8833,1,0,0.468,Medium,Train
8834,1,0,0.4967,Medium,Train
8835,1,1,0.5057,Medium,Train
8836,0,0,0.4632,Medium,Train
8839,1,1,0.628,Medium,Train
8841,1,1,0.5165,Medium,Train
8842,1,0,0.4862,Medium,Train
8843,1,1,0.5258,Medium,Train
8844,1,0,0.4966,Medium,Test
8846,1,0,0.4935,Medium,Train
8847,1,1,0.6176,Medium,Train
8849,0,0,0.4837,Medium,Train
8850,1,1,0.6146,Medium,Train
8851,1,0,0.4561,Medium,Test
8852,1,0,0.3859,Medium,Train
8853,1,1,0.5442,Medium,Train
8855,1,1,0.5788,Medium,Train
8858,1,0,0.4896,Medium,Train
8859,0,0,0.444,Medium,Test
8861,1,1,0.5704,Medium,Train
8863,1,0,0.4293,Medium,Test
8864,1,0,0.4628,Medium,Test
8865,1,1,0.5018,Medium,Train
8867,1,1,0.5973,Medium,Train
8868,1,1,0.6382,Medium,Train
8869,1,0,0.4865,Medium,Train
8872,1,1,0.658,Medium,Train
8873,1,0,0.4833,Medium,Train
8875,0,0,0.4399,Medium,Train
8877,1,0,0.4569,Medium,Train
8878,1,1,0.533,Medium,Train
8879,0,1,0.7163,High,Test
8880,1,1,0.5732,Medium,Train
8881,1,1,0.6532,Medium,Train
8882,1,1,0.5446,Medium,Train
8883,1,0,0.4879,Medium,Train
8884,1,0,0.4709,Medium,Train
8886,1,0,0.4343,Medium,Train
8887,0,1,0.5325,Medium,Train
8889,1,0,0.4544,Medium,Train
8890,1,0,0.4437,Medium,Train
8891,1,0,0.4214,Medium,Train
8892,1,0,0.4805,Medium,Train
8893,1,1,0.5383,Medium,Train
8896,1,0,0.4809,Medium,Train
8898,1,0,0.4783,Medium,Test
8900,1,0,0.4352,Medium,Train
8901,0,0,0.4805,Medium,Train
8902,1,0,0.4823,Medium,Train
8903,1,0,0.452,Medium,Test
8904,1,0,0.4855,Medium,Train
8906,1,0,0.4617,Medium,Test
8907,1,1,0.515,Medium,Train
8908,0,0,0.3765,Medium,Train
8909,1,1,0.5529,Medium,Train
8911,1,0,0.4933,Medium,Train
8912,1,1,0.5145,Medium,Test
8913,1,0,0.4852,Medium,Train
8914,1,1,0.5235,Medium,Test
8915,1,1,0.6811,High,Train
8916,1,0,0.3226,Low,Train
8917,1,1,0.5759,Medium,Train
8918,1,1,0.6091,Medium,Train
8920,1,0,0.4329,Medium,Train
8921,1,0,0.4765,Medium,Test
8922,1,1,0.5749,Medium,Train
8923,1,1,0.5676,Medium,Train
8924,1,0,0.4942,Medium,Train
8925,1,1,0.5736,Medium,Train
8926,1,1,0.5189,Medium,Train
8928,1,0,0.4231,Medium,Test
8931,1,0,0.4905,Medium,Train
8932,0,0,0.4315,Medium,Test
8933,1,0,0.4233,Medium,Train
8934,1,0,0.4798,Medium,Train
8936,1,1,0.5165,Medium,Train
8937,1,0,0.4589,Medium,Test
8940,1,0,0.4808,Medium,Train
8941,1,1,0.5549,Medium,Train
8944,1,1,0.6022,Medium,Train
8945,1,0,0.4365,Medium,Train
8946,1,0,0.4436,Medium,Train
8947,1,0,0.3868,Medium,Train
8948,1,1,0.5841,Medium,Train
8949,1,0,0.4908,Medium,Train
8950,1,1,0.5184,Medium,Train
8951,1,1,0.5497,Medium,Train
8953,1,1,0.5671,Medium,Train
8957,1,1,0.5735,Medium,Test
8959,1,0,0.3745,Medium,Train
8960,1,1,0.5148,Medium,Train
8963,1,1,0.5078,Medium,Train
8966,0,0,0.424,Medium,Train
8967,1,0,0.4118,Medium,Train
8968,1,1,0.5083,Medium,Test
8969,1,0,0.4902,Medium,Train
8970,0,0,0.4076,Medium,Train
8971,1,1,0.6209,Medium,Train
8972,1,1,0.507,Medium,Train
8973,1,0,0.4265,Medium,Train
8974,0,1,0.7204,High,Test
8975,1,0,0.4975,Medium,Train
8976,1,0,0.4125,Medium,Train
8977,1,0,0.4099,Medium,Test
8978,1,1,0.6103,Medium,Train
8979,1,1,0.5757,Medium,Train
8980,1,0,0.4863,Medium,Train
8981,1,0,0.4866,Medium,Train
8983,1,1,0.5045,Medium,Train
8984,1,0,0.4207,Medium,Train
8985,1,0,0.4783,Medium,Train
8986,1,0,0.4367,Medium,Train
8988,1,1,0.5975,Medium,Train
8990,1,1,0.5331,Medium,Train
8992,1,1,0.5485,Medium,Train
8994,1,1,0.5805,Medium,Train
8998,1,0,0.4706,Medium,Test
8999,1,0,0.4136,Medium,Train
9002,1,0,0.4936,Medium,Train
9003,1,0,0.483,Medium,Test
9005,1,0,0.4493,Medium,Train
9006,1,0,0.4926,Medium,Test
9009,1,1,0.5368,Medium,Test
9010,1,0,0.4784,Medium,Train
9011,1,1,0.5132,Medium,Train
9012,1,0,0.4792,Medium,Train
9013,1,1,0.5183,Medium,Test
9014,1,1,0.5728,Medium,Test
9015,1,1,0.5962,Medium,Train
9016,1,0,0.4623,Medium,Train
9017,1,0,0.4914,Medium,Train
9018,1,1,0.5034,Medium,Train
9019,1,1,0.5586,Medium,Train
9021,0,0,0.4373,Medium,Train
9022,1,1,0.5148,Medium,Test
9023,1,1,0.5733,Medium,Test
9024,1,0,0.4447,Medium,Train
9027,1,0,0.4628,Medium,Train
9028,1,0,0.4625,Medium,Train
9029,1,1,0.5076,Medium,Test
9030,1,1,0.5263,Medium,Test
9031,1,1,0.7302,High,Test
9032,1,1,0.6456,Medium,Test
9034,1,0,0.4996,Medium,Train
9035,1,1,0.5131,Medium,Test
9036,1,0,0.4916,Medium,Train
9037,1,0,0.4856,Medium,Train
9039,1,0,0.4824,Medium,Test
9040,1,0,0.4786,Medium,Test
9041,1,1,0.5346,Medium,Test
9043,1,0,0.4349,Medium,Test
9044,1,0,0.4254,Medium,Test
9045,1,1,0.5119,Medium,Train
9046,1,1,0.6005,Medium,Train
9047,0,1,0.5169,Medium,Train
9049,1,0,0.4807,Medium,Train
9051,1,0,0.4882,Medium,Train
9052,1,0,0.4868,Medium,Train
9054,1,1,0.5446,Medium,Train
9055,1,0,0.4441,Medium,Train
9057,1,1,0.5051,Medium,Train
9058,1,1,0.5155,Medium,Train
9059,1,1,0.5046,Medium,Test
9060,1,0,0.4081,Medium,Train
9061,1,1,0.5311,Medium,Train
9062,1,1,0.5177,Medium,Train
9064,1,1,0.7104,High,Train
9065,1,1,0.5772,Medium,Train
9066,1,0,0.4821,Medium,Test
9068,1,0,0.4703,Medium,Train
9069,1,1,0.6298,Medium,Train
9071,1,1,0.678,High,Train
9072,1,1,0.5636,Medium,Train
9073,1,0,0.4266,Medium,Train
9074,1,0,0.4542,Medium,Train
9075,1,1,0.5356,Medium,Train
9076,1,0,0.393,Medium,Train
9077,1,1,0.599,Medium,Test
9079,1,1,0.5353,Medium,Train
9080,1,0,0.4422,Medium,Train
9081,1,0,0.4953,Medium,Train
9082,1,1,0.5281,Medium,Train
9083,1,0,0.4459,Medium,Test
9084,1,1,0.5943,Medium,Train
9086,1,1,0.5295,Medium,Train
9087,0,0,0.4768,Medium,Train
9088,1,0,0.4652,Medium,Test
9091,1,1,0.5694,Medium,Train
9092,1,0,0.4374,Medium,Train
9093,1,1,0.5577,Medium,Train
9094,1,1,0.578,Medium,Train
9096,1,0,0.4649,Medium,Train
9097,0,0,0.4371,Medium,Train
9099,1,0,0.441,Medium,Train
9100,1,1,0.5751,Medium,Train
9101,0,0,0.4855,Medium,Train
9102,1,1,0.547,Medium,Train
9103,1,1,0.6195,Medium,Train
9104,1,1,0.5641,Medium,Train
9105,1,0,0.4698,Medium,Test
9106,1,1,0.5791,Medium,Train
9108,1,0,0.4661,Medium,Train
9110,1,0,0.4891,Medium,Train
9112,1,1,0.6548,Medium,Test
9113,1,1,0.5016,Medium,Train
9114,1,0,0.4947,Medium,Train
9115,1,1,0.5656,Medium,Train
9116,1,0,0.4983,Medium,Train
9117,1,0,0.4204,Medium,Train
9118,1,0,0.4294,Medium,Train
9119,1,1,0.5042,Medium,Train
9120,1,1,0.5046,Medium,Train
9124,1,1,0.5569,Medium,Train
9126,1,1,0.5489,Medium,Test
9127,1,1,0.7269,High,Train
9128,1,0,0.4704,Medium,Train
9129,1,0,0.4906,Medium,Train
9131,1,0,0.4669,Medium,Train
9132,1,0,0.4997,Medium,Train
9133,1,0,0.4751,Medium,Train
9134,1,0,0.4484,Medium,Train
9136,1,1,0.5032,Medium,Train
9137,1,0,0.3903,Medium,Train
9139,1,0,0.4878,Medium,Train
9140,1,1,0.6143,Medium,Train
9141,1,1,0.5075,Medium,Train
9142,1,0,0.4555,Medium,Train
9143,1,1,0.6189,Medium,Train
9144,1,0,0.3927,Medium,Train
9145,1,1,0.501,Medium,Train
9146,1,1,0.6617,High,Train
9148,1,1,0.5054,Medium,Train
9149,1,0,0.4641,Medium,Test
9150,1,1,0.5311,Medium,Train
9151,1,0,0.4975,Medium,Test
9152,1,0,0.4077,Medium,Train
9153,1,1,0.5047,Medium,Train
9155,0,1,0.5282,Medium,Train
9156,1,1,0.5218,Medium,Train
9157,1,0,0.4737,Medium,Train
9158,1,0,0.4093,Medium,Train
9159,1,1,0.6069,Medium,Train
9161,1,0,0.4522,Medium,Train
9163,1,1,0.5427,Medium,Train
9164,1,0,0.4557,Medium,Train
9165,0,0,0.463,Medium,Test
9167,1,1,0.5893,Medium,Train
9170,1,1,0.6607,High,Train
9172,1,1,0.6645,High,Train
9173,1,0,0.4558,Medium,Train
9174,1,0,0.4403,Medium,Train
9175,1,1,0.6049,Medium,Train
9176,1,1,0.5048,Medium,Train
9178,0,1,0.5284,Medium,Test
9180,1,0,0.4119,Medium,Train
9181,1,0,0.39,Medium,Train
9183,1,0,0.485,Medium,Train
9184,1,0,0.4639,Medium,Train
9186,1,1,0.5223,Medium,Train
9187,1,0,0.4534,Medium,Train
9188,1,1,0.5684,Medium,Train
9189,1,1,0.5128,Medium,Train
9190,1,1,0.567,Medium,Train
9195,1,1,0.6753,High,Train
9196,1,0,0.498,Medium,Test
9197,1,1,0.5234,Medium,Train
9198,1,1,0.6553,Medium,Train
9199,1,0,0.4438,Medium,Train
9200,1,1,0.6308,Medium,Train
9201,1,0,0.4462,Medium,Train
9202,1,1,0.5283,Medium,Train
9204,1,0,0.4309,Medium,Train
9205,1,1,0.5214,Medium,Train
9206,1,1,0.5124,Medium,Train
9207,1,1,0.529,Medium,Test
9208,1,0,0.3854,Medium,Train
9210,1,0,0.4215,Medium,Train
9211,1,1,0.5481,Medium,Train
9212,1,1,0.5412,Medium,Train
9213,0,0,0.4562,Medium,Train
9214,1,0,0.4673,Medium,Train
9215,1,0,0.4108,Medium,Test
9216,0,0,0.4461,Medium,Train
9217,1,1,0.5059,Medium,Train
9218,1,1,0.673,High,Test
9219,1,1,0.548,Medium,Train
9220,1,0,0.3771,Medium,Train
9222,1,1,0.6471,Medium,Train
9224,1,1,0.6578,Medium,Train
9225,0,1,0.5593,Medium,Train
9227,1,1,0.5274,Medium,Test
9228,1,0,0.4407,Medium,Test
9230,1,0,0.4808,Medium,Train
9231,0,0,0.4704,Medium,Train
9232,1,1,0.5176,Medium,Train
9233,1,1,0.5138,Medium,Train
9234,1,1,0.5752,Medium,Train
9235,1,1,0.5041,Medium,Train
9236,1,1,0.5323,Medium,Train
9240,1,1,0.5283,Medium,Train
9241,1,0,0.4466,Medium,Train
9242,0,0,0.4781,Medium,Train
9243,1,1,0.5629,Medium,Test
9244,1,0,0.425,Medium,Train
9245,1,1,0.5239,Medium,Train
9247,1,0,0.4282,Medium,Train
9248,1,1,0.5976,Medium,Train
9249,1,0,0.4393,Medium,Train
9250,1,1,0.571,Medium,Train
9253,1,1,0.5024,Medium,Train
9255,1,0,0.4133,Medium,Train
9256,0,0,0.3953,Medium,Train
9257,1,1,0.6147,Medium,Train
9259,0,0,0.3949,Medium,Test
9261,1,0,0.4684,Medium,Train
9262,1,1,0.5529,Medium,Train
9263,1,0,0.4875,Medium,Test
9265,1,1,0.5641,Medium,Train
9266,1,1,0.6629,High,Test
9267,1,1,0.623,Medium,Train
9268,0,0,0.4292,Medium,Train
9269,1,1,0.5249,Medium,Train
9270,1,1,0.5353,Medium,Test
9271,1,0,0.4934,Medium,Train
9272,1,1,0.5006,Medium,Train
9273,1,0,0.4819,Medium,Train
9274,1,0,0.4501,Medium,Train
9275,0,1,0.5184,Medium,Train
9276,1,0,0.4496,Medium,Train
9277,1,1,0.6187,Medium,Train
9279,1,0,0.4702,Medium,Train
9280,1,0,0.4249,Medium,Train
9281,1,0,0.4771,Medium,Train
9282,1,0,0.4699,Medium,Train
9283,1,0,0.4613,Medium,Train
9284,1,0,0.4714,Medium,Train
9285,1,0,0.4783,Medium,Train
9286,1,1,0.7128,High,Test
9287,1,1,0.5689,Medium,Train
9288,1,1,0.5936,Medium,Train
9289,1,0,0.4222,Medium,Train
9290,1,1,0.5856,Medium,Train
9291,1,1,0.5405,Medium,Train
9295,1,0,0.4419,Medium,Train
9296,1,0,0.4825,Medium,Train
9297,1,0,0.4544,Medium,Test
9298,1,1,0.5634,Medium,Train
9299,1,0,0.4312,Medium,Train
9300,1,1,0.52,Medium,Train
9301,0,0,0.4192,Medium,Train
9302,1,0,0.3538,Medium,Train
9303,1,1,0.613,Medium,Train
9304,1,1,0.5915,Medium,Train
9306,1,1,0.5376,Medium,Train
9307,1,1,0.5831,Medium,Test
9308,1,1,0.5389,Medium,Train
9309,1,1,0.5306,Medium,Test
9311,1,1,0.5598,Medium,Test
9312,1,1,0.5051,Medium,Train
9313,1,1,0.5249,Medium,Train
9314,1,0,0.3845,Medium,Train
9315,1,1,0.6342,Medium,Train
9316,1,1,0.5885,Medium,Train
9317,1,1,0.5382,Medium,Train
9318,1,0,0.4774,Medium,Test
9319,1,1,0.5194,Medium,Train
9321,1,0,0.4944,Medium,Train
9323,1,0,0.4475,Medium,Test
9324,1,0,0.4726,Medium,Train
9325,1,1,0.5346,Medium,Train
9327,1,0,0.4415,Medium,Train
9328,1,1,0.6577,Medium,Train
9330,1,0,0.4948,Medium,Train
9331,1,1,0.5163,Medium,Train
9332,1,1,0.5426,Medium,Train
9333,1,1,0.5538,Medium,Train
9334,1,1,0.5357,Medium,Train
9336,1,1,0.5103,Medium,Train
9337,1,0,0.4936,Medium,Train
9338,1,0,0.4783,Medium,Train
9341,0,0,0.4025,Medium,Train
9342,0,1,0.5082,Medium,Test
9343,1,0,0.4843,Medium,Train
9345,1,0,0.4019,Medium,Train
9347,1,1,0.7018,High,Test
9348,1,0,0.4515,Medium,Train
9349,1,0,0.4993,Medium,Train
9350,0,0,0.4796,Medium,Train
9352,1,0,0.4865,Medium,Train
9353,1,0,0.4843,Medium,Train
9356,1,0,0.4829,Medium,Train
9358,1,1,0.6166,Medium,Train
9359,1,1,0.5239,Medium,Train
9361,1,0,0.4558,Medium,Train
9362,1,0,0.447,Medium,Train
9363,1,1,0.7135,High,Train
9364,1,1,0.5059,Medium,Test
9365,1,0,0.3586,Medium,Train
9368,1,1,0.5573,Medium,Train
9369,1,1,0.5526,Medium,Train
9370,0,1,0.5051,Medium,Train
9371,1,1,0.5449,Medium,Test
9372,1,1,0.5709,Medium,Train
9374,1,1,0.5282,Medium,Train
9376,1,0,0.4062,Medium,Train
9379,1,1,0.6217,Medium,Train
9380,1,0,0.4229,Medium,Train
9381,0,1,0.5026,Medium,Train
9382,1,0,0.4555,Medium,Train
9383,1,1,0.5531,Medium,Test
9385,1,1,0.5191,Medium,Train
9387,1,1,0.5335,Medium,Test
9388,1,1,0.5429,Medium,Train
9389,1,1,0.5449,Medium,Train
9390,1,1,0.6236,Medium,Train
9391,1,0,0.3689,Medium,Train
9392,0,1,0.514,Medium,Train
9394,1,1,0.5787,Medium,Train
9395,1,1,0.5415,Medium,Train
9398,1,0,0.462,Medium,Train
9399,1,1,0.5697,Medium,Train
9400,1,0,0.4967,Medium,Test
9402,1,0,0.3949,Medium,Train
9403,1,1,0.5232,Medium,Train
9405,1,0,0.4673,Medium,Train
9407,1,0,0.4754,Medium,Train
9409,1,1,0.5152,Medium,Train
9410,1,0,0.479,Medium,Test
9411,1,1,0.5102,Medium,Train
9412,0,1,0.5021,Medium,Train
9413,1,0,0.4766,Medium,Train
9414,1,1,0.5722,Medium,Train
9415,0,0,0.4199,Medium,Train
9416,1,1,0.6659,High,Train
9417,1,0,0.4145,Medium,Train
9419,1,0,0.4557,Medium,Train
9420,1,1,0.5409,Medium,Train
9421,1,0,0.4271,Medium,Test
9422,1,0,0.4991,Medium,Test
9423,1,0,0.4549,Medium,Test
9425,1,0,0.4003,Medium,Train
9426,1,1,0.537,Medium,Train
9427,0,0,0.4873,Medium,Train
9428,1,1,0.608,Medium,Train
9429,0,0,0.4574,Medium,Test
9430,1,1,0.6972,High,Train
9431,1,0,0.45,Medium,Train
9435,1,1,0.5297,Medium,Train
9436,1,0,0.4904,Medium,Train
9437,1,0,0.4914,Medium,Train
9438,1,1,0.5033,Medium,Train
9439,0,0,0.4494,Medium,Train
9440,1,0,0.427,Medium,Train
9441,1,1,0.5326,Medium,Train
9442,1,1,0.5239,Medium,Train
9443,1,0,0.4519,Medium,Train
9444,1,1,0.587,Medium,Train
9445,1,0,0.4457,Medium,Train
9448,0,0,0.4324,Medium,Train
9449,0,1,0.6227,Medium,Train
9450,1,1,0.5856,Medium,Test
9451,1,0,0.4442,Medium,Train
9452,1,0,0.4676,Medium,Test
9453,0,1,0.5518,Medium,Train
9454,1,1,0.5187,Medium,Train
9455,1,1,0.6648,High,Train
9457,1,0,0.4633,Medium,Train
9458,1,1,0.5455,Medium,Train
9460,1,0,0.4514,Medium,Train
9462,1,1,0.5786,Medium,Train
9463,1,1,0.6665,High,Train
9464,1,1,0.6049,Medium,Train
9465,1,0,0.4385,Medium,Test
9466,1,1,0.5728,Medium,Train
9469,1,1,0.542,Medium,Train
9470,1,1,0.5088,Medium,Train
9472,1,1,0.5053,Medium,Train
9473,1,1,0.5501,Medium,Train
9474,1,1,0.5535,Medium,Test
9475,1,0,0.4468,Medium,Train
9477,1,0,0.3778,Medium,Test
9479,1,0,0.4795,Medium,Train
9480,1,0,0.4817,Medium,Train
9483,1,1,0.6572,Medium,Train
9484,1,0,0.471,Medium,Train
9485,1,0,0.4505,Medium,Train
9487,1,1,0.5272,Medium,Train
9488,1,1,0.5281,Medium,Test
9489,1,1,0.5371,Medium,Train
9491,1,0,0.4647,Medium,Train
9492,0,0,0.484,Medium,Train
9493,1,1,0.5143,Medium,Train
9495,1,0,0.4612,Medium,Train
9496,1,1,0.5131,Medium,Train
9497,1,1,0.5668,Medium,Train
9498,1,0,0.4538,Medium,Train
9500,1,0,0.4566,Medium,Train
9501,1,1,0.5326,Medium,Train
9504,1,1,0.501,Medium,Train
9505,1,1,0.6454,Medium,Train
9507,1,0,0.4495,Medium,Train
9509,1,0,0.4084,Medium,Train
9511,1,0,0.4453,Medium,Train
9512,1,1,0.6315,Medium,Train
9514,1,1,0.5067,Medium,Train
9515,1,0,0.4778,Medium,Train
9516,1,0,0.428,Medium,Train
9517,1,1,0.5239,Medium,Test
9518,1,0,0.4146,Medium,Test
9519,1,1,0.5736,Medium,Train
9520,1,0,0.4332,Medium,Train
9521,1,0,0.4929,Medium,Test
9523,1,0,0.4444,Medium,Train
9524,1,1,0.5883,Medium,Train
9525,1,0,0.4678,Medium,Train
9526,1,1,0.5658,Medium,Train
9527,1,0,0.4406,Medium,Train
9528,1,1,0.5021,Medium,Train
9530,1,0,0.4769,Medium,Test
9531,1,0,0.471,Medium,Train
9532,1,0,0.4742,Medium,Train
9533,1,1,0.5717,Medium,Train
9535,1,0,0.4793,Medium,Train
9536,0,0,0.4777,Medium,Test
9537,1,0,0.4532,Medium,Test
9539,0,1,0.5272,Medium,Train
9541,1,1,0.5432,Medium,Train
9542,1,0,0.4319,Medium,Train
9543,1,1,0.5312,Medium,Train
9545,1,0,0.4597,Medium,Train
9546,1,0,0.4802,Medium,Train
9547,1,0,0.4056,Medium,Train
9548,1,0,0.4894,Medium,Train
9549,1,0,0.4922,Medium,Test
9551,0,0,0.4095,Medium,Test
9552,1,1,0.5127,Medium,Train
9553,1,1,0.5212,Medium,Test
9554,1,0,0.4293,Medium,Train
9555,1,1,0.5168,Medium,Train
9556,1,0,0.4172,Medium,Train
9557,1,1,0.6972,High,Train
9558,1,1,0.5311,Medium,Train
9559,1,1,0.5344,Medium,Train
9560,1,0,0.4519,Medium,Train
9561,1,0,0.4751,Medium,Train
9562,1,1,0.5264,Medium,Train
9564,1,1,0.6005,Medium,Train
9565,1,0,0.4746,Medium,Test
9566,1,1,0.5578,Medium,Train
9567,1,1,0.5606,Medium,Train
9568,1,1,0.5301,Medium,Train
9569,1,1,0.5227,Medium,Test
9570,1,0,0.4496,Medium,Train
9571,1,1,0.5119,Medium,Train
9572,1,0,0.4792,Medium,Train
9573,1,0,0.4618,Medium,Train
9574,1,1,0.5353,Medium,Train
9575,1,1,0.5782,Medium,Test
9576,1,0,0.4797,Medium,Train
9577,1,0,0.4857,Medium,Test
9578,0,0,0.4683,Medium,Train
9579,0,0,0.4925,Medium,Train
9580,1,1,0.5792,Medium,Train
9581,1,1,0.5278,Medium,Train
9582,1,1,0.581,Medium,Train
9585,1,0,0.4811,Medium,Train
9587,1,1,0.7431,High,Train
9588,1,0,0.4857,Medium,Train
9589,0,0,0.4398,Medium,Train
9590,1,0,0.4685,Medium,Train
9592,1,0,0.48,Medium,Train
9593,1,0,0.4163,Medium,Test
9594,1,0,0.4617,Medium,Train
9597,1,0,0.386,Medium,Test
9598,1,1,0.6251,Medium,Train
9599,1,1,0.6586,Medium,Train
9600,1,0,0.4434,Medium,Train
9601,1,0,0.4597,Medium,Train
9602,1,1,0.5314,Medium,Train
9603,1,1,0.5397,Medium,Test
9610,1,1,0.5539,Medium,Train
9612,1,0,0.4878,Medium,Train
9613,1,1,0.5127,Medium,Train
9614,0,1,0.5435,Medium,Train
9615,1,1,0.5284,Medium,Train
9617,1,0,0.4371,Medium,Train
9618,1,0,0.4658,Medium,Train
9620,1,0,0.4688,Medium,Train
9621,1,0,0.44,Medium,Train
9622,1,1,0.528,Medium,Train
9623,1,0,0.4627,Medium,Test
9624,1,0,0.4568,Medium,Train
9625,0,0,0.423,Medium,Train
9626,1,0,0.4792,Medium,Test
9627,1,0,0.4796,Medium,Train
9629,1,0,0.3719,Medium,Train
9630,1,0,0.4644,Medium,Train
9631,1,1,0.5253,Medium,Train
9632,1,0,0.4885,Medium,Train
9633,1,1,0.6364,Medium,Test
9634,1,1,0.5081,Medium,Train
9635,1,1,0.5507,Medium,Train
9636,0,0,0.4936,Medium,Train
9637,0,1,0.5056,Medium,Train
9642,1,1,0.5781,Medium,Train
9643,1,1,0.6536,Medium,Train
9644,1,0,0.3804,Medium,Train
9645,0,0,0.4498,Medium,Train
9646,1,0,0.4147,Medium,Train
9647,1,1,0.5727,Medium,Train
9648,1,1,0.5649,Medium,Train
9649,1,0,0.3976,Medium,Train
9652,1,0,0.4685,Medium,Test
9653,1,1,0.5686,Medium,Train
9654,1,0,0.4576,Medium,Train
9655,1,0,0.4915,Medium,Test
9656,1,0,0.4362,Medium,Train
9658,1,1,0.5401,Medium,Train
9659,0,0,0.4727,Medium,Train
9660,1,1,0.5485,Medium,Test
9661,1,1,0.5296,Medium,Train
9662,1,0,0.4378,Medium,Train
9664,1,0,0.4836,Medium,Train
9665,1,0,0.4601,Medium,Train
9666,1,1,0.5149,Medium,Train
9667,1,0,0.4565,Medium,Train
9668,1,1,0.5262,Medium,Train
9669,1,1,0.579,Medium,Train
9670,1,0,0.414,Medium,Train
9671,0,0,0.4919,Medium,Train
9673,0,0,0.418,Medium,Train
9674,1,1,0.7335,High,Test
9675,1,0,0.4415,Medium,Train
9676,1,1,0.5319,Medium,Test
9677,1,1,0.6048,Medium,Train
9678,1,0,0.4176,Medium,Test
9679,1,0,0.4995,Medium,Train
9680,0,1,0.5075,Medium,Train
9682,1,1,0.5251,Medium,Train
9683,1,1,0.5445,Medium,Train
9685,1,0,0.4691,Medium,Train
9687,1,0,0.4755,Medium,Test
9688,1,1,0.5239,Medium,Train
9689,1,1,0.5983,Medium,Train
9691,1,0,0.4841,Medium,Train
9692,1,0,0.4641,Medium,Train
9693,1,0,0.4448,Medium,Train
9694,1,0,0.4048,Medium,Train
9695,1,0,0.4706,Medium,Train
9697,1,0,0.4435,Medium,Test
9698,1,1,0.5082,Medium,Train
9700,1,0,0.41,Medium,Train
9701,1,0,0.4083,Medium,Train
9702,1,1,0.5048,Medium,Train
9703,1,1,0.5763,Medium,Train
9704,1,0,0.4379,Medium,Test
9705,1,0,0.4918,Medium,Train
9706,1,1,0.5049,Medium,Train
9707,1,1,0.5399,Medium,Train
9708,1,0,0.4172,Medium,Train
9709,1,0,0.4482,Medium,Train
9710,0,0,0.3875,Medium,Train
9711,0,0,0.4768,Medium,Train
9712,1,1,0.5105,Medium,Train
9713,1,0,0.409,Medium,Test
9714,1,0,0.458,Medium,Train
9715,1,1,0.596,Medium,Train
9717,1,0,0.4331,Medium,Test
9719,1,1,0.6312,Medium,Train
9720,1,1,0.6426,Medium,Train
9721,1,1,0.5087,Medium,Train
9722,1,0,0.4254,Medium,Train
9723,1,0,0.4809,Medium,Train
9727,1,0,0.4553,Medium,Train
9728,1,1,0.5721,Medium,Train
9729,1,1,0.7393,High,Train
9730,1,0,0.4174,Medium,Train
9732,0,0,0.4144,Medium,Train
9733,1,1,0.5867,Medium,Train
9736,1,1,0.725,High,Train
9738,1,1,0.5893,Medium,Train
9739,1,1,0.5223,Medium,Train
9740,1,1,0.5764,Medium,Train
9741,1,0,0.4272,Medium,Train
9742,1,0,0.4616,Medium,Train
9743,1,1,0.6599,Medium,Train
9744,1,1,0.5666,Medium,Train
9746,0,1,0.5371,Medium,Train
9747,1,0,0.4712,Medium,Train
9748,1,1,0.5016,Medium,Train
9750,1,1,0.5921,Medium,Train
9751,1,1,0.5349,Medium,Train
9752,1,1,0.5372,Medium,Test
9753,1,0,0.488,Medium,Train
9754,1,1,0.5579,Medium,Test
9756,0,0,0.4885,Medium,Train
9757,0,1,0.5167,Medium,Train
9758,1,1,0.6716,High,Train
9759,1,1,0.6339,Medium,Train
9760,1,1,0.686,High,Train
9761,0,0,0.4146,Medium,Train
9762,1,0,0.439,Medium,Test
9763,1,1,0.5788,Medium,Train
9764,1,1,0.6611,High,Train
9765,1,0,0.4513,Medium,Train
9766,0,0,0.3737,Medium,Train
9767,1,0,0.4954,Medium,Train
9769,1,0,0.4884,Medium,Train
9770,1,1,0.569,Medium,Train
9771,1,1,0.5105,Medium,Test
9773,1,1,0.5195,Medium,Train
9774,1,0,0.4367,Medium,Train
9776,1,0,0.489,Medium,Test
9777,1,0,0.4613,Medium,Train
9778,1,0,0.4684,Medium,Train
9779,1,1,0.6238,Medium,Train
9780,1,0,0.4096,Medium,Train
9781,0,0,0.4661,Medium,Train
9782,1,1,0.5073,Medium,Train
9783,1,0,0.442,Medium,Train
9784,1,0,0.4607,Medium,Test
9785,1,1,0.5253,Medium,Train
9786,1,0,0.4695,Medium,Train
9787,0,1,0.5989,Medium,Train
9788,1,0,0.482,Medium,Train
9789,1,0,0.4296,Medium,Train
9790,1,0,0.4421,Medium,Train
9791,1,1,0.5263,Medium,Train
9792,1,0,0.4749,Medium,Train
9794,1,0,0.413,Medium,Train
9796,1,0,0.4932,Medium,Train
9798,1,0,0.4669,Medium,Train
9799,1,1,0.5828,Medium,Test
9800,1,0,0.4521,Medium,Train
9801,1,1,0.5997,Medium,Train
9802,1,0,0.4624,Medium,Train
9805,1,0,0.3863,Medium,Train
9806,1,0,0.4364,Medium,Test
9807,1,1,0.5089,Medium,Train
9808,1,0,0.4686,Medium,Train
9809,1,0,0.4114,Medium,Test
9810,1,0,0.4762,Medium,Train
9812,1,0,0.387,Medium,Test
9813,1,1,0.5153,Medium,Train
9816,1,0,0.4819,Medium,Train
9817,1,0,0.4927,Medium,Train
9819,1,0,0.4016,Medium,Test
9821,1,0,0.4831,Medium,Test
9823,1,1,0.5332,Medium,Train
9824,1,0,0.4211,Medium,Test
9826,1,0,0.4453,Medium,Train
9827,1,0,0.4445,Medium,Train
9829,1,0,0.4671,Medium,Train
9830,1,1,0.532,Medium,Train
9831,0,0,0.462,Medium,Train
9832,1,1,0.5415,Medium,Test
9833,1,0,0.461,Medium,Train
9835,1,0,0.4748,Medium,Test
9836,1,0,0.4719,Medium,Train
9837,1,0,0.479,Medium,Test
9838,1,1,0.5092,Medium,Train
9839,1,1,0.5074,Medium,Train
9840,1,0,0.4699,Medium,Train
9841,1,1,0.684,High,Train
9843,1,0,0.4114,Medium,Train
9844,1,0,0.4419,Medium,Train
9845,1,0,0.4897,Medium,Train
9846,0,0,0.4349,Medium,Train
9847,1,1,0.5617,Medium,Train
9848,1,1,0.517,Medium,Train
9849,0,1,0.546,Medium,Train
9851,1,1,0.569,Medium,Train
9852,1,0,0.4422,Medium,Test
9853,0,1,0.5057,Medium,Train
9854,1,1,0.5728,Medium,Train
9855,1,1,0.5246,Medium,Train
9856,1,1,0.5087,Medium,Train
9857,1,1,0.5594,Medium,Train
9858,1,0,0.472,Medium,Train
9859,1,1,0.5608,Medium,Test
9862,1,0,0.4285,Medium,Test
9863,1,0,0.4934,Medium,Test
9865,1,1,0.5255,Medium,Train
9866,1,0,0.4417,Medium,Train
9867,1,1,0.5831,Medium,Test
9870,1,0,0.4629,Medium,Train
9871,0,0,0.4668,Medium,Train
9872,1,0,0.4193,Medium,Train
9873,1,0,0.4582,Medium,Train
9874,1,1,0.558,Medium,Train
9875,0,1,0.5491,Medium,Train
9876,1,0,0.4032,Medium,Train
9878,1,1,0.747,High,Train
9879,1,0,0.463,Medium,Test
9881,1,0,0.4485,Medium,Train
9882,1,0,0.3674,Medium,Train
9883,1,1,0.5184,Medium,Train
9884,1,0,0.4501,Medium,Train
9885,1,1,0.5637,Medium,Train
9886,1,0,0.4653,Medium,Train
9887,1,1,0.5088,Medium,Train
9888,1,1,0.5138,Medium,Train
9890,1,0,0.4775,Medium,Train
9891,1,0,0.4552,Medium,Train
9892,1,1,0.5557,Medium,Train
9894,1,1,0.5773,Medium,Train
9895,1,1,0.5358,Medium,Train
9896,0,0,0.4714,Medium,Train
9897,1,0,0.3788,Medium,Train
9898,0,0,0.4677,Medium,Test
9900,1,0,0.4531,Medium,Train
9904,1,0,0.4892,Medium,Train
9905,1,1,0.5745,Medium,Test
9906,1,0,0.4938,Medium,Train
9907,1,1,0.5653,Medium,Test
9909,1,1,0.6014,Medium,Train
9910,1,1,0.584,Medium,Train
9911,1,1,0.5538,Medium,Test
9912,0,1,0.5021,Medium,Train
9913,1,1,0.513,Medium,Train
9914,1,0,0.4749,Medium,Train
9916,1,1,0.5983,Medium,Train
9917,1,1,0.5281,Medium,Train
9918,1,1,0.5765,Medium,Test
9919,1,0,0.4015,Medium,Train
9921,1,0,0.4501,Medium,Test
9922,1,1,0.5542,Medium,Train
9923,1,0,0.4999,Medium,Train
9924,1,1,0.509,Medium,Train
9926,1,1,0.5111,Medium,Train
9927,1,0,0.4412,Medium,Train
9929,0,1,0.5692,Medium,Train
9930,1,0,0.4506,Medium,Train
9931,1,1,0.5492,Medium,Train
9933,1,1,0.5092,Medium,Test
9934,1,0,0.4574,Medium,Train
9935,1,1,0.5054,Medium,Train
9936,1,0,0.4039,Medium,Train
9937,1,0,0.4413,Medium,Train
9938,0,1,0.5029,Medium,Train
9940,1,0,0.4677,Medium,Train
9942,1,1,0.515,Medium,Train
9943,1,0,0.4728,Medium,Test
9944,1,0,0.4296,Medium,Train
9945,1,0,0.47,Medium,Test
9947,1,1,0.521,Medium,Test
9948,1,0,0.4983,Medium,Test
9949,0,1,0.5615,Medium,Train
9950,1,1,0.5058,Medium,Train
9951,1,0,0.4804,Medium,Train
9952,1,0,0.4956,Medium,Train
9956,1,1,0.5409,Medium,Test
9957,1,0,0.4252,Medium,Train
9958,1,1,0.5326,Medium,Train
9959,0,0,0.4059,Medium,Train
9960,0,0,0.4207,Medium,Train
9961,1,1,0.5675,Medium,Train
9962,1,0,0.4921,Medium,Train
9963,1,0,0.4102,Medium,Train
9964,1,1,0.5407,Medium,Train
9965,1,1,0.5818,Medium,Train
9966,1,0,0.4509,Medium,Train
9967,1,0,0.4964,Medium,Train
9968,1,1,0.6372,Medium,Train
9970,0,0,0.4691,Medium,Train
9971,1,1,0.5703,Medium,Test
9972,1,1,0.5582,Medium,Train
9974,1,0,0.4862,Medium,Train
9975,1,0,0.4833,Medium,Train
9976,1,1,0.6665,High,Train
9977,1,0,0.497,Medium,Train
9979,1,0,0.4833,Medium,Test
9981,1,0,0.4467,Medium,Train
9982,1,1,0.5256,Medium,Train
9983,1,0,0.4763,Medium,Train
9984,1,0,0.478,Medium,Train
9985,1,0,0.4782,Medium,Train
9986,1,0,0.4829,Medium,Test
9990,1,1,0.5344,Medium,Train
9991,1,1,0.5658,Medium,Test
9992,1,1,0.5552,Medium,Train
9993,1,1,0.5459,Medium,Train
9994,1,1,0.5628,Medium,Train
9995,1,0,0.4902,Medium,Test
9997,1,0,0.4762,Medium,Train
9999,1,0,0.4078,Medium,Train
10001,1,0,0.3978,Medium,Test
10002,1,0,0.4874,Medium,Train
10003,1,1,0.529,Medium,Train
10004,1,1,0.5026,Medium,Test
10005,1,1,0.6096,Medium,Train
10007,1,0,0.4699,Medium,Train
10008,1,1,0.5014,Medium,Train
10012,1,0,0.4833,Medium,Train
10013,1,1,0.5072,Medium,Train
10014,1,1,0.5544,Medium,Train
10016,1,0,0.474,Medium,Train
10017,1,1,0.6878,High,Train
10018,1,1,0.6486,Medium,Train
10019,1,1,0.5994,Medium,Train
10021,1,1,0.5645,Medium,Test
10023,1,1,0.5007,Medium,Train
10025,0,0,0.4111,Medium,Train
10026,1,0,0.4474,Medium,Test
10029,1,0,0.4745,Medium,Train
10030,1,0,0.4687,Medium,Train
10031,1,0,0.3694,Medium,Train
10032,1,1,0.5156,Medium,Test
10034,1,0,0.4518,Medium,Train
10036,1,1,0.5444,Medium,Train
10037,1,1,0.5097,Medium,Train
10039,1,1,0.6619,High,Train
10040,0,0,0.3735,Medium,Train
10042,1,1,0.6046,Medium,Train
10043,1,1,0.5272,Medium,Train
10044,1,1,0.566,Medium,Train
10045,1,1,0.5091,Medium,Train
10046,1,0,0.4492,Medium,Train
10048,1,0,0.4509,Medium,Train
10049,1,1,0.521,Medium,Train
10050,1,1,0.5058,Medium,Train
10052,1,1,0.516,Medium,Train
10053,1,1,0.5268,Medium,Train
10054,1,1,0.5693,Medium,Train
10055,0,0,0.4935,Medium,Train
10056,1,1,0.5002,Medium,Train
10057,1,1,0.6197,Medium,Train
10058,1,1,0.5224,Medium,Train
10060,1,0,0.427,Medium,Train
10061,1,1,0.5672,Medium,Test
10062,1,0,0.4853,Medium,Train
10063,1,1,0.6248,Medium,Train
10064,1,0,0.4827,Medium,Test
10065,1,1,0.5687,Medium,Train
10067,1,0,0.4688,Medium,Train
10070,1,0,0.4735,Medium,Train
10072,1,0,0.3633,Medium,Train
10073,1,0,0.4433,Medium,Train
10074,1,1,0.5398,Medium,Train
10075,1,1,0.6876,High,Test
10076,1,1,0.5539,Medium,Train
10077,1,0,0.4527,Medium,Train
10080,0,0,0.4698,Medium,Test
10081,1,0,0.4744,Medium,Train
10082,1,0,0.4594,Medium,Train
10083,1,1,0.6765,High,Train
10084,1,0,0.4185,Medium,Train
10085,1,0,0.3959,Medium,Train
10086,1,0,0.4326,Medium,Train
10087,1,0,0.4828,Medium,Train
10088,1,1,0.5496,Medium,Train
10089,1,0,0.4156,Medium,Train
10090,1,0,0.4489,Medium,Test
10091,1,1,0.5714,Medium,Train
10093,1,1,0.5906,Medium,Train
10094,1,0,0.4189,Medium,Test
10095,1,0,0.4869,Medium,Train
10096,0,0,0.4316,Medium,Train
10098,0,1,0.5731,Medium,Train
10099,1,1,0.51,Medium,Train
10100,1,1,0.5545,Medium,Train
10101,1,1,0.6342,Medium,Train
10102,0,1,0.5368,Medium,Train
10103,1,1,0.5405,Medium,Train
10104,1,1,0.54,Medium,Train
10105,1,1,0.7047,High,Train
10106,1,1,0.5189,Medium,Train
10107,1,0,0.432,Medium,Test
10108,1,0,0.4611,Medium,Train
10109,1,1,0.5767,Medium,Train
10111,1,1,0.5161,Medium,Train
10112,1,0,0.3978,Medium,Train
10114,1,0,0.479,Medium,Test
10115,1,1,0.5827,Medium,Train
10116,1,0,0.4747,Medium,Train
10117,1,1,0.5457,Medium,Train
10118,1,0,0.4242,Medium,Test
10119,1,1,0.5195,Medium,Train
10120,1,1,0.531,Medium,Train
10121,1,0,0.4318,Medium,Train
10122,1,1,0.5271,Medium,Test
10123,1,1,0.5126,Medium,Train
10124,1,0,0.4873,Medium,Test
10125,1,1,0.5288,Medium,Train
10126,1,0,0.4899,Medium,Train
10127,1,0,0.4923,Medium,Train
10128,1,1,0.6311,Medium,Train
10129,1,1,0.5046,Medium,Train
10130,1,0,0.4497,Medium,Train
10131,1,1,0.5077,Medium,Train
10132,1,1,0.5014,Medium,Train
10133,1,0,0.4246,Medium,Train
10134,1,0,0.3746,Medium,Train
10135,0,0,0.4447,Medium,Train
10136,1,0,0.4348,Medium,Test
10137,1,1,0.5658,Medium,Train
10138,1,1,0.587,Medium,Train
10139,1,1,0.5626,Medium,Train
10140,1,0,0.4897,Medium,Train
10141,0,1,0.508,Medium,Train
10142,1,0,0.4736,Medium,Train
10144,1,1,0.5346,Medium,Train
10146,1,0,0.4963,Medium,Train
10147,1,1,0.6427,Medium,Test
10148,1,0,0.4823,Medium,Test
10149,1,1,0.562,Medium,Train
10150,1,0,0.4747,Medium,Train
10153,1,1,0.5938,Medium,Test
10154,1,0,0.4279,Medium,Train
10155,0,0,0.3876,Medium,Train
10156,1,1,0.5922,Medium,Train
10157,1,1,0.5073,Medium,Train
10158,1,1,0.5687,Medium,Train
10159,1,0,0.4419,Medium,Train
10160,1,0,0.3387,Medium,Test
10161,1,0,0.4964,Medium,Train
10162,1,1,0.5473,Medium,Train
10163,1,1,0.5357,Medium,Train
10164,1,1,0.5078,Medium,Test
10166,1,0,0.4806,Medium,Train
10167,1,0,0.4546,Medium,Train
10168,1,1,0.531,Medium,Train
10171,0,1,0.6366,Medium,Train
10174,1,1,0.6308,Medium,Test
10175,1,0,0.4869,Medium,Train
10176,1,0,0.4455,Medium,Test
10179,1,0,0.4481,Medium,Train
10180,1,1,0.567,Medium,Train
10181,1,1,0.5153,Medium,Train
10184,1,1,0.5023,Medium,Train
10185,0,1,0.5453,Medium,Train
10186,1,0,0.4118,Medium,Train
10187,1,0,0.489,Medium,Train
10188,1,1,0.5686,Medium,Test
10189,1,0,0.3725,Medium,Train
10190,0,0,0.4859,Medium,Train
10191,1,0,0.4737,Medium,Train
10192,0,1,0.6431,Medium,Test
10194,1,1,0.5604,Medium,Train
10195,1,0,0.4547,Medium,Train
10196,1,1,0.5164,Medium,Train
10197,1,1,0.5397,Medium,Train
10198,1,0,0.4643,Medium,Train
10199,1,1,0.5901,Medium,Train
10200,0,0,0.4777,Medium,Train
10201,0,1,0.6541,Medium,Test
10203,1,1,0.5101,Medium,Train
10204,1,0,0.4544,Medium,Test
10205,1,1,0.598,Medium,Train
10206,1,0,0.4317,Medium,Test
10207,1,0,0.4678,Medium,Test
10208,0,0,0.496,Medium,Train
10209,1,1,0.5306,Medium,Train
10210,1,0,0.4134,Medium,Train
10211,1,1,0.5102,Medium,Train
10213,1,0,0.4204,Medium,Train
10214,1,1,0.5501,Medium,Test
10216,0,0,0.4902,Medium,Train
10217,1,1,0.5102,Medium,Train
10218,1,0,0.3766,Medium,Test
10219,1,1,0.5075,Medium,Train
10220,0,0,0.4856,Medium,Test
10221,1,0,0.4214,Medium,Train
10222,1,1,0.7224,High,Train
10223,0,1,0.5222,Medium,Train
10224,1,0,0.4472,Medium,Train
10225,1,0,0.4832,Medium,Train
10226,1,1,0.54,Medium,Test
10227,1,0,0.4488,Medium,Train
10228,0,1,0.557,Medium,Test
10229,1,0,0.45,Medium,Train
10231,1,0,0.4618,Medium,Train
10232,1,1,0.5379,Medium,Train
10234,1,1,0.5288,Medium,Train
10235,1,1,0.5117,Medium,Train
10236,1,0,0.4224,Medium,Train
10238,1,0,0.4929,Medium,Train
10239,1,0,0.4801,Medium,Train
10240,1,0,0.3986,Medium,Train
10242,1,1,0.5561,Medium,Train
10243,1,1,0.7007,High,Train
10244,1,0,0.4727,Medium,Train
10245,1,1,0.6765,High,Test
10246,0,1,0.501,Medium,Train
10247,1,1,0.6457,Medium,Train
10248,1,0,0.4745,Medium,Train
10249,1,1,0.5387,Medium,Test
10253,1,1,0.5245,Medium,Test
10254,1,0,0.4524,Medium,Train
10255,1,1,0.6066,Medium,Train
10257,1,0,0.4621,Medium,Train
10258,1,0,0.4304,Medium,Train
10259,1,0,0.4749,Medium,Train
10261,1,0,0.4893,Medium,Train
10262,1,0,0.4385,Medium,Train
10263,1,0,0.3941,Medium,Train
10264,1,1,0.5254,Medium,Test
10265,1,1,0.5247,Medium,Test
10268,1,1,0.5052,Medium,Test
10269,1,0,0.4914,Medium,Test
10271,1,0,0.4169,Medium,Train
10272,1,1,0.6021,Medium,Train
10273,1,0,0.4282,Medium,Train
10274,1,0,0.4089,Medium,Test
10275,1,1,0.5575,Medium,Test
10276,1,1,0.5625,Medium,Train
10279,1,0,0.4937,Medium,Test
10280,1,0,0.4066,Medium,Train
10281,1,1,0.5403,Medium,Train
10282,1,1,0.5134,Medium,Train
10283,1,0,0.4704,Medium,Train
10286,1,1,0.6763,High,Train
10289,1,1,0.5893,Medium,Train
10290,1,0,0.4694,Medium,Train
10291,1,0,0.4779,Medium,Test
10293,1,1,0.5385,Medium,Train
10294,1,0,0.4883,Medium,Test
10295,1,1,0.5425,Medium,Train
10296,1,1,0.532,Medium,Train
10297,1,1,0.728,High,Test
10298,0,1,0.508,Medium,Test
10299,1,1,0.6041,Medium,Test
10300,1,0,0.4876,Medium,Train
10301,1,1,0.5899,Medium,Train
10303,1,1,0.5386,Medium,Train
10305,1,1,0.5391,Medium,Train
10306,1,0,0.4892,Medium,Train
10307,1,0,0.4126,Medium,Train
10308,1,1,0.5089,Medium,Train
10309,1,0,0.3677,Medium,Train
10311,1,1,0.5021,Medium,Train
10312,1,1,0.5294,Medium,Test
10313,1,1,0.5368,Medium,Train
10314,1,0,0.4012,Medium,Train
10315,1,1,0.6255,Medium,Train
10317,1,0,0.4251,Medium,Train
10318,1,0,0.3756,Medium,Train
10319,1,1,0.622,Medium,Train
10320,1,0,0.4555,Medium,Train
10321,1,0,0.4672,Medium,Test
10322,1,1,0.5367,Medium,Test
10323,1,0,0.4956,Medium,Train
10324,1,1,0.5092,Medium,Train
10326,0,0,0.3876,Medium,Test
10328,1,1,0.5317,Medium,Train
10329,1,0,0.438,Medium,Train
10330,0,0,0.4878,Medium,Train
10331,1,0,0.4725,Medium,Test
10332,1,1,0.505,Medium,Train
10333,1,1,0.5403,Medium,Train
10334,1,0,0.4938,Medium,Train
10335,1,0,0.4693,Medium,Test
10336,1,0,0.4788,Medium,Train
10337,1,0,0.4379,Medium,Train
10338,1,1,0.6861,High,Train
10339,1,1,0.5009,Medium,Train
10340,1,1,0.5572,Medium,Test
10341,1,1,0.5068,Medium,Train
10342,1,0,0.4701,Medium,Train
10344,1,0,0.453,Medium,Train
10345,1,1,0.5181,Medium,Train
10347,1,1,0.6047,Medium,Train
10352,1,0,0.4643,Medium,Test
10354,1,0,0.485,Medium,Test
10355,1,1,0.5171,Medium,Test
10358,1,0,0.4526,Medium,Train
10359,1,0,0.4176,Medium,Train
10361,1,1,0.5379,Medium,Train
10362,1,0,0.4557,Medium,Train
10363,1,0,0.4483,Medium,Test
10365,1,1,0.5053,Medium,Train
10366,1,1,0.554,Medium,Train
10367,1,1,0.5061,Medium,Train
10368,1,0,0.4262,Medium,Train
10369,1,0,0.4693,Medium,Train
10370,1,0,0.4599,Medium,Train
10371,1,0,0.4392,Medium,Test
10372,1,0,0.4712,Medium,Train
10373,1,1,0.5029,Medium,Train
10374,1,1,0.5832,Medium,Test
10375,1,1,0.5079,Medium,Train
10376,1,1,0.5371,Medium,Train
10379,1,0,0.4865,Medium,Train
10380,1,1,0.5247,Medium,Train
10381,1,1,0.597,Medium,Train
10382,1,1,0.5196,Medium,Train
10384,1,0,0.4957,Medium,Train
10385,1,0,0.3948,Medium,Train
10386,1,0,0.448,Medium,Test
10387,1,0,0.364,Medium,Train
10388,1,1,0.7339,High,Train
10389,1,0,0.4869,Medium,Train
10392,1,0,0.433,Medium,Train
10393,1,1,0.5948,Medium,Train
10394,1,0,0.4642,Medium,Train
10395,1,1,0.562,Medium,Train
10396,1,1,0.559,Medium,Train
10397,1,1,0.5038,Medium,Train
10399,1,0,0.4996,Medium,Train
10400,1,0,0.4533,Medium,Test
10401,1,1,0.5581,Medium,Train
10402,0,1,0.5123,Medium,Test
10403,1,1,0.5567,Medium,Test
10404,1,0,0.4992,Medium,Train
10405,1,1,0.5277,Medium,Train
10407,1,0,0.4957,Medium,Train
10408,1,1,0.5626,Medium,Train
10410,1,1,0.5219,Medium,Train
10411,1,1,0.5059,Medium,Train
10412,1,1,0.6379,Medium,Train
10413,0,0,0.3734,Medium,Train
10416,1,1,0.5844,Medium,Train
10417,1,1,0.5187,Medium,Test
10418,1,1,0.5396,Medium,Test
10419,1,0,0.3744,Medium,Train
10420,1,0,0.4969,Medium,Train
10421,1,0,0.4848,Medium,Train
10422,1,1,0.5621,Medium,Train
10424,1,1,0.5544,Medium,Train
10425,1,1,0.5512,Medium,Train
10426,1,1,0.5054,Medium,Train
10427,1,0,0.4549,Medium,Test
10428,1,1,0.5085,Medium,Train
10430,1,0,0.4968,Medium,Train
10431,0,1,0.5575,Medium,Train
10432,1,0,0.4877,Medium,Train
10435,1,0,0.4837,Medium,Train
10436,1,0,0.4816,Medium,Train
10437,1,0,0.3955,Medium,Test
10438,0,0,0.4914,Medium,Train
10439,1,0,0.4858,Medium,Train
10441,1,0,0.4521,Medium,Train
10442,1,0,0.4954,Medium,Train
10443,1,0,0.458,Medium,Train
10445,1,0,0.4718,Medium,Train
10446,1,0,0.4448,Medium,Train
10447,1,0,0.4289,Medium,Test
10448,1,1,0.5616,Medium,Train
10449,1,0,0.4324,Medium,Test
10450,1,0,0.4639,Medium,Test
10452,1,0,0.4633,Medium,Train
10453,1,1,0.561,Medium,Train
10454,1,1,0.5447,Medium,Train
10455,1,1,0.5067,Medium,Train
10456,1,1,0.6575,Medium,Train
10457,1,0,0.4755,Medium,Test
10458,1,1,0.5239,Medium,Train
10460,0,1,0.5521,Medium,Train
10463,1,0,0.463,Medium,Test
10464,0,0,0.4772,Medium,Train
10465,1,1,0.5759,Medium,Train
10466,1,0,0.4449,Medium,Test
10467,1,1,0.5169,Medium,Train
10469,0,0,0.4508,Medium,Test
10470,1,0,0.4703,Medium,Train
10471,1,1,0.5051,Medium,Train
10472,1,1,0.5512,Medium,Train
10473,1,1,0.552,Medium,Train
10474,1,1,0.5496,Medium,Train
10475,1,0,0.4925,Medium,Train
10477,1,1,0.5062,Medium,Train
10479,1,1,0.6041,Medium,Test
10480,1,0,0.4435,Medium,Train
10482,1,1,0.5703,Medium,Train
10483,1,1,0.5656,Medium,Train
10485,1,1,0.5456,Medium,Train
10486,1,0,0.4843,Medium,Train
10487,1,1,0.5228,Medium,Train
10488,1,0,0.4791,Medium,Test
10489,0,0,0.3972,Medium,Train
10491,1,1,0.5145,Medium,Train
10492,0,1,0.6438,Medium,Train
10493,1,0,0.4243,Medium,Test
10494,0,0,0.4307,Medium,Train
10495,1,0,0.4754,Medium,Train
10496,1,0,0.4608,Medium,Train
10497,1,1,0.5593,Medium,Test
10500,1,0,0.4914,Medium,Test
10501,1,1,0.5908,Medium,Test
10502,1,0,0.4599,Medium,Train
10503,1,1,0.5377,Medium,Train
10504,1,1,0.5068,Medium,Test
10505,1,1,0.5075,Medium,Train
10506,1,0,0.4449,Medium,Train
10507,1,1,0.5063,Medium,Train
10508,1,0,0.3733,Medium,Train
10509,1,0,0.4608,Medium,Train
10511,0,0,0.4469,Medium,Train
10512,1,1,0.51,Medium,Train
10513,1,0,0.4157,Medium,Train
10514,1,0,0.4964,Medium,Train
10515,1,0,0.4871,Medium,Test
10516,0,1,0.5164,Medium,Train
10518,1,1,0.532,Medium,Train
10519,1,1,0.7186,High,Train
10521,1,1,0.5719,Medium,Test
10523,0,1,0.5095,Medium,Train
10525,1,0,0.4375,Medium,Train
10527,1,1,0.6026,Medium,Train
10528,1,1,0.5136,Medium,Train
10529,1,0,0.4692,Medium,Train
10530,1,1,0.6183,Medium,Train
10531,0,1,0.6014,Medium,Test
10532,1,1,0.6065,Medium,Test
10533,1,0,0.3866,Medium,Train
10534,1,0,0.4815,Medium,Train
10535,1,0,0.429,Medium,Train
10536,1,0,0.4709,Medium,Test
10537,1,1,0.6256,Medium,Train
10538,1,1,0.5032,Medium,Train
10539,1,1,0.6364,Medium,Train
10540,1,1,0.5571,Medium,Train
10541,1,1,0.6118,Medium,Train
10542,1,1,0.5032,Medium,Train
10543,1,1,0.5646,Medium,Test
10544,1,0,0.4771,Medium,Test
10545,1,1,0.544,Medium,Train
10546,1,1,0.5296,Medium,Train
10547,1,0,0.4147,Medium,Train
10548,1,1,0.5336,Medium,Train
10551,1,0,0.4593,Medium,Train
10552,1,1,0.5703,Medium,Train
10553,1,1,0.618,Medium,Test
10554,1,1,0.6648,High,Train
10555,1,0,0.4807,Medium,Train
10556,1,1,0.5304,Medium,Train
10557,1,1,0.5891,Medium,Train
10559,1,1,0.5273,Medium,Train
10562,1,0,0.4445,Medium,Train
10564,1,0,0.4924,Medium,Train
10565,1,0,0.3746,Medium,Train
10566,1,0,0.4796,Medium,Train
10567,1,1,0.592,Medium,Train
10568,1,0,0.4448,Medium,Train
10569,1,0,0.4395,Medium,Train
10570,1,1,0.5065,Medium,Test
10571,1,1,0.6426,Medium,Train
10572,1,0,0.4799,Medium,Train
10575,1,1,0.5366,Medium,Train
10577,1,0,0.4987,Medium,Train
10578,1,0,0.4086,Medium,Test
10580,1,1,0.5084,Medium,Train
10582,1,0,0.4774,Medium,Test
10583,0,1,0.5114,Medium,Train
10584,1,0,0.4556,Medium,Train
10585,0,0,0.3972,Medium,Test
10586,1,1,0.6051,Medium,Test
10587,1,1,0.5304,Medium,Train
10588,1,0,0.423,Medium,Train
10589,1,0,0.4795,Medium,Test
10590,1,1,0.5168,Medium,Train
10592,1,1,0.5933,Medium,Train
10595,1,1,0.7755,High,Train
10596,1,0,0.416,Medium,Train
10597,1,0,0.4528,Medium,Test
10599,1,0,0.4956,Medium,Train
10600,1,1,0.5018,Medium,Train
10601,1,0,0.4114,Medium,Test
10602,1,1,0.605,Medium,Train
10606,0,1,0.5589,Medium,Test
10607,1,0,0.454,Medium,Train
10609,1,1,0.5433,Medium,Train
10610,1,0,0.4862,Medium,Train
10611,1,1,0.5283,Medium,Train
10613,1,0,0.4727,Medium,Test
10614,1,0,0.4892,Medium,Test
10615,0,1,0.5457,Medium,Train
10617,1,0,0.4321,Medium,Train
10620,1,1,0.5007,Medium,Train
10622,1,1,0.5444,Medium,Train
10623,0,0,0.4871,Medium,Train
10624,1,1,0.5149,Medium,Train
10627,1,0,0.4473,Medium,Train
10628,0,0,0.4348,Medium,Train
10630,1,0,0.474,Medium,Train
10634,1,0,0.4219,Medium,Train
10635,1,0,0.4625,Medium,Test
10636,1,0,0.4305,Medium,Train
10637,1,1,0.5072,Medium,Train
10639,1,0,0.496,Medium,Train
10641,1,1,0.5351,Medium,Test
10642,1,0,0.4055,Medium,Train
10643,1,1,0.5387,Medium,Train
10644,1,0,0.433,Medium,Test
10645,1,0,0.401,Medium,Train
10646,1,1,0.5727,Medium,Train
10647,1,0,0.4297,Medium,Train
10648,1,0,0.4882,Medium,Train
10649,1,0,0.4516,Medium,Train
10650,1,1,0.502,Medium,Train
10651,0,0,0.452,Medium,Train
10652,1,1,0.5119,Medium,Train
10654,1,0,0.4981,Medium,Train
10655,1,1,0.6579,Medium,Train
10657,1,1,0.5432,Medium,Train
10658,1,0,0.4337,Medium,Test
10662,1,0,0.4982,Medium,Train
10663,1,1,0.6063,Medium,Train
10664,0,0,0.4438,Medium,Train
10665,1,1,0.5459,Medium,Train
10666,1,0,0.4747,Medium,Train
10667,1,1,0.718,High,Train
10669,1,1,0.6849,High,Train
10671,1,1,0.523,Medium,Train
10672,1,1,0.5012,Medium,Train
10673,1,1,0.6533,Medium,Train
10675,0,1,0.5155,Medium,Train
10677,0,0,0.4614,Medium,Train
10678,0,1,0.54,Medium,Test
10679,1,1,0.6772,High,Train
10682,1,1,0.5342,Medium,Train
10683,1,1,0.5003,Medium,Train
10684,1,0,0.4735,Medium,Test
10686,0,0,0.477,Medium,Train
10688,1,0,0.4698,Medium,Train
10689,1,1,0.5026,Medium,Train
10690,1,0,0.4605,Medium,Train
10691,1,1,0.5157,Medium,Train
10692,1,0,0.4491,Medium,Train
10693,1,0,0.4471,Medium,Train
10694,1,1,0.5008,Medium,Train
10695,1,1,0.5526,Medium,Train
10698,1,0,0.495,Medium,Train
10699,1,1,0.539,Medium,Train
10700,1,0,0.4889,Medium,Train
10701,1,1,0.5276,Medium,Test
10703,1,1,0.5323,Medium,Train
10704,1,1,0.6472,Medium,Train
10706,1,1,0.6721,High,Train
10708,1,0,0.4732,Medium,Train
10709,1,1,0.5959,Medium,Train
10710,0,1,0.5254,Medium,Train
10711,1,0,0.4664,Medium,Train
10713,1,0,0.4061,Medium,Train
10714,1,0,0.4743,Medium,Train
10715,1,1,0.5035,Medium,Test
10716,0,0,0.4048,Medium,Train
10717,0,0,0.4659,Medium,Train
10718,1,0,0.4866,Medium,Train
10719,0,0,0.3885,Medium,Train
10721,1,0,0.4433,Medium,Train
10722,1,1,0.5208,Medium,Train
10723,1,1,0.6166,Medium,Train
10724,1,0,0.4362,Medium,Test
10725,0,1,0.5062,Medium,Train
10726,1,0,0.4392,Medium,Train
10727,1,0,0.4282,Medium,Train
10728,1,0,0.4911,Medium,Test
10729,0,0,0.4707,Medium,Train
10730,1,0,0.3956,Medium,Train
10731,1,0,0.4855,Medium,Test
10733,1,1,0.5542,Medium,Train
10734,0,0,0.4511,Medium,Train
10735,1,0,0.4855,Medium,Train
10737,1,1,0.5261,Medium,Train
10738,1,0,0.4176,Medium,Train
10739,1,0,0.4837,Medium,Train
10742,1,0,0.4142,Medium,Train
10743,1,1,0.5129,Medium,Train
10744,1,0,0.4267,Medium,Train
10746,1,0,0.388,Medium,Train
10747,1,1,0.5386,Medium,Train
10748,0,1,0.5254,Medium,Test
10749,1,0,0.4852,Medium,Test
10750,1,0,0.4812,Medium,Train
10751,1,0,0.4246,Medium,Train
10752,0,1,0.58,Medium,Train
10753,1,1,0.5459,Medium,Train
10756,1,1,0.6145,Medium,Test
10757,1,0,0.3216,Low,Test
10758,1,1,0.5976,Medium,Train
10759,1,0,0.3979,Medium,Test
10760,1,0,0.4566,Medium,Train
10761,1,0,0.4541,Medium,Train
10763,1,1,0.6267,Medium,Train
10764,1,1,0.5653,Medium,Train
10766,1,0,0.4269,Medium,Train
10767,1,1,0.5827,Medium,Test
10768,0,1,0.5379,Medium,Train
10769,1,1,0.569,Medium,Train
10770,1,1,0.5093,Medium,Train
10771,1,0,0.4646,Medium,Train
10772,1,1,0.5266,Medium,Test
10774,1,0,0.4325,Medium,Train
10775,0,0,0.349,Medium,Train
10776,1,0,0.4626,Medium,Train
10778,1,0,0.4173,Medium,Test
10779,1,1,0.5071,Medium,Train
10780,1,1,0.5384,Medium,Train
10781,1,1,0.6024,Medium,Train
10783,1,0,0.4725,Medium,Test
10784,0,1,0.7157,High,Test
10785,1,0,0.4663,Medium,Test
10786,1,1,0.5065,Medium,Test
10787,1,0,0.4046,Medium,Test
10788,1,1,0.6342,Medium,Test
10790,1,1,0.5604,Medium,Train
10791,1,1,0.5378,Medium,Train
10795,1,1,0.5419,Medium,Train
10796,1,1,0.5945,Medium,Train
10797,1,1,0.5196,Medium,Test
10798,0,1,0.5229,Medium,Train
10799,1,1,0.5322,Medium,Test
10800,1,0,0.429,Medium,Train
10801,1,1,0.5168,Medium,Test
10802,1,1,0.5202,Medium,Train
10803,1,0,0.4716,Medium,Test
10804,1,0,0.4483,Medium,Train
10805,1,1,0.5661,Medium,Test
10807,1,1,0.5405,Medium,Test
10808,0,1,0.5522,Medium,Train
10809,1,0,0.4203,Medium,Train
10810,1,0,0.4685,Medium,Test
10811,1,1,0.5582,Medium,Train
10812,1,0,0.4436,Medium,Train
10813,1,1,0.5979,Medium,Train
10814,1,0,0.451,Medium,Train
10815,1,0,0.4929,Medium,Test
10816,1,1,0.5969,Medium,Test
10817,0,0,0.4303,Medium,Test
10818,1,1,0.51,Medium,Train
10820,1,1,0.5511,Medium,Train
10821,1,1,0.5225,Medium,Test
10822,1,1,0.5869,Medium,Train
10823,1,1,0.5563,Medium,Train
10824,0,1,0.5399,Medium,Train
10825,1,0,0.4408,Medium,Test
10828,0,1,0.5233,Medium,Train
10830,1,1,0.5567,Medium,Train
10831,1,0,0.438,Medium,Train
10832,1,1,0.6472,Medium,Train
10833,1,1,0.5767,Medium,Test
10837,1,0,0.457,Medium,Train
10838,1,0,0.4914,Medium,Train
10839,1,0,0.4262,Medium,Test
10840,1,0,0.4322,Medium,Train
10842,1,1,0.5505,Medium,Train
10844,1,1,0.5278,Medium,Train
10845,1,0,0.4529,Medium,Train
10846,1,0,0.4314,Medium,Train
10847,1,0,0.4845,Medium,Train
10848,1,0,0.411,Medium,Train
10849,1,1,0.6814,High,Train
10850,1,1,0.565,Medium,Train
10851,1,0,0.4747,Medium,Test
10852,1,0,0.4651,Medium,Test
10853,1,1,0.6118,Medium,Test
10854,1,0,0.4999,Medium,Train
10855,1,1,0.5099,Medium,Train
10856,1,1,0.5803,Medium,Train
10857,1,0,0.4927,Medium,Train
10858,1,0,0.4509,Medium,Train
10859,1,0,0.4513,Medium,Train
10860,1,1,0.5309,Medium,Test
10861,1,0,0.4791,Medium,Train
10865,1,1,0.5406,Medium,Train
10866,1,1,0.5374,Medium,Train
10867,1,0,0.4965,Medium,Train
10868,1,1,0.5159,Medium,Test
10869,1,1,0.5312,Medium,Train
10870,1,0,0.3879,Medium,Train
10873,1,1,0.5328,Medium,Train
10874,0,1,0.6358,Medium,Train
10875,0,0,0.4628,Medium,Train
10876,1,1,0.5789,Medium,Test
10877,1,1,0.5535,Medium,Train
10879,0,1,0.5688,Medium,Train
10880,1,0,0.3848,Medium,Train
10882,0,1,0.5191,Medium,Train
10883,1,1,0.5351,Medium,Train
10885,1,0,0.4042,Medium,Train
10886,1,1,0.5212,Medium,Train
10887,1,1,0.5128,Medium,Train
10888,1,0,0.4988,Medium,Train
10889,1,0,0.4938,Medium,Test
10890,0,0,0.4835,Medium,Train
10891,1,0,0.498,Medium,Train
10892,1,1,0.5686,Medium,Train
10893,1,1,0.5435,Medium,Train
10896,1,1,0.635,Medium,Train
10897,1,1,0.5065,Medium,Test
10899,1,0,0.4509,Medium,Test
10900,1,0,0.3959,Medium,Train
10901,1,1,0.6179,Medium,Test
10902,1,0,0.4164,Medium,Train
10904,1,0,0.4345,Medium,Train
10905,1,0,0.3774,Medium,Train
10906,0,1,0.6096,Medium,Train
10907,1,0,0.442,Medium,Train
10908,1,1,0.5491,Medium,Train
10911,1,1,0.5666,Medium,Train
10912,1,1,0.5438,Medium,Train
10914,1,0,0.4406,Medium,Train
10915,1,1,0.5997,Medium,Test
10917,1,0,0.4832,Medium,Train
10918,1,1,0.5269,Medium,Train
10919,1,0,0.4734,Medium,Train
10920,1,1,0.522,Medium,Train
10921,1,0,0.4501,Medium,Train
10924,0,1,0.5004,Medium,Test
10925,1,0,0.4902,Medium,Test
10926,1,0,0.4986,Medium,Test
10927,1,0,0.473,Medium,Test
10928,1,1,0.5303,Medium,Test
10929,1,1,0.7307,High,Train
10932,1,1,0.5355,Medium,Test
10933,0,0,0.3979,Medium,Train
10935,0,0,0.4879,Medium,Train
10937,1,1,0.5564,Medium,Train
10938,1,0,0.4109,Medium,Train
10939,0,1,0.5131,Medium,Train
10940,1,0,0.4901,Medium,Test
10941,1,1,0.5099,Medium,Train
10943,1,0,0.4718,Medium,Train
10944,1,1,0.6227,Medium,Test
10946,1,0,0.4778,Medium,Train
10950,1,1,0.5313,Medium,Train
10954,1,0,0.4607,Medium,Train
10955,1,1,0.5047,Medium,Train
10956,1,0,0.4906,Medium,Train
10957,1,1,0.566,Medium,Train
10958,1,1,0.518,Medium,Train
10959,1,1,0.6289,Medium,Train
10960,1,0,0.4805,Medium,Test
10961,1,0,0.4261,Medium,Train
10962,0,1,0.5104,Medium,Train
10964,1,0,0.4823,Medium,Train
10965,1,1,0.5409,Medium,Train
10966,1,1,0.5847,Medium,Test
10968,0,1,0.5368,Medium,Test
10969,1,0,0.3896,Medium,Train
10970,1,0,0.4465,Medium,Train
10971,1,0,0.3921,Medium,Train
10973,1,0,0.3773,Medium,Train
10974,1,1,0.5906,Medium,Train
10975,1,1,0.5863,Medium,Train
10976,0,0,0.4728,Medium,Test
10978,1,1,0.5235,Medium,Test
10979,1,0,0.4621,Medium,Train
10981,1,1,0.5286,Medium,Test
10982,1,1,0.6286,Medium,Train
10984,1,0,0.4856,Medium,Train
10985,1,1,0.5559,Medium,Train
10986,1,1,0.6768,High,Train
10987,0,0,0.4975,Medium,Train
10988,0,0,0.4933,Medium,Train
10989,1,1,0.6633,High,Train
10990,1,1,0.5401,Medium,Train
10991,0,0,0.4457,Medium,Train
10992,1,0,0.4901,Medium,Train
10993,1,0,0.4224,Medium,Train
10994,1,0,0.4746,Medium,Train
10997,1,0,0.3839,Medium,Train
10998,1,1,0.6096,Medium,Train
10999,1,1,0.5403,Medium,Train
11002,1,1,0.5171,Medium,Test
11003,1,1,0.5028,Medium,Train
11005,1,1,0.5971,Medium,Train
11006,0,1,0.5603,Medium,Test
11007,1,0,0.4656,Medium,Train
11009,0,0,0.4373,Medium,Train
11010,1,0,0.4912,Medium,Train
11011,1,0,0.4513,Medium,Train
11012,1,0,0.4453,Medium,Train
11015,1,1,0.5163,Medium,Train
11018,1,1,0.5443,Medium,Train
11019,0,1,0.5531,Medium,Train
11020,1,1,0.6305,Medium,Train
11021,1,1,0.5484,Medium,Train
11022,1,1,0.5341,Medium,Train
11023,0,1,0.5194,Medium,Train
11024,1,1,0.5186,Medium,Train
11025,1,0,0.3769,Medium,Train
11027,1,0,0.4091,Medium,Train
11029,1,1,0.5657,Medium,Train
11030,0,0,0.4227,Medium,Test
11031,1,1,0.5326,Medium,Train
11033,1,1,0.5201,Medium,Train
11034,1,1,0.5091,Medium,Train
11036,1,0,0.4689,Medium,Train
11037,1,0,0.4335,Medium,Train
11039,1,0,0.4871,Medium,Train
11040,1,0,0.4356,Medium,Test
11041,1,0,0.4518,Medium,Train
11042,1,0,0.4013,Medium,Train
11043,1,1,0.748,High,Test
11044,1,0,0.4222,Medium,Train
11045,1,1,0.6812,High,Train
11046,1,1,0.6624,High,Train
11047,1,1,0.5364,Medium,Train
11048,1,0,0.4194,Medium,Train
11049,1,1,0.5236,Medium,Train
11050,1,0,0.4972,Medium,Test
11051,1,1,0.588,Medium,Train
11052,1,0,0.4395,Medium,Train
11053,1,0,0.4928,Medium,Train
11054,1,0,0.3414,Medium,Test
11055,1,0,0.438,Medium,Test
11056,1,0,0.4681,Medium,Test
11057,0,0,0.4515,Medium,Train
11059,1,0,0.4279,Medium,Train
11061,1,1,0.6107,Medium,Train
11062,0,1,0.6403,Medium,Train
11063,1,1,0.6109,Medium,Train
11064,1,0,0.4693,Medium,Train
11065,1,1,0.5584,Medium,Train
11066,1,1,0.502,Medium,Train
11067,1,1,0.57,Medium,Train
11068,1,0,0.4331,Medium,Train
11069,1,1,0.5141,Medium,Test
11070,1,1,0.531,Medium,Train
11071,1,1,0.5899,Medium,Train
11072,0,0,0.4647,Medium,Test
11074,1,1,0.5077,Medium,Test
11075,1,1,0.5712,Medium,Train
11077,0,1,0.5449,Medium,Train
11078,1,0,0.4581,Medium,Train
11079,1,1,0.6886,High,Train
11080,1,0,0.4563,Medium,Test
11081,1,1,0.594,Medium,Train
11082,1,0,0.4611,Medium,Test
11083,1,1,0.5635,Medium,Test
11086,1,1,0.6079,Medium,Train
11087,0,1,0.53,Medium,Test
11088,1,0,0.4398,Medium,Test
11089,1,1,0.7041,High,Train
11090,1,0,0.4117,Medium,Train
11092,0,0,0.3206,Low,Train
11093,1,1,0.5674,Medium,Test
11095,0,0,0.4334,Medium,Train
11096,1,0,0.4812,Medium,Train
11097,1,1,0.5192,Medium,Train
11098,1,0,0.4213,Medium,Train
11099,1,0,0.4796,Medium,Train
11100,1,1,0.5875,Medium,Train
11101,1,0,0.4599,Medium,Train
11102,0,0,0.3681,Medium,Train
11103,1,1,0.5044,Medium,Train
11104,1,1,0.5154,Medium,Train
11105,1,1,0.5161,Medium,Train
11107,1,0,0.4582,Medium,Train
11108,1,1,0.6369,Medium,Test
11109,1,0,0.4685,Medium,Train
11110,1,1,0.5244,Medium,Train
11111,1,1,0.5333,Medium,Train
11113,1,0,0.479,Medium,Train
11114,1,1,0.5436,Medium,Train
11115,1,0,0.4116,Medium,Train
11116,1,0,0.4607,Medium,Test
11119,1,1,0.5827,Medium,Test
11120,1,1,0.5544,Medium,Train
11121,1,1,0.5273,Medium,Train
11122,0,0,0.4225,Medium,Test
11123,1,0,0.4755,Medium,Train
11124,1,1,0.5037,Medium,Train
11125,1,0,0.4551,Medium,Train
11126,1,1,0.5401,Medium,Train
11128,1,0,0.4679,Medium,Train
11129,1,0,0.4761,Medium,Train
11130,0,0,0.4727,Medium,Train
11131,1,0,0.4792,Medium,Train
11133,1,1,0.5163,Medium,Train
11134,1,0,0.4221,Medium,Train
11135,1,1,0.6056,Medium,Test
11136,0,0,0.4776,Medium,Train
11137,1,0,0.4941,Medium,Train
11138,1,0,0.4829,Medium,Train
11140,1,0,0.4991,Medium,Train
11141,1,0,0.4916,Medium,Train
11142,1,0,0.4189,Medium,Train
11143,1,1,0.5031,Medium,Train
11144,1,1,0.5,Medium,Train
11145,1,1,0.5795,Medium,Train
11146,1,1,0.6232,Medium,Train
11147,1,0,0.4875,Medium,Train
11148,1,1,0.5129,Medium,Test
11151,1,0,0.4205,Medium,Train
11152,1,0,0.4723,Medium,Train
11153,1,0,0.4285,Medium,Train
11154,1,0,0.3555,Medium,Test
11155,1,1,0.5289,Medium,Train
11156,1,1,0.5105,Medium,Test
11157,1,0,0.4184,Medium,Train
11158,1,1,0.5031,Medium,Train
11159,1,1,0.5145,Medium,Train
11160,1,0,0.4982,Medium,Train
11161,1,1,0.528,Medium,Test
11162,1,0,0.4958,Medium,Train
11163,1,0,0.4717,Medium,Train
11165,1,0,0.4145,Medium,Train
11166,1,0,0.4666,Medium,Train
11167,1,1,0.6385,Medium,Train
11168,1,1,0.5091,Medium,Train
11174,1,0,0.4502,Medium,Train
11175,1,1,0.575,Medium,Train
11177,1,0,0.4653,Medium,Train
11178,1,0,0.4967,Medium,Train
11179,1,1,0.5116,Medium,Train
11180,1,1,0.5031,Medium,Train
11181,1,1,0.5143,Medium,Train
11182,1,0,0.4819,Medium,Test
11183,0,0,0.4765,Medium,Test
11184,0,0,0.4801,Medium,Train
11185,1,1,0.5123,Medium,Train
11186,1,0,0.4772,Medium,Test
11187,1,0,0.4366,Medium,Test
11188,1,0,0.4956,Medium,Train
11189,1,0,0.4254,Medium,Test
11191,1,1,0.568,Medium,Test
11192,0,1,0.5192,Medium,Train
11193,0,0,0.4944,Medium,Test
11194,0,1,0.5527,Medium,Test
11196,1,1,0.5712,Medium,Test
11197,0,0,0.4947,Medium,Train
11198,1,0,0.4592,Medium,Train
11199,1,1,0.5265,Medium,Train
11201,1,0,0.4896,Medium,Train
11203,1,1,0.5277,Medium,Train
11204,1,0,0.4186,Medium,Train
11205,1,0,0.4564,Medium,Train
11206,1,1,0.6064,Medium,Test
11208,1,1,0.5378,Medium,Train
11210,1,1,0.5812,Medium,Test
11211,1,0,0.4933,Medium,Train
11212,1,1,0.5878,Medium,Train
11213,1,1,0.5361,Medium,Train
11214,1,0,0.4827,Medium,Train
11215,1,0,0.4527,Medium,Train
11216,1,0,0.4349,Medium,Train
11218,1,1,0.5676,Medium,Train
11219,1,0,0.4821,Medium,Train
11220,1,0,0.4689,Medium,Train
11221,1,1,0.5098,Medium,Train
11222,1,1,0.5648,Medium,Train
11224,1,0,0.4921,Medium,Test
11226,1,1,0.5475,Medium,Train
11227,1,0,0.4986,Medium,Train
11228,0,1,0.5008,Medium,Train
11230,1,1,0.5171,Medium,Train
11231,1,0,0.4785,Medium,Test
11232,1,0,0.4292,Medium,Train
11233,1,0,0.4418,Medium,Test
11234,1,0,0.4915,Medium,Train
11235,1,0,0.4109,Medium,Train
11236,1,1,0.5047,Medium,Train
11238,1,1,0.5291,Medium,Train
11241,1,1,0.5378,Medium,Train
11242,1,1,0.5647,Medium,Train
11243,1,1,0.5027,Medium,Train
11244,1,0,0.3803,Medium,Train
11245,1,1,0.5078,Medium,Train
11246,1,1,0.5145,Medium,Train
11247,1,1,0.6441,Medium,Train
11248,1,1,0.6562,Medium,Train
11250,1,1,0.5808,Medium,Train
11251,1,0,0.4255,Medium,Train
11252,1,1,0.5133,Medium,Train
11253,0,1,0.5095,Medium,Test
11254,1,1,0.5006,Medium,Test
11257,1,1,0.5442,Medium,Test
11259,1,1,0.5678,Medium,Train
11260,1,0,0.451,Medium,Train
11263,1,1,0.5093,Medium,Train
11264,1,0,0.4961,Medium,Train
11266,1,1,0.5461,Medium,Train
11267,1,1,0.5244,Medium,Train
11268,1,1,0.5288,Medium,Train
11269,1,0,0.4415,Medium,Train
11271,0,1,0.5351,Medium,Train
11272,1,0,0.4473,Medium,Test
11273,1,1,0.5549,Medium,Train
11274,1,1,0.5012,Medium,Train
11275,1,0,0.4157,Medium,Train
11277,1,1,0.5473,Medium,Train
11278,1,1,0.6117,Medium,Train
11280,1,1,0.6419,Medium,Train
11281,0,0,0.448,Medium,Train
11282,1,0,0.4514,Medium,Test
11283,1,0,0.3602,Medium,Train
11284,0,1,0.5408,Medium,Test
11286,1,0,0.445,Medium,Train
11287,1,0,0.4445,Medium,Train
11288,1,1,0.7192,High,Train
11289,0,1,0.5681,Medium,Test
11290,1,1,0.5359,Medium,Train
11293,1,1,0.5385,Medium,Test
11295,1,0,0.4914,Medium,Train
11297,1,1,0.6116,Medium,Test
11298,1,1,0.5282,Medium,Train
11300,1,0,0.4094,Medium,Train
11301,1,0,0.4877,Medium,Train
11302,1,0,0.3577,Medium,Train
11303,1,1,0.552,Medium,Test
11304,1,0,0.3998,Medium,Train
11305,1,0,0.4372,Medium,Train
11306,1,1,0.5261,Medium,Train
11307,1,1,0.5882,Medium,Train
11308,1,1,0.5569,Medium,Train
11309,1,0,0.45,Medium,Train
11310,1,0,0.424,Medium,Train
11311,1,1,0.5411,Medium,Train
11312,1,1,0.5275,Medium,Train
11313,0,1,0.513,Medium,Train
11314,1,1,0.5072,Medium,Train
11315,1,1,0.5149,Medium,Test
11316,1,1,0.5352,Medium,Train
11317,1,1,0.5209,Medium,Train
11318,0,0,0.3846,Medium,Train
11321,1,1,0.5199,Medium,Train
11324,1,0,0.4881,Medium,Train
11325,1,1,0.5112,Medium,Test
11326,1,0,0.4398,Medium,Train
11328,1,1,0.5402,Medium,Train
11329,1,1,0.529,Medium,Train
11331,1,1,0.6052,Medium,Train
11332,1,0,0.4874,Medium,Train
11333,1,0,0.4369,Medium,Train
11334,1,0,0.4286,Medium,Test
11336,1,0,0.4985,Medium,Train
11337,0,0,0.468,Medium,Train
11338,1,0,0.4859,Medium,Train
11339,1,1,0.536,Medium,Train
11340,1,0,0.4249,Medium,Train
11341,1,0,0.3722,Medium,Train
11342,1,1,0.5022,Medium,Train
11343,1,0,0.4974,Medium,Train
11344,1,0,0.4286,Medium,Train
11345,1,0,0.4641,Medium,Train
11346,1,1,0.5369,Medium,Test
11347,1,1,0.6768,High,Train
11348,1,0,0.4636,Medium,Train
11350,1,0,0.4223,Medium,Train
11352,1,0,0.4575,Medium,Test
11353,1,0,0.4864,Medium,Train
11354,1,1,0.5821,Medium,Train
11355,1,1,0.5699,Medium,Train
11356,1,1,0.5306,Medium,Test
11357,1,0,0.4426,Medium,Train
11358,1,0,0.3432,Medium,Test
11360,0,0,0.4453,Medium,Train
11362,1,1,0.6657,High,Train
11364,1,1,0.5215,Medium,Train
11365,1,1,0.5184,Medium,Test
11366,1,0,0.4843,Medium,Test
11368,1,1,0.7185,High,Test
11369,1,1,0.5395,Medium,Train
11370,1,1,0.5699,Medium,Train
11372,1,1,0.5423,Medium,Train
11373,1,0,0.4903,Medium,Test
11374,1,1,0.6309,Medium,Train
11376,1,1,0.6063,Medium,Train
11377,1,1,0.5813,Medium,Train
11378,0,0,0.4937,Medium,Train
11379,1,0,0.39,Medium,Train
11381,1,1,0.5679,Medium,Train
11382,1,0,0.4963,Medium,Train
11383,1,0,0.4966,Medium,Train
11384,1,1,0.5177,Medium,Test
11385,1,1,0.524,Medium,Train
11386,1,0,0.4571,Medium,Train
11388,0,1,0.5593,Medium,Train
11389,1,1,0.5881,Medium,Train
11391,1,1,0.5688,Medium,Train
11392,0,1,0.5674,Medium,Train
11393,0,0,0.4698,Medium,Train
11394,1,0,0.3893,Medium,Test
11395,1,1,0.5362,Medium,Train
11396,1,0,0.4836,Medium,Train
11397,1,0,0.413,Medium,Train
11398,1,1,0.5052,Medium,Train
11399,1,1,0.5246,Medium,Train
11400,1,0,0.4792,Medium,Train
11401,1,0,0.4331,Medium,Test
11403,0,0,0.4874,Medium,Train
11404,1,1,0.5554,Medium,Train
11406,1,0,0.44,Medium,Train
11407,0,0,0.4832,Medium,Train
11408,1,0,0.4634,Medium,Train
11409,0,0,0.4982,Medium,Train
11410,1,1,0.6095,Medium,Train
11411,1,1,0.6032,Medium,Test
11412,1,0,0.4828,Medium,Test
11413,1,0,0.4516,Medium,Test
11414,0,0,0.4617,Medium,Train
11415,1,1,0.5381,Medium,Train
11416,1,0,0.4265,Medium,Train
11417,1,0,0.4751,Medium,Train
11418,1,0,0.4231,Medium,Train
11419,0,1,0.5128,Medium,Train
11420,1,0,0.4243,Medium,Test
11421,1,1,0.5327,Medium,Train
11422,1,0,0.4026,Medium,Train
11423,1,0,0.4879,Medium,Test
11424,1,0,0.445,Medium,Train
11425,1,0,0.4494,Medium,Train
11427,1,0,0.446,Medium,Train
11429,1,0,0.4383,Medium,Test
11430,1,1,0.5468,Medium,Train
11431,1,0,0.4678,Medium,Train
11432,1,1,0.5952,Medium,Train
11435,1,1,0.7184,High,Test
11436,1,0,0.4898,Medium,Train
11437,1,0,0.4947,Medium,Train
11438,0,0,0.492,Medium,Train
11440,1,1,0.6463,Medium,Train
11441,1,0,0.3741,Medium,Train
11443,1,0,0.4813,Medium,Train
11444,1,0,0.4142,Medium,Train
11445,1,1,0.5301,Medium,Train
11447,1,1,0.5973,Medium,Train
11448,1,1,0.5561,Medium,Train
11449,1,0,0.4726,Medium,Train
11450,1,0,0.4108,Medium,Train
11451,1,1,0.5023,Medium,Train
11453,1,1,0.5516,Medium,Train
11454,1,0,0.3922,Medium,Train
11455,1,1,0.5973,Medium,Train
11456,1,1,0.5992,Medium,Train
11457,0,0,0.4176,Medium,Train
11458,1,1,0.5474,Medium,Train
11460,1,0,0.4874,Medium,Test
11461,1,1,0.6667,High,Train
11463,1,0,0.4565,Medium,Train
11467,0,0,0.4306,Medium,Train
11468,1,0,0.4925,Medium,Train
11471,1,1,0.5633,Medium,Test
11474,1,0,0.4877,Medium,Train
11475,1,1,0.5554,Medium,Train
11476,1,0,0.3721,Medium,Train
11477,1,0,0.4989,Medium,Train
11478,1,0,0.489,Medium,Train
11479,1,1,0.5324,Medium,Train
11480,0,1,0.5243,Medium,Train
11481,1,0,0.4542,Medium,Train
11482,0,0,0.4095,Medium,Train
11484,1,1,0.6159,Medium,Train
11485,0,1,0.5442,Medium,Train
11487,1,1,0.5529,Medium,Train
11488,1,0,0.4365,Medium,Train
11489,1,0,0.4953,Medium,Test
11490,0,0,0.4213,Medium,Train
11491,1,1,0.5841,Medium,Train
11492,1,1,0.5251,Medium,Train
11493,1,0,0.4569,Medium,Test
11494,1,1,0.7198,High,Train
11495,1,1,0.537,Medium,Test
11496,1,1,0.593,Medium,Train
11497,1,1,0.5021,Medium,Train
11498,1,1,0.5132,Medium,Train
11499,1,0,0.4676,Medium,Test
11500,1,1,0.6578,Medium,Test
11501,1,1,0.5496,Medium,Test
11503,1,1,0.56,Medium,Train
11504,1,1,0.5002,Medium,Train
11506,0,1,0.6383,Medium,Test
11507,1,0,0.3648,Medium,Train
11508,1,1,0.5402,Medium,Train
11509,1,0,0.4569,Medium,Train
11510,1,1,0.6048,Medium,Train
11512,1,0,0.438,Medium,Train
11514,1,1,0.5324,Medium,Test
11515,0,0,0.4929,Medium,Train
11516,1,1,0.5338,Medium,Test
11517,1,1,0.5428,Medium,Train
11518,1,0,0.4888,Medium,Train
11519,1,1,0.514,Medium,Train
11520,1,0,0.4824,Medium,Train
11522,1,1,0.5096,Medium,Train
11523,0,1,0.5753,Medium,Train
11524,1,1,0.5298,Medium,Train
11525,0,0,0.4238,Medium,Train
11526,1,1,0.5293,Medium,Train
11529,1,1,0.5447,Medium,Train
11530,1,0,0.4002,Medium,Test
11532,1,0,0.4565,Medium,Train
11533,1,1,0.6812,High,Test
11534,1,1,0.5091,Medium,Train
11536,1,1,0.6225,Medium,Train
11537,1,0,0.4317,Medium,Test
11538,1,1,0.6672,High,Train
11539,0,0,0.4792,Medium,Train
11540,1,0,0.4152,Medium,Train
11542,1,1,0.5744,Medium,Train
11544,1,1,0.5472,Medium,Test
11546,1,1,0.523,Medium,Train
11547,1,0,0.4361,Medium,Train
11551,0,0,0.4111,Medium,Train
11552,1,1,0.5388,Medium,Train
11556,1,1,0.5283,Medium,Test
11557,1,1,0.5074,Medium,Test
11558,1,1,0.5604,Medium,Train
11561,0,0,0.4958,Medium,Test
11562,0,0,0.4645,Medium,Train
11563,1,0,0.458,Medium,Train
11565,1,1,0.5491,Medium,Test
11566,0,0,0.3505,Medium,Train
11567,1,1,0.5923,Medium,Train
11568,1,1,0.626,Medium,Train
11570,1,0,0.4535,Medium,Test
11573,1,1,0.6339,Medium,Train
11574,1,1,0.59,Medium,Train
11575,1,1,0.5781,Medium,Train
11576,1,1,0.5851,Medium,Train
11577,1,0,0.4309,Medium,Train
11578,1,0,0.4104,Medium,Train
11579,1,0,0.412,Medium,Train
11582,1,0,0.4555,Medium,Train
11583,1,1,0.5363,Medium,Train
11584,0,0,0.4778,Medium,Test
11585,1,1,0.5139,Medium,Train
11587,1,0,0.4912,Medium,Train
11589,1,0,0.4495,Medium,Train
11590,1,1,0.5078,Medium,Train
11591,1,0,0.4705,Medium,Train
11592,1,1,0.5486,Medium,Train
11593,1,1,0.5173,Medium,Train
11594,1,1,0.5029,Medium,Train
11595,1,0,0.4569,Medium,Train
11596,1,0,0.4884,Medium,Train
11597,1,0,0.4751,Medium,Train
11598,1,0,0.4689,Medium,Test
11599,1,0,0.4396,Medium,Test
11600,0,0,0.4531,Medium,Train
11601,1,0,0.4618,Medium,Train
11602,1,1,0.5401,Medium,Train
11603,1,1,0.5131,Medium,Train
11604,1,0,0.4886,Medium,Test
11605,1,1,0.5174,Medium,Train
11606,1,1,0.5522,Medium,Test
11608,1,1,0.6999,High,Test
11610,1,1,0.5129,Medium,Train
11611,0,1,0.5121,Medium,Train
11612,1,0,0.4414,Medium,Test
11613,1,0,0.4438,Medium,Train
11614,1,0,0.4785,Medium,Train
11615,0,1,0.5838,Medium,Train
11616,1,0,0.4007,Medium,Train
11618,1,1,0.5085,Medium,Test
11622,1,0,0.4683,Medium,Test
11623,1,1,0.5316,Medium,Train
11624,1,1,0.5257,Medium,Test
11625,1,1,0.5037,Medium,Train
11626,1,0,0.4796,Medium,Train
11627,0,1,0.6362,Medium,Test
11628,0,1,0.5652,Medium,Train
11629,1,1,0.6539,Medium,Test
11630,0,0,0.4945,Medium,Train
11631,0,1,0.5104,Medium,Test
11632,1,0,0.4904,Medium,Train
11633,0,1,0.5004,Medium,Train
11635,1,0,0.4818,Medium,Test
11636,1,1,0.5116,Medium,Train
11637,1,0,0.4592,Medium,Test
11638,1,0,0.4049,Medium,Train
11639,1,0,0.4244,Medium,Train
11640,1,0,0.4947,Medium,Train
11641,1,0,0.4658,Medium,Train
11643,1,0,0.4773,Medium,Train
11644,1,1,0.505,Medium,Train
11645,1,0,0.4605,Medium,Test
11646,1,0,0.4143,Medium,Train
11647,1,0,0.4913,Medium,Train
11648,1,1,0.5477,Medium,Train
11649,0,1,0.5007,Medium,Train
11652,1,0,0.4855,Medium,Train
11653,1,0,0.4603,Medium,Test
11654,1,0,0.4919,Medium,Train
11655,1,0,0.4264,Medium,Train
11658,1,1,0.6268,Medium,Train
11659,0,0,0.4673,Medium,Train
11660,1,0,0.4411,Medium,Train
11661,1,0,0.436,Medium,Train
11662,1,1,0.5486,Medium,Train
11664,1,1,0.6695,High,Train
11666,0,0,0.4466,Medium,Train
11667,1,1,0.5222,Medium,Train
11668,1,1,0.5594,Medium,Train
11669,1,0,0.4282,Medium,Train
11670,1,1,0.5154,Medium,Train
11671,0,0,0.4759,Medium,Train
11672,1,0,0.4527,Medium,Train
11673,1,1,0.6729,High,Train
11674,1,1,0.5482,Medium,Train
11675,0,0,0.4633,Medium,Train
11676,1,1,0.592,Medium,Train
11677,1,1,0.5112,Medium,Train
11678,1,1,0.5682,Medium,Train
11679,1,1,0.7013,High,Train
11680,1,1,0.5022,Medium,Train
11681,1,1,0.5277,Medium,Train
11682,1,0,0.4562,Medium,Train
11683,1,0,0.4584,Medium,Train
11686,1,1,0.5773,Medium,Train
11687,1,0,0.4831,Medium,Train
11688,1,0,0.491,Medium,Train
11691,1,0,0.4818,Medium,Test
11692,1,0,0.4631,Medium,Train
11695,1,1,0.5492,Medium,Train
11696,1,0,0.4575,Medium,Test
11698,1,1,0.553,Medium,Test
11699,0,0,0.415,Medium,Train
11701,1,0,0.4202,Medium,Test
11702,0,1,0.6877,High,Train
11703,1,0,0.455,Medium,Train
11704,1,1,0.5187,Medium,Train
11705,1,0,0.4863,Medium,Train
11707,1,0,0.4226,Medium,Train
11710,1,0,0.4179,Medium,Train
11711,1,1,0.5759,Medium,Train
11712,1,1,0.7008,High,Test
11713,1,1,0.5609,Medium,Train
11714,1,1,0.6183,Medium,Train
11717,1,0,0.4381,Medium,Train
11718,1,0,0.4759,Medium,Train
11719,1,0,0.4725,Medium,Test
11721,1,0,0.46,Medium,Train
11722,1,0,0.4291,Medium,Train
11723,0,0,0.3998,Medium,Train
11724,1,0,0.496,Medium,Test
11726,1,1,0.5537,Medium,Train
11727,1,0,0.3863,Medium,Train
11728,0,1,0.6073,Medium,Test
11729,0,1,0.5067,Medium,Train
11731,1,0,0.4159,Medium,Test
11732,1,0,0.4316,Medium,Train
11733,1,1,0.5004,Medium,Train
11734,1,1,0.5852,Medium,Train
11736,1,1,0.5897,Medium,Train
11737,1,1,0.5772,Medium,Train
11738,1,1,0.5082,Medium,Train
11739,1,0,0.4661,Medium,Train
11740,1,1,0.5027,Medium,Train
11741,0,1,0.5601,Medium,Train
11742,1,1,0.5439,Medium,Train
11743,1,1,0.5074,Medium,Train
11744,1,0,0.4734,Medium,Train
11745,1,1,0.6311,Medium,Train
11746,1,1,0.581,Medium,Test
11747,0,0,0.4723,Medium,Train
11748,1,0,0.4771,Medium,Train
11749,0,0,0.482,Medium,Train
11750,1,1,0.5225,Medium,Train
11751,1,1,0.5228,Medium,Train
11753,1,0,0.4893,Medium,Train
11754,1,0,0.4891,Medium,Train
11756,1,0,0.497,Medium,Train
11757,1,1,0.5148,Medium,Test
11758,1,1,0.517,Medium,Train
11759,0,1,0.568,Medium,Train
11760,1,0,0.4177,Medium,Train
11761,1,1,0.5125,Medium,Test
11763,1,0,0.4647,Medium,Test
11764,1,0,0.4529,Medium,Train
11766,0,1,0.5217,Medium,Test
11767,1,0,0.4601,Medium,Train
11769,1,1,0.5828,Medium,Test
11772,1,0,0.3922,Medium,Train
11773,0,1,0.5563,Medium,Train
11777,1,1,0.634,Medium,Train
11778,0,1,0.5393,Medium,Test
11779,1,0,0.4784,Medium,Train
11781,1,0,0.496,Medium,Train
11782,1,0,0.4632,Medium,Test
11783,1,0,0.4699,Medium,Test
11784,1,0,0.4395,Medium,Train
11785,1,1,0.5446,Medium,Test
11787,0,0,0.485,Medium,Test
11788,1,0,0.4625,Medium,Train
11789,0,1,0.6018,Medium,Train
11790,1,1,0.6348,Medium,Train
11791,1,1,0.5485,Medium,Train
11792,1,1,0.657,Medium,Test
11793,1,1,0.6807,High,Train
11794,1,0,0.4506,Medium,Train
11796,1,1,0.5194,Medium,Test
11798,0,1,0.5564,Medium,Train
11799,1,1,0.5302,Medium,Train
11800,1,1,0.5229,Medium,Train
11801,1,1,0.5104,Medium,Train
11802,1,1,0.5651,Medium,Train
11803,0,1,0.6034,Medium,Train
11805,1,1,0.6158,Medium,Train
11806,0,0,0.4783,Medium,Train
11807,1,1,0.5727,Medium,Train
11808,1,0,0.4578,Medium,Train
11810,0,1,0.5976,Medium,Train
11811,1,0,0.4772,Medium,Train
11813,1,0,0.4807,Medium,Test
11814,1,0,0.4412,Medium,Train
11815,1,1,0.6881,High,Train
11816,1,1,0.5687,Medium,Train
11817,1,1,0.5881,Medium,Train
11818,1,1,0.5392,Medium,Train
11819,1,0,0.4729,Medium,Train
11820,1,0,0.4215,Medium,Test
11822,0,0,0.4257,Medium,Train
11823,1,1,0.6761,High,Test
11824,1,0,0.4012,Medium,Train
11825,1,0,0.3989,Medium,Train
11826,1,1,0.6668,High,Train
11827,1,1,0.5605,Medium,Train
11829,1,0,0.4401,Medium,Train
11830,1,0,0.3885,Medium,Test
11831,1,0,0.4761,Medium,Train
11834,1,1,0.6811,High,Train
11836,1,1,0.6966,High,Train
11837,1,0,0.4524,Medium,Train
11838,0,0,0.4282,Medium,Train
11839,1,0,0.4749,Medium,Train
11841,0,1,0.5234,Medium,Train
11842,1,1,0.5153,Medium,Test
11843,1,1,0.6177,Medium,Train
11844,1,0,0.4077,Medium,Train
11845,0,1,0.5217,Medium,Train
11846,1,1,0.5994,Medium,Train
11848,1,0,0.4445,Medium,Train
11849,1,0,0.4279,Medium,Train
11851,1,1,0.5464,Medium,Train
11852,1,0,0.4369,Medium,Train
11853,1,0,0.3686,Medium,Train
11854,1,0,0.4745,Medium,Test
11856,1,1,0.6093,Medium,Train
11857,1,0,0.4364,Medium,Train
11858,1,1,0.5295,Medium,Train
11859,0,0,0.4722,Medium,Train
11861,1,1,0.6098,Medium,Test
11863,0,0,0.48,Medium,Train
11864,1,0,0.4385,Medium,Test
11865,1,0,0.4442,Medium,Train
11866,1,1,0.5051,Medium,Train
11868,1,1,0.5251,Medium,Train
11869,0,0,0.4486,Medium,Test
11870,1,1,0.5928,Medium,Train
11871,1,0,0.4319,Medium,Test
11872,1,1,0.5166,Medium,Train
11875,1,1,0.5673,Medium,Train
11876,1,1,0.6117,Medium,Train
11877,1,1,0.5058,Medium,Train
11878,1,1,0.5164,Medium,Train
11879,1,1,0.5147,Medium,Train
11881,1,1,0.7646,High,Test
11882,1,0,0.4297,Medium,Train
11884,1,0,0.4999,Medium,Train
11885,1,0,0.4587,Medium,Test
11887,1,1,0.5534,Medium,Test
11888,1,0,0.4421,Medium,Train
11892,1,0,0.4926,Medium,Test
11894,1,1,0.5576,Medium,Train
11897,0,0,0.4479,Medium,Test
11899,0,1,0.5473,Medium,Train
11900,1,1,0.52,Medium,Train
11901,0,0,0.4543,Medium,Train
11902,1,1,0.5999,Medium,Train
11903,1,0,0.4952,Medium,Train
11905,1,1,0.538,Medium,Train
11908,0,1,0.5306,Medium,Train
11909,0,0,0.4571,Medium,Train
11910,1,0,0.467,Medium,Test
11911,1,1,0.5262,Medium,Train
11912,1,1,0.5541,Medium,Train
11913,1,0,0.4787,Medium,Train
11915,1,1,0.5826,Medium,Train
11916,1,1,0.6119,Medium,Train
11918,1,1,0.5919,Medium,Train
11919,1,1,0.5252,Medium,Train
11920,1,1,0.6408,Medium,Train
11923,0,1,0.5619,Medium,Train
11925,1,0,0.4887,Medium,Train
11926,1,0,0.4065,Medium,Train
11927,1,0,0.4436,Medium,Train
11928,1,1,0.5725,Medium,Test
11929,1,1,0.557,Medium,Train
11930,0,1,0.5584,Medium,Train
11931,1,0,0.386,Medium,Test
11933,1,0,0.4459,Medium,Test
11934,1,1,0.5287,Medium,Train
11935,1,1,0.5552,Medium,Train
11936,1,1,0.5089,Medium,Train
11937,1,0,0.3965,Medium,Train
11938,1,0,0.4794,Medium,Train
11940,1,0,0.4073,Medium,Train
11941,1,0,0.4273,Medium,Train
11942,0,1,0.6081,Medium,Test
11943,1,0,0.3725,Medium,Train
11944,1,1,0.5248,Medium,Train
11945,0,0,0.4346,Medium,Train
11946,1,0,0.4417,Medium,Train
11947,0,1,0.5231,Medium,Test
11948,1,1,0.5146,Medium,Test
11949,1,1,0.5037,Medium,Train
11950,0,1,0.5027,Medium,Train
11951,1,1,0.5849,Medium,Train
11952,1,0,0.46,Medium,Train
11953,1,1,0.6089,Medium,Train
11954,1,1,0.6233,Medium,Train
11955,1,1,0.5653,Medium,Train
11956,1,0,0.4987,Medium,Test
11957,1,0,0.4919,Medium,Train
11958,1,0,0.4387,Medium,Train
11959,0,0,0.4487,Medium,Train
11960,1,1,0.5036,Medium,Test
11961,1,0,0.4363,Medium,Test
11962,1,0,0.4532,Medium,Train
11963,1,1,0.5219,Medium,Train
11964,1,0,0.4674,Medium,Train
11965,1,1,0.5052,Medium,Train
11966,0,0,0.4689,Medium,Train
11968,1,1,0.5264,Medium,Train
11969,1,0,0.452,Medium,Test
11970,0,0,0.4953,Medium,Train
11971,1,1,0.546,Medium,Train
11972,1,0,0.4326,Medium,Train
11973,1,0,0.4143,Medium,Train
11975,1,0,0.4524,Medium,Train
11976,1,1,0.5278,Medium,Train
11977,1,1,0.5384,Medium,Train
11979,1,0,0.4311,Medium,Train
11980,1,0,0.4291,Medium,Test
11981,1,0,0.477,Medium,Test
11982,1,0,0.499,Medium,Train
11983,1,1,0.706,High,Train
11985,1,0,0.4776,Medium,Test
11986,1,0,0.4243,Medium,Train
11987,1,1,0.5183,Medium,Test
11988,1,1,0.5049,Medium,Train
11989,1,0,0.4834,Medium,Train
11991,1,0,0.4443,Medium,Train
11992,1,1,0.5411,Medium,Train
11993,1,1,0.5153,Medium,Train
11994,1,1,0.5074,Medium,Test
11995,1,1,0.6183,Medium,Train
11996,1,1,0.551,Medium,Train
11998,1,0,0.4927,Medium,Test
11999,1,0,0.4578,Medium,Train
